Name,Brand,Selling Price,MRP,Discount,Ratings,No_of_ratings,Details,Category
Lenovo IdeaPad 3 Core i3 11th Gen - (8 GB/256 GB SSD/Windows 11 Home) 14ITL05 Thin and Light Laptop,Lenovo,36990,60890,39% off,4.2,670 Ratings & 54 Reviews,['Intel Core i3 Processor (11th Gen)' '8 GB DDR4 RAM' '64 bit Windows 11 Operating System' '256 GB SSD' '35.56 cm (14 inch) Display' 'Office Home and Student 2021' '2 Year Onsiteï¿½Warranty'],laptops
Lenovo IdeaPad 3 Core i3 11th Gen - (8 GB/512 GB SSD/Windows 11 Home) 82H801L7IN | 82H802FJIN | 82H802...,Lenovo,37990,59390,36% off,4.2,3803 Ratings & 362 Reviews,['Intel Core i3 Processor (11th Gen)' '8 GB DDR4 RAM' '64 bit Windows 11 Operating System' '512 GB SSD' '39.62 cm (15.6 inch) Display' 'Office Home and Student 2021' '2 Year Onsiteï¿½Warranty'],laptops
ASUS VivoBook 15 (2022) Core i3 10th Gen - (8 GB/512 GB SSD/Windows 11 Home) X515JA-EJ362WS | X515JA-E...,ASUS,32990,45990,28% off,4.3,8727 Ratings & 876 Reviews,['Intel Core i3 Processor (10th Gen)' '8 GB DDR4 RAM' '64 bit Windows 11 Operating System' '512 GB SSD' '39.62 cm (15.6 inch) Display' 'Office Home and Student 2021' '1 Year Onsite Warranty'],laptops
realme Book (Slim) Core i3 11th Gen - (8 GB/256 GB SSD/Windows 10 Home) RMNB1001 Thin and Light Laptop,realme,46990,54999,14% off,4.4,11894 Ratings & 1773 Reviews,['Stylish & Portable Thin and Light Laptop' '14 inch 2K QHD IPS LCD Display ( 400nits peak brightness 100% sRGB 3:2 aspect ratio Full Vision Display)' 'Finger Print Sensor for Faster System Access' 'Light Laptop without Optical Disk Drive' 'Intel Core i3 Processor (11th Gen)' '8 GB DDR4 RAM' '64 bit Windows 10 Operating System' '256 GB SSD' '35.56 cm (14 inch) Display' 'NA' '1 Year Domestic Warranty'],laptops
DELL Inspiron Core i3 11th Gen - (8 GB/1 TB HDD/256 GB SSD/Windows 11 Home) D560841WIN9S Thin and Ligh...,DELL,38990,61202,36% off,4.3,65 Ratings & 6 Reviews,"['Processor: Intel i3-1115G4 (Base- 1.70 GHz & Turbo up to 4.10 GHz) 2 Cores' 'RAM & Storage: 8GB DDR4 & 1TB + 256GB SSD' 'Graphics & Keyboard: Integrated & Standard Keyboard' 'Display: 15.6"" FHD WVA AG Narrow Border' 'Ports: 2x USB 3.2 Gen1 1x USB 2.0 HDMI 1.4 SD Card reader Audio jack 1 M.2 2230/2280 slot for solid-state drive/Intel Optane' 'Intel Core i3 Processor (11th Gen)' '8 GB DDR4 RAM' 'Windows 11 Operating System' '1 TB HDD|256 GB SSD' '39.62 cm (15.6 inch) Display' '1 YEAR']",laptops
HP 14s Intel Core i3 11th Gen - (8 GB/512 GB SSD/Windows 11 Home) 14s - dy2508TU Thin and Light Laptop,HP,40990,49509,17% off,4.2,3068 Ratings & 277 Reviews,['Intel Core i3 Processor (11th Gen)' '8 GB DDR4 RAM' '64 bit Windows 11 Operating System' '512 GB SSD' '35.56 cm (14 inch) Display' 'Microsoft Office Home & Student 2021' '1 Year Onsite Warranty'],laptops
Lenovo IdeaPad 3 Ryzen 5 Hexa Core 5500U - (8 GB/512 GB SSD/Windows 11 Home) 15ALC6 Thin and Light Lap...,Lenovo,44990,68490,34% off,4.3,1360 Ratings & 159 Reviews,['AMD Ryzen 5 Hexa Core Processor' '8 GB DDR4 RAM' '64 bit Windows 11 Operating System' '512 GB SSD' '39.62 cm (15.6 inch) Display' 'Office Home and Student 2021' '2 Years Onsiteï¿½Warranty'],laptops
Lenovo IdeaPad 1 Ryzen 5 Quad Core 3500U - (8 GB/512 GB SSD/Windows 11 Home) 15ADA7 Thin and Light Lap...,Lenovo,38705,60090,35% off,4.2,583 Ratings & 68 Reviews,['AMD Ryzen 5 Quad Core Processor' '8 GB DDR4 RAM' '64 bit Windows 11 Operating System' '512 GB SSD' '39.62 cm (15.6 Inch) Display' '2 Years Onsiteï¿½Warranty'],laptops
APPLE 2020 Macbook Air M1 - (8 GB/256 GB SSD/Mac OS Big Sur) MGN63HN/A,APPLE,88990,99900,10% off,4.7,8401 Ratings & 758 Reviews,['Apple M1 Processor' '8 GB DDR4 RAM' 'Mac OS Operating System' '256 GB SSD' '33.78 cm (13.3 inch) Display' 'Built-in Apps: iMovie Siri GarageBand Pages Numbers Photos Keynote Safari Mail FaceTime Messages Maps Stocks Home Voice Memos Notes Calendar Contacts Reminders Photo Booth Preview Books App Store Time Machine TV Music Podcasts Find My QuickTime Player' '1 Year Limited Warra\xadnty'],laptops
Lenovo IdeaPad 1 Ryzen 3 Dual Core 3250U - (8 GB/512 GB SSD/Windows 11 Home) 15ADA7 Thin and Light Lap...,Lenovo,35590,54490,34% off,4.2,650 Ratings & 63 Reviews,['AMD Ryzen 3 Dual Core Processor' '8 GB DDR4 RAM' '64 bit Windows 11 Operating System' '512 GB SSD' '39.62 cm (15.6 Inch) Display' '2 Years Onsiteï¿½Warranty'],laptops
Lenovo IdeaPad Gaming 3 Ryzen 5 Hexa Core AMD R5-5600H - (8 GB/512 GB SSD/Windows 11 Home/4 GB Graphic...,Lenovo,64490,95790,32% off,4.3,8 Ratings & 1 Reviews,['AMD Ryzen 5 Hexa Core Processor' '8 GB DDR4 RAM' '64 bit Windows 11 Operating System' '512 GB SSD' '39.62 cm (15.6 inch) Display' 'NA' '1 Year Onsiteï¿½Warrantyï¿½+ 1 Year Premium Care + 1 Year Accidental Damage Protection'],laptops
Infinix INBook X1 Neo Series Celeron Quad Core - (8 GB/256 GB SSD/Windows 11 Home) XL22 Thin and Light...,Infinix,22990,39990,42% off,4.2,2999 Ratings & 439 Reviews,['Intel Celeron Quad Core Processor' '8 GB LPDDR4X RAM' '64 bit Windows 11 Operating System' '256 GB SSD' '35.56 cm (14 inch) Display' '1 Year Onsite Warranty'],laptops
acer Aspire 7 Ryzen 5 Hexa Core AMD R5-5500U - (8 GB/512 GB SSD/Windows 11 Home/4 GB Graphics/NVIDIA G...,acer,47990,76999,37% off,4.4,5138 Ratings & 642 Reviews,['Free upgrade to Windows 11 when available' 'AMD Ryzen 5 Hexa Core Processor' '8 GB DDR4 RAM' '64 bit Windows 11 Operating System' '512 GB SSD' '39.62 cm (15.6 inch) Display' 'Acer Collection  Acer Product Registration Acer Care Center Quick Access' '1 Year International Travelers Warranty (ITW)'],laptops
ASUS VivoBook K15 OLED (2022) Core i3 11th Gen - (8 GB/256 GB SSD/Windows 11 Home) K513EA-L302WS Thin ...,ASUS,40990,58990,30% off,4.4,1342 Ratings & 227 Reviews,['Intel Core i3 Processor (11th Gen)' '8 GB DDR4 RAM' '64 bit Windows 11 Operating System' '256 GB SSD' '39.62 cm (15.6 inch) Display' 'Office Home and Student 2021' '1 Year Onsite Warranty'],laptops
ASUS VivoBook 14 (2022) Ryzen 7 Quad Core AMD R7-3700U - (16 GB/512 GB SSD/Windows 11 Home) M415DA-EB5...,ASUS,44990,70990,36% off,4.1,1073 Ratings & 103 Reviews,['AMD Ryzen 7 Quad Core Processor' '16 GB DDR4 RAM' '64 bit Windows 11 Operating System' '512 GB SSD' '35.56 cm (14 inch) Display' 'Office Home and Student 2021' '1 Year Onsite Warranty'],laptops
Lenovo Thinkpad Ryzen 5 Hexa Core 5600U - (8 GB/512 GB SSD/DOS) E14 AMD Gen3 Thin and Light Laptop,Lenovo,69990,78400,10% off,4.5,48 Ratings & 6 Reviews,['AMD Ryzen 5 Hexa Core Processor' '8 GB DDR4 RAM' '64 bit DOS Operating System' '512 GB SSD' '35.56 cm (14 inch) Display' '1 Year Onsite Warranty'],laptops
Lenovo Core i3 11th Gen - (4 GB/256 GB SSD/Windows 10 Home) V15 ITL G2 Thin and Light Laptop,Lenovo,38990,51544,24% off,4.3,159 Ratings & 14 Reviews,['Intel Core i3 Processor (11th Gen)' '4 GB DDR4 RAM' '64 bit Windows 10 Operating System' '256 GB SSD' '38.1 cm (15 inch) Display' 'Microsoft Office Home & Student 2019' '1 Year Onsite Warranty'],laptops
HP Pavilion Ryzen 5 Hexa Core AMD R5-5600H - (8 GB/512 GB SSD/Windows 11 Home/4 GB Graphics/NVIDIA GeF...,HP,59990,81869,26% off,4.5,155 Ratings & 25 Reviews,['AMD Ryzen 5 Hexa Core Processor' '8 GB DDR4 RAM' '64 bit Windows 11 Operating System' '512 GB SSD' '39.62 cm (15.6 inch) Display' 'Microsoft Office Home & Student 2019' '1 Year Onsite Warranty'],laptops
HP 15s Intel Core i5 12th Gen - (8 GB/512 GB SSD/Windows 11 Home) 15s-fq5111TU Thin and Light Laptop,HP,58990,67832,13% off,4.2,1664 Ratings & 145 Reviews,['Intel Core i5 Processor (12th Gen)' '8 GB DDR4 RAM' '64 bit Windows 11 Operating System' '512 GB SSD' '39.62 cm (15.6 inch) Display' '1 Year Onsite Warranty'],laptops
Lenovo ThinkBook 13s Core i5 11th Gen - (8 GB/512 GB SSD/Windows 10 Home) TB13s ITL Gen 2 Thin and Lig...,Lenovo,73990,112608,34% off,4.0,154 Ratings & 20 Reviews,['Intel Core i5 Processor (11th Gen)' '8 GB DDR4 RAM' '64 bit Windows 10 Operating System' '512 GB SSD' '33.02 cm (13 inch) Display' 'Microsoft Office Home & Student 2019' '1 Year Onsite Warranty'],laptops
Lenovo IdeaPad Gaming Core i5 11th Gen - (8 GB/512 GB SSD/Windows 11 Home/4 GB Graphics/NVIDIA GeForce...,Lenovo,51990,76890,32% off,4.3,2254 Ratings & 194 Reviews,['Intel Core i5 Processor (11th Gen)' '8 GB DDR4 RAM' '64 bit Windows 11 Operating System' '512 GB SSD' '39.62 cm (15.6 Inch) Display' '1 Year Onsite Warranty + 1 Year Premium Care + 1 Year Accidentaly Damage Protection'],laptops
acer Aspire 7 Core i5 12th Gen - (16 GB/512 GB SSD/Windows 11 Home/4 GB Graphics/NVIDIA GeForce GTX 16...,acer,58990,94999,37% off,4.3,2582 Ratings & 306 Reviews,['Intel Core i5 Processor (12th Gen)' '16 GB DDR4 RAM' '64 bit Windows 11 Operating System' '512 GB SSD' '39.62 cm (15.6 inch) Display' 'Acer Care Center Acer Product Registration Nitro Sense Quick Access' '1 Year International Travelers Warranty (ITW)'],laptops
ASUS TUF Gaming A15 with 90Whr Battery Ryzen 7 Octa Core 5800H - (16 GB/512 GB SSD/Windows 11 Home/6 G...,ASUS,89990,107990,16% off,4.6,105 Ratings & 14 Reviews,['AMD Ryzen 7 Octa Core Processor' '16 GB DDR4 RAM' '64 bit Windows 11 Operating System' '512 GB SSD' '39.62 cm (15.6 Inch) Display' '1 Year Onsite Warranty'],laptops
HP Ryzen 3 Dual Core 3250U - (8 GB/256 GB SSD/Windows 11 Home) 15s-ey1508AU Thin and Light Laptop,HP,27123,43631,37% off,4.1,783 Ratings & 76 Reviews,['AMD Ryzen 3 Dual Core Processor' '8 GB DDR4 RAM' '64 bit Windows 11 Operating System' '256 GB SSD' '39.62 cm (15.6 mm) Display' 'Microsoft Office 2021 Home and Student HP Documentation HP BIOS recovery HP Smart' '1 Year Onsite Warranty'],laptops
ASUS VivoBook 15 (2022) Core i5 11th Gen - (8 GB/1 TB HDD/256 GB SSD/Windows 11 Home) X515EA-EJ502WS T...,ASUS,47990,72990,34% off,4.3,3382 Ratings & 299 Reviews,['Intel Core i5 Processor (11th Gen)' '8 GB DDR4 RAM' '64 bit Windows 11 Operating System' '1 TB HDD|256 GB SSD' '39.62 cm (15.6 inch) Display' 'Office Home and Student 2021' '1 Year Onsite Warranty'],laptops
realme Book(Slim) Intel Evo Core i5 11th Gen - (8 GB/512 GB SSD/Windows 10 Home) RMNB1002 Thin and Lig...,realme,59990,69999,14% off,4.4,6702 Ratings & 889 Reviews,['Powered by 11th Gen Intel Evo Core i5 Processor' 'Microsoft Office 2019 Home & Student Included' 'Stylish Thin and Light Laptop without Optical Disk Drive' 'Intel Core i5 Processor (11th Gen)' '8 GB DDR4 RAM' '64 bit Windows 10 Operating System' '512 GB SSD' '35.56 cm (14 inch) Display' 'Microsoft Office 2019 Home & Student' '1 Year Domestic Warranty'],laptops
MSI GF63 Thin Core i5 11th Gen - (8 GB/512 GB SSD/Windows 11 Home/4 GB Graphics/NVIDIA GeForce GTX 165...,MSI,51990,64990,20% off,4.4,345 Ratings & 34 Reviews,['Intel Core i5 Processor (11th Gen)' '8 GB DDR4 RAM' '64 bit Windows 11 Operating System' '512 GB SSD' '39.62 cm (15.6 inch) Display' 'Windows 11 Home MSI Center CoolerBoost' '2 Year On-Site & Carry-In Warranty'],laptops
ASUS Vivobook 15 Core i3 10th Gen - (8 GB/512 GB SSD/Windows 11 Home) X515JA-EJ382WS X515JA Laptop,ASUS,33849,45990,26% off,4.2,137 Ratings & 13 Reviews,['Intel Core i3 Processor (10th Gen)' '8 GB DDR4 RAM' '64 bit Windows 11 Operating System' '512 GB SSD' '39.62 cm (15.6 inch) Display' 'Windows 11 Microsoft Office H&S 2021 1 Year McAfee' '1 Year Onsite Warranty'],laptops
Infinix INBook X2 Plus Core i7 11th Gen - (16 GB/512 GB SSD/Windows 11 Home) XL25 Thin and Light Lapto...,Infinix,52990,79990,33% off,4.8,13 Ratings & 3 Reviews,['Intel Core i7 Processor (11th Gen)' '16 GB LPDDR4X RAM' '64 bit Windows 11 Operating System' '512 GB SSD' '39.62 cm (15.6 Inch) Display' '1 Year Onsite Warranty'],laptops
HP Ryzen 5 Hexa Core 5500U - (8 GB/512 GB SSD/Windows 11 Home) 15s- eq2144au Thin and Light Laptop,HP,50990,58647,13% off,4.3,845 Ratings & 71 Reviews,['AMD Ryzen 5 Hexa Core Processor' '8 GB DDR4 RAM' '64 bit Windows 11 Operating System' '512 GB SSD' '39.62 cm (15.6 inch) Display' 'Microsoft Office Home 2019 & Office 365 HP Documentation HP SSRM HP Smart' '1 Year Onsite Warranty'],laptops
DELL Inspiron Athlon Dual Core 3050U - (8 GB/256 GB SSD/Windows 11 Home) Inspiron 3525 Notebook,DELL,31990,46263,30% off,4.2,930 Ratings & 73 Reviews,"['Processor: AMD Athlon Silver 3050U (2.30 GHz up to 3.20 GHz)' 'RAM & Storage: 8GB DDR4 & 256GB SSD' 'Display: 15.6"" HD AG Narrow Border' 'Software: Win 11 + Office H&S 2021' 'Ports: 2 USB 3.2 Gen 1 ports 1 USB 2.0 port 1 Headset jack 1 HDMI 1.4 port* 1 SD 3.0 card slot' 'WiFi & BT: 802.11ac 1x1 WiFi and Bluetooth' 'AMD Athlon Dual Core Processor' '8 GB DDR4 RAM' '64 bit Windows 11 Operating System' '256 GB SSD' '39.62 cm (15.6 Inch) Display' '1 Year Onsite Warranty']",laptops
ASUS TUF Gaming A17 with 90Whr Battery Ryzen 5 Hexa Core AMD R5-4600H - (8 GB/512 GB SSD/Windows 11 Ho...,ASUS,52990,71990,26% off,4.4,1042 Ratings & 129 Reviews,['AMD Ryzen 5 Hexa Core Processor' '8 GB DDR4 RAM' '64 bit Windows 11 Operating System' '512 GB SSD' '43.94 cm (17.3 Inch) Display' '1 Year Onsite Warranty'],laptops
RedmiBook Pro Core i3 11th Gen - (8 GB/256 GB SSD/Windows 11 Home) Thin and Light Laptop,RedmiBook,31990,51999,38% off,4.2,3884 Ratings & 451 Reviews,['Intel Core i3 Processor (11th Gen)' '8 GB DDR4 RAM' 'Windows 11 Operating System' '256 GB SSD' '39.62 cm (15.6 inch) Display' 'MS Office Home & Student 2019 Mi Smart Share DTS Audio processing' '1 Year Onsite Warranty'],laptops
ASUS Vivobook 15 Core i3 10th Gen - (8 GB/256 GB SSD/Windows 11 Home) X515JA-EJ312WS Thin and Light La...,ASUS,32990,43990,25% off,4.3,668 Ratings & 68 Reviews,['Intel Core i3 Processor (10th Gen)' '8 GB DDR4 RAM' '64 bit Windows 11 Operating System' '256 GB SSD' '39.62 cm (15.6 Inch) Display' '1 Year Onsite Warranty'],laptops
Infinix X1 Slim Series Core i3 10th Gen - (8 GB/512 GB SSD/Windows 11 Home) XL21 Thin and Light Laptop,Infinix,32990,54999,40% off,4.3,1454 Ratings & 234 Reviews,['Intel Core i3 Processor (10th Gen)' '8 GB LPDDR4X RAM' '64 bit Windows 11 Operating System' '512 GB SSD' '35.56 cm (14 inch) Display' 'NA' '1 Year Onsite Warranty'],laptops
DELL Ryzen 3 Quad Core 5425U - (8 GB/256 GB SSD/Windows 11 Home) Vostro 3425 Thin and Light Laptop,DELL,34990,50837,31% off,4.5,49 Ratings & 7 Reviews,"['Processor: R3-5425U (2.70 GHz up to 4.1 GHz)' 'RAM & Storage: 8GB DDR4 & 256GB SSD' 'Display:14.0"" FHD WVA AG Narrow Border 250 nits' 'Software: Win 11 + Office H&S 2021' 'Ports: 1 USB3.2 Gen1 Type-C port 1 USB3.2 Gen1 port? 1 USB 2.0 part? 1 Headset jack 1 HDMI 1.4 1 Flip-down RJ 45 port 10/100/1000 Mbps? 1 SD 3.0 card slot' 'WiFi & BT: 802.11ac 1x1 WiFi and Bluetooth' 'AMD Ryzen 3 Quad Core Processor' '8 GB DDR4 RAM' '64 bit Windows 11 Operating System' '256 GB SSD' '35.56 cm (14 Inch) Display' '1 Year Onsite Hardware Service']",laptops
ASUS ROG Strix G15 Ryzen 7 Octa Core AMD R7-4800H - (16 GB/1 TB SSD/Windows 11 Home/4 GB Graphics/NVID...,ASUS,85990,115990,25% off,4.6,98 Ratings & 7 Reviews,['AMD Ryzen 7 Octa Core Processor' '16 GB DDR4 RAM' 'Windows 11 Operating System' '1 TB SSD' '39.62 cm (15.6 inch) Display' 'Microsoft Office Home & Student' '1 Year Onsite Warranty'],laptops
ASUS Vivobook 14 (2022) Core i5 12th Gen - (8 GB/512 GB SSD/Windows 11 Home) X1402ZA-EK522WS Thin and ...,ASUS,56990,70990,19% off,4.0,6 Ratings & 0 Reviews,['Intel Core i5 Processor (12th Gen)' '8 GB DDR4 RAM' 'Windows 11 Operating System' '512 GB SSD' '35.56 cm (14 inch) Display' 'Microsoft Office Home & Student 2021' '1 Year Onsite Warranty'],laptops
ASUS Vivobook Pro 15 Ryzen 7 Octa Core AMD R7-4800H - (16 GB/512 GB SSD/Windows 11 Home/4 GB Graphics/...,ASUS,57990,82990,30% off,4.5,539 Ratings & 67 Reviews,['AMD Ryzen 7 Octa Core Processor' '16 GB DDR4 RAM' '64 bit Windows 11 Operating System' '512 GB SSD' '39.62 cm (15.6 Inch) Display' '1 Year Onsite Warranty'],laptops
APPLE 2022 MacBook AIR M2 - (8 GB/256 GB SSD/Mac OS Monterey) MLY33HN/A,APPLE,112990,119900,5% off,4.8,85 Ratings & 11 Reviews,['Apple M2 Processor' '8 GB Unified Memory RAM' 'Mac OS Operating System' '256 GB SSD' '34.54 cm (13.6 Inch) Display' 'Built-in Apps: iMovie Siri GarageBand Pages Numbers Photos Keynote Safari Mail FaceTime Messages Maps Stocks Home Voice Memos Notes Calendar Contacts Reminders Photo Booth Preview Books App Store Time Machine TV Music Podcasts Find My QuickTime Player' '1 Year Limited Warranty'],laptops
ASUS VivoBook Ultra 14 (2021) Core i5 11th Gen - (16 GB/512 GB SSD/Windows 11 Home) X413EA-EB533WS Thi...,ASUS,53990,80990,33% off,4.4,633 Ratings & 58 Reviews,['Intel Core i5 Processor (11th Gen)' '16 GB DDR4 RAM' '64 bit Windows 11 Operating System' '512 GB SSD' '35.56 cm (14 inch) Display' 'Office Home and Student 2021' '1 Year Onsite Warranty'],laptops
ASUS Vivobook 15 Touch Core i3 11th Gen - (8 GB/512 GB SSD/Windows 11 Home) X515EA-EZ311WS Thin and Li...,ASUS,39990,60990,34% off,4.3,269 Ratings & 35 Reviews,['Intel Core i3 Processor (11th Gen)' '8 GB DDR4 RAM' '64 bit Windows 11 Operating System' '512 GB SSD' '39.62 cm (15.6 Inch) Touchscreen Display' '1 Year Onsite Warranty'],laptops
ASUS VivoBook K15 OLED (2022) Core i5 11th Gen - (16 GB/1 TB HDD/256 GB SSD/Windows 11 Home) K513EA-L5...,ASUS,64990,85990,24% off,4.4,611 Ratings & 84 Reviews,['Intel Core i5 Processor (11th Gen)' '16 GB DDR4 RAM' '64 bit Windows 11 Operating System' '1 TB HDD|256 GB SSD' '39.62 cm (15.6 inch) Display' 'Office Home and Student 2021' '1 Year Onsite Warranty'],laptops
APPLE 2022 MacBook Pro M2 - (8 GB/256 GB SSD/Mac OS Monterey) MNEP3HN/A,APPLE,121990,129900,6% off,4.6,10 Ratings & 1 Reviews,['Apple M2 Processor' '8 GB Unified Memory RAM' 'Mac OS Operating System' '256 GB SSD' '33.78 cm (13.3 Inch) Display' 'Built-in Apps: iMovie Siri GarageBand Pages Numbers Photos Keynote Safari Mail FaceTime Messages Maps Stocks Home Voice Memos Notes Calendar Contacts Reminders Photo Booth Preview Books App Store Time Machine TV Music Podcasts Find My QuickTime Player' '1 Year Limited Warranty'],laptops
Infinix X1 Slim Series Core i3 10th Gen - (8 GB/256 GB SSD/Windows 11 Home) XL21 Thin and Light Laptop,Infinix,28990,49999,42% off,4.2,3812 Ratings & 506 Reviews,['Intel Core i3 Processor (10th Gen)' '8 GB LPDDR4X RAM' '64 bit Windows 11 Operating System' '256 GB SSD' '35.56 cm (14 inch) Display' 'NA' '1 Year Onsite Warranty'],laptops
ASUS Vivobook 14 (2022) Core i5 12th Gen - (16 GB/512 GB SSD/Windows 11 Home) X1402ZA-MW512WS Thin and...,ASUS,66990,82990,19% off,4.9,8 Ratings & 3 Reviews,['Intel Core i5 Processor (12th Gen)' '16 GB DDR4 RAM' '64 bit Windows 11 Operating System' '512 GB SSD' '35.56 cm (14 Inch) Touchscreen Display' '1 Year Onsite Warranty'],laptops
Infinix X1 Slim Series Core i5 10th Gen - (16 GB/512 GB SSD/Windows 11 Home) XL21 Thin and Light Lapto...,Infinix,37990,64999,41% off,4.1,269 Ratings & 45 Reviews,['Intel Core i5 Processor (10th Gen)' '16 GB LPDDR4X RAM' '64 bit Windows 11 Operating System' '512 GB SSD' '35.56 cm (14 Inch) Display' 'NA' '1 Year Onsite Warranty'],laptops
HP Athlon Dual Core 3050U - (8 GB/256 GB SSD/Windows 11 Home) 14s-fq0568AU Thin and Light Laptop,HP,25990,36359,28% off,3.9,486 Ratings & 45 Reviews,['AMD Athlon Dual Core Processor' '8 GB DDR4 RAM' '64 bit Windows 11 Operating System' '256 GB SSD' '35.56 cm (14 inch) Display' '1 Year Onsite Warranty'],laptops
MSI Katana GF66 Core i7 11th Gen - (16 GB/512 GB SSD/Windows 10 Home/6 GB Graphics/NVIDIA GeForce RTX ...,MSI,84990,123990,31% off,4.3,87 Ratings & 13 Reviews,['Intel Core i7 Processor (11th Gen)' '16 GB DDR4 RAM' '64 bit Windows 10 Operating System' '512 GB SSD' '39.62 cm (15.6 inch) Display' '2 Year Carry-In Warranty Term'],laptops
Lenovo Thinkpad Ryzen 5 Hexa Core 5600U - (8 GB/512 GB SSD/DOS) E14 AMD Gen3 Thin and Light Laptop,Lenovo,65499,78400,16% off,4.5,48 Ratings & 6 Reviews,['AMD Ryzen 5 Hexa Core Processor' '8 GB DDR4 RAM' '64 bit DOS Operating System' '512 GB SSD' '35.56 cm (14 inch) Display' '1 Year Onsite Warranty'],laptops
Lenovo IdeaPad 3 Core i3 10th Gen - (8 GB/256 GB SSD/Windows 11 Home) 81WA00Q3IN|81WA00MEIN Thin and L...,Lenovo,33990,50290,32% off,4.3,691 Ratings & 72 Reviews,['Intel Core i3 Processor (10th Gen)' '8 GB DDR4 RAM' '64 bit Windows 11 Operating System' '256 GB SSD' '35.56 cm (14 inch) Display' '2 Years Onsiteï¿½Warranty'],laptops
APPLE 2021 Macbook Pro M1 Max - (32 GB/1 TB SSD/Mac OS Monterey) MK1A3HN/A,APPLE,309490,329900,6% off,4.3,12 Ratings & 4 Reviews,['Apple M1 Max Processor' '32 GB Unified Memory RAM' 'Mac OS Operating System' '1 TB SSD' '41.15 cm (16.2 inch) Display' 'iMovie Siri GarageBand Pages Numbers Photos Keynote Safari Mail FaceTime Messages Maps Stocks Home Voice Memos Notes Calendar Contacts Reminders Photo Booth Preview Books App Store Time Machine TV Music Podcasts Find My QuickTime Player' '1 Year Limited Warranty'],laptops
HP Ryzen 3 Quad Core 5300U - (8 GB/512 GB SSD/Windows 11 Home) 15s-eq2143au Thin and Light Laptop,HP,37499,45991,18% off,4.2,1609 Ratings & 183 Reviews,['AMD Ryzen 3 Quad Core Processor' '8 GB DDR4 RAM' '64 bit Windows 11 Operating System' '512 GB SSD' '39.62 cm (15.6 inch) Display' 'Microsoft Office 2019 & Office 365 HP Documentation HP BIOS recovery HP Smart' '1 Year Onsite Warranty'],laptops
ASUS VivoBook Ultra 14 (2022) Core i3 11th Gen - (8 GB/512 GB SSD/Windows 11 Home) X413EA-EB322WS Thin...,ASUS,38990,56990,31% off,4.4,2807 Ratings & 401 Reviews,['Intel Core i3 Processor (11th Gen)' '8 GB DDR4 RAM' '64 bit Windows 11 Operating System' '512 GB SSD' '35.56 cm (14 inch) Display' 'Office Home and Student 2021' '1 Year Onsite Warranty'],laptops
Lenovo IdeaPad 3 Celeron Dual Core - (8 GB/256 GB SSD/Windows 11 Home) 81WQ00MQIN|81WQ00NXIN Laptop,Lenovo,28990,40490,28% off,4.1,257 Ratings & 28 Reviews,['Intel Celeron Dual Core Processor' '8 GB DDR4 RAM' '64 bit Windows 11 Operating System' '256 GB SSD' '39.62 cm (15.6 Inch) Display' '2 Years Onsiteï¿½Warranty'],laptops
ASUS VivoBook 14 (2021) Celeron Dual Core - (4 GB/256 GB SSD/Windows 11 Home) X415MA-BV011W Thin and L...,ASUS,23990,33990,29% off,4.0,559 Ratings & 64 Reviews,['Intel Celeron Dual Core Processor' '4 GB DDR4 RAM' '64 bit Windows 11 Operating System' '256 GB SSD' '35.56 cm (14 inch) Display' '1 Year Onsite Warranty'],laptops
APPLE 2022 MacBook AIR M2 - (8 GB/512 GB SSD/Mac OS Monterey) MLY23HN/A,APPLE,139990,149900,6% off,4.7,7 Ratings & 2 Reviews,['Apple M2 Processor' '8 GB Unified Memory RAM' 'Mac OS Operating System' '512 GB SSD' '34.54 cm (13.6 Inch) Display' 'Built-in Apps: iMovie Siri GarageBand Pages Numbers Photos Keynote Safari Mail FaceTime Messages Maps Stocks Home Voice Memos Notes Calendar Contacts Reminders Photo Booth Preview Books App Store Time Machine TV Music Podcasts Find My QuickTime Player' '1 Year Limited Warranty'],laptops
ASUS TUF Gaming F15 Core i5 10th Gen - (8 GB/1 TB SSD/Windows 11 Home/4 GB Graphics/NVIDIA GeForce GTX...,ASUS,59990,84990,29% off,4.5,99 Ratings & 5 Reviews,['Intel Core i5 Processor (10th Gen)' '8 GB DDR4 RAM' '64 bit Windows 11 Operating System' '1 TB SSD' '39.62 cm (15.6 Inch) Display' '1 Year Onsite Warranty'],laptops
Infinix INBook X1 Neo Series Celeron Quad Core - (4 GB/128 GB SSD/Windows 11 Home) XL22 Thin and Light...,Infinix,20990,29990,30% off,4.2,581 Ratings & 99 Reviews,['Intel Celeron Quad Core Processor' '4 GB LPDDR4X RAM' '64 bit Windows 11 Operating System' '128 GB SSD' '35.56 cm (14 inch) Display' '1 Year Onsite Warranty'],laptops
HP 15s Intel Core i3 11th Gen - (8 GB/512 GB SSD/Windows 11 Home) 15s-fq2671TU Thin and Light Laptop,HP,39490,47834,17% off,4.2,160 Ratings & 14 Reviews,['Intel Core i3 Processor (11th Gen)' '8 GB DDR4 RAM' '64 bit Windows 11 Operating System' '512 GB SSD' '39.62 cm (15.6 inch) Display' '1 Year Onsite Warranty'],laptops
HP Ryzen 5 Hexa Core 5500U - (8 GB/512 GB SSD/Windows 11 Home) 14s-fq1092au Thin and Light Laptop,HP,49990,57042,12% off,4.2,1641 Ratings & 168 Reviews,"['AMD Ryzen 5 Hexa Core Processor' '8 GB DDR4 RAM' '64 bit Windows 11 Operating System' '512 GB SSD' '35.56 cm (14 inch) Display' 'Microsoft Office Home & Student 2019 HP Documentation HP SSRM HP Smart ""' '1 Year Onsite Warranty']",laptops
HP Victus Intel Core i5 12th Gen - (8 GB/512 GB SSD/Windows 11 Home/4 GB Graphics/NVIDIA GeForce GTX 1...,HP,65990,83027,20% off,4.3,344 Ratings & 31 Reviews,['Intel Core i5 Processor (12th Gen)' '8 GB DDR4 RAM' '64 bit Windows 11 Operating System' '512 GB SSD' '39.62 cm (15.6 Inch) Display' '1 Year Onsite Warranty'],laptops
ASUS VivoBook K15 OLED (2022) Core i3 11th Gen - (8 GB/512 GB SSD/Windows 11 Home) K513EA-L312WS Thin ...,ASUS,45990,62990,26% off,4.5,557 Ratings & 79 Reviews,['Intel Core i3 Processor (11th Gen)' '8 GB DDR4 RAM' '64 bit Windows 11 Operating System' '512 GB SSD' '39.62 cm (15.6 inch) Display' 'Office Home and Student 2021' '1 Year Onsite Warranty'],laptops
ASUS TUF Gaming F15 (2022) Core i7 12th Gen - (16 GB/512 GB SSD/Windows 11 Home/4 GB Graphics/NVIDIA G...,ASUS,100990,144990,30% off,4.5,28 Ratings & 5 Reviews,['Intel Core i7 Processor (12th Gen)' '16 GB DDR5 RAM' '64 bit Windows 11 Operating System' '512 GB SSD' '39.62 cm (15.6 inch) Display' '1 Year Onsite Warranty'],laptops
Lenovo IdeaPad 3 Core i5 12th Gen - (8 GB/512 GB SSD/Windows 11 Home) 15IAU7 Thin and Light Laptop,Lenovo,53490,76890,30% off,4.2,179 Ratings & 13 Reviews,['Intel Core i5 Processor (12th Gen)' '8 GB DDR4 RAM' '64 bit Windows 11 Operating System' '512 GB SSD' '39.62 cm (15.6 Inch) Display' '2 Year Onsite Warranty'],laptops
acer Extensa Core i3 11th Gen - (8 GB/256 GB SSD/Windows 11 Home) EX 215-54 Thin and Light Laptop,acer,29990,39999,25% off,4.3,296 Ratings & 24 Reviews,['Intel Core i3 Processor (11th Gen)' '8 GB DDR4 RAM' '64 bit Windows 11 Operating System' '256 GB SSD' '39.62 cm (15.6 Inch) Display' '1 Year International Travelers Warranty (ITW)'],laptops
ASUS VivoBook 15 (2022) Core i3 11th Gen - (8 GB/1 TB HDD/256 GB SSD/Windows 11 Home) X515EA-EJ332WS T...,ASUS,38990,54990,29% off,4.3,851 Ratings & 102 Reviews,['Intel Core i3 Processor (11th Gen)' '8 GB DDR4 RAM' '64 bit Windows 11 Operating System' '1 TB HDD|256 GB SSD' '39.62 cm (15.6 inch) Display' 'Office Home and Student 2021' '1 Year Onsite Warranty'],laptops
APPLE 2020 Macbook Air M1 - (8 GB/256 GB SSD/Mac OS Big Sur) MGND3HN/A,APPLE,94990,99900,4% off,4.7,8401 Ratings & 758 Reviews,['Apple M1 Processor' '8 GB DDR4 RAM' 'Mac OS Operating System' '256 GB SSD' '33.78 cm (13.3 inch) Display' 'Built-in Apps: iMovie Siri GarageBand Pages Numbers Photos Keynote Safari Mail FaceTime Messages Maps Stocks Home Voice Memos Notes Calendar Contacts Reminders Photo Booth Preview Books App Store Time Machine TV Music Podcasts Find My QuickTime Player' '1 Year Limited Warra\xadnty'],laptops
APPLE 2020 Macbook Air M1 - (8 GB/256 GB SSD/Mac OS Big Sur) MGN93HN/A,APPLE,88990,99900,10% off,4.7,8401 Ratings & 758 Reviews,['Apple M1 Processor' '8 GB DDR4 RAM' 'Mac OS Operating System' '256 GB SSD' '33.78 cm (13.3 inch) Display' 'Built-in Apps: iMovie Siri GarageBand Pages Numbers Photos Keynote Safari Mail FaceTime Messages Maps Stocks Home Voice Memos Notes Calendar Contacts Reminders Photo Booth Preview Books App Store Time Machine TV Music Podcasts Find My QuickTime Player' '1 Year Limited Warra\xadnty'],laptops
ASUS Vivobook Pro 15 OLED Core i5 12th Gen - (16 GB/512 GB SSD/Windows 11 Home/4 GB Graphics/NVIDIA Ge...,ASUS,89990,110990,18% off,4.3,37 Ratings & 5 Reviews,['Intel Core i5 Processor (12th Gen)' '16 GB LPDDR5 RAM' '64 bit Windows 11 Operating System' '512 GB SSD' '39.62 cm (15.6 Inch) Display' '1 Year Onsite Warranty'],laptops
APPLE MacBook Air M1 - (8 GB/512 GB SSD/Mac OS Big Sur) Z12400092,APPLE,104990,110900,5% off,4.7,8401 Ratings & 758 Reviews,['Apple M1 Processor' '8 GB DDR4 RAM' 'Mac OS Operating System' '512 GB SSD' '33.78 cm (13.3 inch) Display' 'iMovie Siri GarageBand Pages Numbers Photos Keynote Safari Mail FaceTime Messages Maps Stocks Home Voice Memos Notes Calendar Contacts Reminders Photo Booth Preview Books App Store Time Machine TV Music Podcasts Find My QuickTime Player' '1 Year Limited Warra\xadnty'],laptops
DELL Inspiron Ryzen 3 Dual Core 3250U - (8 GB/256 GB SSD/Windows 11 Home) INSPIRON 3515 Thin and Light...,DELL,34990,47695,26% off,4.2,419 Ratings & 54 Reviews,['AMD Ryzen 3 Dual Core Processor' '8 GB DDR4 RAM' '64 bit Windows 11 Operating System' '256 GB SSD' '39.62 cm (15.6 inch) Display' '1 Year Onsite Warranty'],laptops
MSI Prestige 14 Evo Intel EVO Core i7 11th Gen - (16 GB/512 GB SSD/Windows 10 Home) Prestige 14Evo A11...,MSI,84990,106990,20% off,4.8,8 Ratings & 0 Reviews,['Intel Core i7 Processor (11th Gen)' '16 GB LPDDR4X RAM' '64 bit Windows 10 Operating System' '512 GB SSD' '35.56 cm (14 inch) Display' 'PCI-e Gen4 SSD?SHIFT?Matrix Display (Extend)?Cooler Boost 3?Thunderbolt 4?Finger Print Security?True Color 2.0?Hi-Res Audio?Nahimic 3? 4-Sided Thin bezel MSI Cente Silky Smooth Touchpad Military-Grade Durability' '1 Year On-Site Warranty'],laptops
acer Aspire 7 Core i5 12th Gen - (16 GB/512 GB SSD/Windows 11 Home/4 GB Graphics/NVIDIA GeForce RTX 30...,acer,68990,89999,23% off,4.3,210 Ratings & 23 Reviews,['Intel Core i5 Processor (12th Gen)' '16 GB DDR4 RAM' 'Windows 11 Operating System' '512 GB SSD' '39.62 cm (15.6 Inch) Display' '1 Year International Travelers Warranty (ITW)'],laptops
DELL Vostro Core i3 11th Gen - (8 GB/256 GB SSD/Windows 10 Home) Vostro 3400 Thin and Light Laptop,DELL,41090,44427,7% off,4.1,7 Ratings & 1 Reviews,['Intel Core i3 Processor (11th Gen)' '8 GB DDR4 RAM' '64 bit Windows 10 Operating System' '256 GB SSD' '35.56 cm (14 Inch) Display' '1 Year Onsite warranty'],laptops
HP 15s Intel Core i5 12th Gen - (8 GB/512 GB SSD/Windows 11 Home) 15s-fy5001TU Thin and Light Laptop,HP,58899,69083,14% off,4.1,34 Ratings & 4 Reviews,['Intel Core i5 Processor (12th Gen)' '8 GB DDR4 RAM' '64 bit Windows 11 Operating System' '512 GB SSD' '39.62 cm (15.6 inch) Display' '1 Year Onsite Warranty'],laptops
Lenovo IdeaPad Core i3 10th Gen - (4 GB/256 GB SSD/Windows 11 Home) 15IIL05 Thin and Light Laptop,Lenovo,29990,46790,35% off,4.4,120 Ratings & 14 Reviews,['Intel Core i3 Processor (10th Gen)' '4 GB DDR4 RAM' '64 bit Windows 11 Operating System' '256 GB SSD' '39.62 cm (15.6 inch) Display' '1 Year Onsite Warranty'],laptops
Infinix INBook X2 Plus Core i5 11th Gen - (8 GB/512 GB SSD/Windows 11 Home) XL25 Thin and Light Laptop,Infinix,42990,54990,21% off,4.3,29 Ratings & 9 Reviews,['Intel Core i5 Processor (11th Gen)' '8 GB LPDDR4X RAM' '64 bit Windows 11 Operating System' '512 GB SSD' '39.62 cm (15.6 Inch) Display' '1 Year Onsite Warranty'],laptops
DELL Athlon Dual Core 3050U - (8 GB/256 GB SSD/Windows 11 Home) Vostro 3515 Thin and Light Laptop,DELL,29990,44630,32% off,3.6,5 Ratings & 0 Reviews,"['Processor: AMD Athlon Silver 3050U (Base- 2.30 GHz & Turbo up to 3.20 GHz) 2 Cores' 'RAM & Storage: 8GB DDR4 & 256GB SSD' 'Graphics & Keyboard: Radeon Graphics & Standard Keyboard' 'Display: 15.6"" HD WVA AG Narrow Border' 'Ports: 2x USB 3.2 Gen1 1x USB 2.0 HDMI 1.4b SD Card reader Audio jack' 'AMD Athlon Dual Core Processor' '8 GB DDR4 RAM' '64 bit Windows 11 Operating System' '256 GB SSD' '39.62 cm (15.6 Inch) Display' '1 Year Onsite Hardware Service']",laptops
DELL Ryzen 3 Quad Core 5425U - (8 GB/512 GB SSD/Windows 11 Home) Vostro 3425 Thin and Light Laptop,DELL,38990,56834,31% off,4.3,26 Ratings & 2 Reviews,"['Processor: R3-5425U (2.70 GHz up to 4.1 GHz)' 'RAM & Storage: 8GB DDR4 & 512GB SSD' 'Display:14.0"" FHD WVA AG Narrow Border 250 nits' 'Software: Win 11 + Office H&S 2021' 'Ports: 1 USB3.2 Gen1 Type-C port 1 USB3.2 Gen1 port? 1 USB 2.0 part? 1 Headset jack 1 HDMI 1.4 1 Flip-down RJ 45 port 10/100/1000 Mbps? 1 SD 3.0 card slot' 'WiFi & BT: 802.11ac 1x1 WiFi and Bluetooth' 'AMD Ryzen 3 Quad Core Processor' '8 GB DDR4 RAM' '64 bit Windows 11 Operating System' '512 GB SSD' '35.56 cm (14 Inch) Display' '1 Year Onsite Hardware Service']",laptops
ASUS VivoBook 15 (2022) Core i5 10th Gen - (8 GB/512 GB SSD/Windows 11 Home) X515JA-EJ562WS | X515JA-E...,ASUS,44990,57990,22% off,4.3,5692 Ratings & 493 Reviews,['Intel Core i5 Processor (10th Gen)' '8 GB DDR4 RAM' '64 bit Windows 11 Operating System' '512 GB SSD' '39.62 cm (15.6 inch) Display' 'Office Home and Student 2021' '1 Year Onsite Warranty'],laptops
acer Aspire 3 Core i3 11th Gen - (8 GB/512 GB SSD/Windows 11 Home) A315-58 Notebook,acer,35990,49999,28% off,4.3,31 Ratings & 0 Reviews,['Intel Core i3 Processor (11th Gen)' '8 GB DDR4 RAM' '64 bit Windows 11 Operating System' '512 GB SSD' '39.62 cm (15.6 Inch) Display' '1 Year International Travelers Warranty (ITW)'],laptops
HP Athlon Dual Core 3050U - (8 GB/512 GB SSD/Windows 11 Home) 15s- eq1559AU Thin and Light Laptop,HP,29390,39288,25% off,4.2,608 Ratings & 68 Reviews,['AMD Athlon Dual Core Processor' '8 GB DDR4 RAM' '64 bit Windows 11 Operating System' '512 GB SSD' '39.62 cm (15.6 inch) Display' '1 Year Onsite Warranty'],laptops
HP Intel Core i3 11th Gen - (8 GB/256 GB SSD/Windows 11 Home) 14-dy0212TU 2 in 1 Laptop,HP,46990,58174,19% off,4.1,144 Ratings & 11 Reviews,['Intel Core i3 Processor (11th Gen)' '8 GB DDR4 RAM' '64 bit Windows 11 Operating System' '256 GB SSD' '35.56 cm (14 inch) Touchscreen Display' 'Microsoft Office Home and Student 2021 HP Documentation HP SSRM HP Smart' '1 Year Onsite Warranty'],laptops
ASUS TUF Gaming F15 Core i5 10th Gen - (8 GB/512 GB SSD/Windows 11 Home/4 GB Graphics/NVIDIA GeForce G...,ASUS,54990,74990,26% off,4.5,5061 Ratings & 557 Reviews,['Intel Core i5 Processor (10th Gen)' '8 GB DDR4 RAM' '64 bit Windows 11 Operating System' '512 GB SSD' '39.62 cm (15.6 inch) Display' '1 Year Onsite Warranty'],laptops
ASUS VivoBook Ultra K15 OLED Core i3 11th Gen - (8 GB/1 TB HDD/256 GB SSD/Windows 11 Home) K513EA-L322...,ASUS,43990,62990,30% off,4.4,412 Ratings & 63 Reviews,['Intel Core i3 Processor (11th Gen)' '8 GB DDR4 RAM' '64 bit Windows 11 Operating System' '1 TB HDD|256 GB SSD' '39.62 cm (15.6 inch) Display' '1 Year Onsite Warranty'],laptops
ASUS ROG Strix G15 Ryzen 7 Octa Core AMD R7-4800H - (8 GB/512 GB SSD/Windows 10 Home/4 GB Graphics/NVI...,ASUS,76990,90990,15% off,4.5,191 Ratings & 18 Reviews,['AMD Ryzen 7 Octa Core Processor' '8 GB DDR4 RAM' '64 bit Windows 10 Operating System' '512 GB SSD' '39.62 cm (15.6 inch) Display' '1 Year Onsite Warranty'],laptops
Lenovo Ideapad Slim 3 Core i3 10th Gen - (8 GB/512 GB SSD/Windows 11 Home) 81WE01QLIN | 81WE01QJIN Lap...,Lenovo,37490,61490,39% off,4.3,210 Ratings & 19 Reviews,['Intel Core i3 Processor (10th Gen)' '8 GB DDR4 RAM' '64 bit Windows 10 Operating System' '512 GB SSD' '39.62 cm (15.6 inch) Display' 'Microsoft Office Home & Student 2021' '2 Years Onsiteï¿½Warranty'],laptops
ASUS VivoBook Flip 14 Core i3 11th Gen - (8 GB/512 GB SSD/Windows 11 Home) TP470EA-EC312WS 2 in 1 Lapt...,ASUS,48990,69990,30% off,4.0,127 Ratings & 17 Reviews,['Intel Core i3 Processor (11th Gen)' '8 GB LPDDR4X RAM' '64 bit Windows 11 Operating System' '512 GB SSD' '35.56 cm (14 Inch) Touchscreen Display' '1 Year onsite warranty'],laptops
Lenovo IdeaPad Gaming 3 Core i5 11th Gen - (8 GB/512 GB SSD/Windows 11 Home/4 GB Graphics/NVIDIA GeFor...,Lenovo,62490,93690,33% off,4.3,309 Ratings & 32 Reviews,['Intel Core i5 Processor (11th Gen)' '8 GB DDR4 RAM' '64 bit Windows 11 Operating System' '512 GB SSD' '39.62 cm (15.6 inch) Display' 'Office Home and Student 2021' '1 Year Onsiteï¿½Warrantyï¿½+ 1 Year Premium Care + 1 Year Accidental Damage Protection'],laptops
Lenovo Ideapad Gaming 3 Ryzen 5 Hexa Core AMD R5-5600H - (8 GB/512 GB SSD/Windows 11 Home/4 GB Graphic...,Lenovo,57490,76890,25% off,4.4,385 Ratings & 53 Reviews,['AMD Ryzen 5 Hexa Core Processor' '8 GB DDR4 RAM' '64 bit Windows 11 Operating System' '512 GB SSD' '39.62 cm (15.6 inch) Display' '1 Year Onsiteï¿½Warrantyï¿½+ 1 Year Premium Care + 1 Year Accidental Damage Protection'],laptops
ASUS VivoBook K15 OLED Ryzen 5 Hexa Core AMD R5-5500U - (16 GB/512 GB SSD/Windows 11 Home) KM513UA-L51...,ASUS,54990,80990,32% off,4.4,685 Ratings & 74 Reviews,['AMD Ryzen 5 Hexa Core Processor' '16 GB DDR4 RAM' '64 bit Windows 11 Operating System' '512 GB SSD' '39.62 cm (15.6 Inch) Display' '1 Year onsite warranty'],laptops
ASUS VivoBook 15 (2022) Core i3 10th Gen - (8 GB/512 GB SSD/Windows 11 Home) X515JA-BQ322WS Thin and L...,ASUS,32990,50990,35% off,4.3,8727 Ratings & 876 Reviews,['Intel Core i3 Processor (10th Gen)' '8 GB DDR4 RAM' '64 bit Windows 11 Operating System' '512 GB SSD' '39.62 cm (15.6 inch) Display' 'Office Home and Student 2021' '1 Year Onsite Warranty'],laptops
Lenovo IdeaPad Gaming 3 Ryzen 7 Octa Core AMD R7-5800H - (8 GB/512 GB SSD/Windows 11 Home/4 GB Graphic...,Lenovo,73490,102090,28% off,4.5,311 Ratings & 41 Reviews,['AMD Ryzen 7 Octa Core Processor' '8 GB DDR4 RAM' '64 bit Windows 11 Operating System' '512 GB SSD' '39.62 cm (15.6 inch) Display' '1 Year Onsiteï¿½Warrantyï¿½+ 1 Year Premium Care + 1 Year Accidental Damage Protection'],laptops
DELL Vostro Ryzen 3 Dual Core R3-3250U - (8 GB/1 TB HDD/Windows 11 Home) Vostro 3405 Thin and Light La...,DELL,33099,50651,34% off,3.8,413 Ratings & 50 Reviews,"['Processor: AMD Ryzen 3-3250U (2.60 GHz up to 3.50 GHz)' 'RAM & Storage: 8GB DDR4 (2 DIMM Slots) & 1TB HDD' 'Software: Win 11 + Office H&S 2021' 'Display: 14.0"" FHD WVA AG Narrow Border' 'Ports: USB 3.2 Gen 1 (x2) USB2.0 (x1) HDMI 1.4 SD Media Card Reader (SD SDHC SDXC) RJ45 - 10/100Mbps' 'WiFi & BT: 802.11ac 1x1 WiFi and Bluetooth' 'AMD Ryzen 3 Dual Core Processor' '8 GB DDR4 RAM' '64 bit Windows 11 Operating System' '1 TB HDD' '88.9 cm (35 cm) Display' 'Microsoft Office Home and Student 2021' '1 Year Onsite Warranty1 Year Onsite Warranty']",laptops
MSI Delta 15 AMD Advantage Edition Ryzen 9 Octa Core 5900HX 5th Gen - (16 GB/1 TB SSD/Windows 11 Home/...,MSI,109990,188990,41% off,4.6,31 Ratings & 4 Reviews,['AMD Ryzen 9 Octa Core Processor (5th Gen)' '16 GB DDR4 RAM' '64 bit Windows 11 Operating System' '1 TB SSD' '39.62 cm (15.6 inch) Display' '1 Year On-Site Warranty'],laptops
Lenovo Ideapad Gaming 3 Ryzen 5 Hexa Core AMD R5-5600H - (16 GB/512 GB SSD/Windows 11 Home/4 GB Graphi...,Lenovo,71490,103490,30% off,4.6,16 Ratings & 2 Reviews,['AMD Ryzen 5 Hexa Core Processor' '16 GB DDR4 RAM' '64 bit Windows 11 Operating System' '512 GB SSD' '39.62 cm (15.6 inch) Display' 'Microsoft Office Home & Student 2021' '1 Year Onsiteï¿½Warrantyï¿½+ 1 Year Premium Care + 1 Year Accidental Damage Protection'],laptops
ASUS TUF Gaming F15 Core i5 10th Gen - (8 GB/1 TB SSD/Windows 11 Home/4 GB Graphics/NVIDIA GeForce GTX...,ASUS,59990,84990,29% off,4.5,134 Ratings & 12 Reviews,['Intel Core i5 Processor (10th Gen)' '8 GB DDR4 RAM' '64 bit Windows 11 Operating System' '1 TB SSD' '39.62 cm (15.6 inch) Display' '1 Year On site Manufacturing warranty'],laptops
SAMSUNG Galaxy Book2 Core i5 12th Gen - (8 GB/256 GB SSD/Windows 11 Home) NP750XED-KB1IN Thin and Ligh...,SAMSUNG,59990,79990,25% off,4.6,68 Ratings & 11 Reviews,['Intel Core i5 Processor (12th Gen)' '8 GB LPDDR4X RAM' '64 bit Windows 11 Operating System' '256 GB SSD' '39.62 cm (15.6 Inch) Display' '1 Year Onsite Warranty'],laptops
MSI Katana GF66 Core i5 12th Gen - (16 GB/512 GB SSD/Windows 11 Home/4 GB Graphics/NVIDIA GeForce RTX ...,MSI,79990,111990,28% off,4.5,16 Ratings & 3 Reviews,['Intel Core i5 Processor (12th Gen)' '16 GB DDR4 RAM' '64 bit Windows 11 Operating System' '512 GB SSD' '39.62 cm (15.6 Inch) Display' '2 Year Carry-In Warranty Term'],laptops
ASUS Vivobook Pro 14X OLED with ASUS DialPad Ryzen 9 Octa Core 5900HX - (8 GB/1 TB SSD/Windows 10 Home...,ASUS,94990,149990,36% off,4.1,10 Ratings & 2 Reviews,['AMD Ryzen 9 Octa Core Processor' '8 GB DDR4 RAM' '64 bit Windows 10 Operating System' '1 TB SSD' '35.56 cm (14 Inch) Display' '1 Year Onsite Warranty'],laptops
acer Nitro 5 Ryzen 5 Hexa Core AMD R5-5600H - (8 GB/512 GB SSD/Windows 11 Home/4 GB Graphics/NVIDIA Ge...,acer,54990,79999,31% off,4.5,244 Ratings & 23 Reviews,['AMD Ryzen 5 Hexa Core Processor' '8 GB DDR4 RAM' '64 bit Windows 11 Operating System' '512 GB SSD' '39.62 cm (15.6 Inch) Display' 'Acer Care Center Acer Product Registration NitroSense Quick Access' '1 Year International Travelers Warranty (ITW)'],laptops
ASUS VivoBook 15 Core i3 10th Gen - (8 GB/1 TB HDD/Windows 10 Home) X515JA-EJ322TS Thin and Light Lapt...,ASUS,37990,45990,17% off,4.0,1899 Ratings & 226 Reviews,['Intel Core i3 Processor (10th Gen)' '8 GB DDR4 RAM' '64 bit Windows 10 Operating System' '1 TB HDD' '39.62 cm (15.6 inch) Display' 'Microsoft Office Home and Student 2019 Splendid Tru2Life My Asus' '1 Year Onsite Warranty'],laptops
APPLE MacBook Air M1 - (16 GB/256 GB SSD/Mac OS Big Sur) Z124J005KD,APPLE,104990,112900,7% off,4.7,617 Ratings & 71 Reviews,['Apple M1 Processor' '16 GB DDR4 RAM' 'Mac OS Operating System' '256 GB SSD' '33.78 cm (13.3 inch) Display' 'Built-in Apps: iMovie Siri GarageBand Pages Numbers Photos Keynote Safari Mail FaceTime Messages Maps Stocks Home Voice Memos Notes Calendar Contacts Reminders Photo Booth Preview Books App Store Time Machine TV Music Podcasts Find My QuickTime Player' '1 Year Limited Warranty'],laptops
DELL Inspiron Ryzen 5 Quad Core 3450U - (8 GB/256 GB SSD/Windows 10) Inspiron 3505 Notebook,DELL,41590,49613,16% off,4.3,780 Ratings & 97 Reviews,['AMD Ryzen 5 Quad Core Processor' '8 GB DDR4 RAM' '64 bit Windows 10 Operating System' '256 GB SSD' '39.62 cm (15.6 Inch) Display' 'Microsoft Office Home & Student 2019' '1 Year Onsite Warranty'],laptops
DELL Inspiron Core i3 11th Gen - (8 GB/512 GB SSD/Windows 11 Home) Inspiron 3511 Thin and Light Laptop,DELL,43999,58229,24% off,3.3,12 Ratings & 3 Reviews,['Intel Core i3 Processor (11th Gen)' '8 GB DDR4 RAM' '64 bit Windows 11 Operating System' '512 GB SSD' '39.62 cm (15.6 inch) Display' 'Microsoft Office Home & Student 2021' '1 Year Onsite Hardware Service'],laptops
HP OMEN Ryzen 7 Octa Core AMD R7-5800H - (16 GB/512 GB SSD/Windows 11 Home/4 GB Graphics/NVIDIA GeForc...,HP,99990,117664,15% off,4.9,11 Ratings & 0 Reviews,['AMD Ryzen 7 Octa Core Processor' '16 GB DDR4 RAM' '64 bit Windows 11 Operating System' '512 GB SSD' '40.89 cm (16.1 Inch) Display' '1 Year Onsite Warranty'],laptops
Mi Notebook 14 Core i5 10th Gen - (8 GB/256 GB SSD/Windows 10 Home) JYU4298IN Thin and Light Laptop,Mi,39990,46359,13% off,4.4,2239 Ratings & 235 Reviews,['Intel Core i5 Processor (10th Gen)' '8 GB DDR4 RAM' '64 bit Windows 10 Operating System' '256 GB SSD' '35.56 cm (14 inch) Display' 'Mi Blaze Unlock (Unlock NoteBook with Help of a Mi Band) Mi Smart Share' '1 Year Manufacturer Warranty from the Date of Purchase'],laptops
Lenovo IdeaPad 3 Core i3 10th Gen - (8 GB/256 GB SSD/Windows 11 Home) 15IML05 Thin and Light Laptop,Lenovo,33990,56590,39% off,4.3,3970 Ratings & 420 Reviews,['Intel Core i3 Processor (10th Gen)' '8 GB DDR4 RAM' 'Windows 11 Operating System' '256 GB SSD' '39.62 cm (15.6 Inch) Display' 'Microsoft Office Home & Student 2019' '2 Years Warranty'],laptops
APPLE 2022 MacBook AIR M2 - (8 GB/256 GB SSD/Mac OS Monterey) MLXW3HN/A,APPLE,112990,119900,5% off,4.7,43 Ratings & 3 Reviews,['Apple M2 Processor' '8 GB Unified Memory RAM' 'Mac OS Operating System' '256 GB SSD' '34.54 cm (13.6 Inch) Display' 'Built-in Apps: iMovie Siri GarageBand Pages Numbers Photos Keynote Safari Mail FaceTime Messages Maps Stocks Home Voice Memos Notes Calendar Contacts Reminders Photo Booth Preview Books App Store Time Machine TV Music Podcasts Find My QuickTime Player' '1 Year Limited Warra\xadnty'],laptops
ASUS VivoBook Core i3 11th Gen - (8 GB/256 GB SSD/Windows 11 Home) X415EA-EK342WS Thin and Light Lapto...,ASUS,35990,50990,29% off,4.3,558 Ratings & 53 Reviews,['Intel Core i3 Processor (11th Gen)' '8 GB DDR4 RAM' '64 bit Windows 11 Operating System' '256 GB SSD' '35.56 cm (14 Inch) Display' '1 Year Onsite Warranty'],laptops
ASUS VivoBook Flip 14 Core i3 11th Gen - (8 GB/256 GB SSD/Windows 11 Home) TP470EA-EC302WS 2 in 1 Lapt...,ASUS,45990,66990,31% off,4.5,96 Ratings & 8 Reviews,['Intel Core i3 Processor (11th Gen)' '8 GB LPDDR4X RAM' '64 bit Windows 11 Operating System' '256 GB SSD' '35.56 cm (14 Inch) Touchscreen Display' '1 Year onsite warranty'],laptops
Lenovo IdeaPad Core i5 11th Gen - (16 GB/512 GB SSD/Windows 11 Home) IdeaPad 5 15ITL05 Thin and Light ...,Lenovo,62990,97890,35% off,4.2,33 Ratings & 3 Reviews,['Intel Core i5 Processor (11th Gen)' '16 GB DDR4 RAM' '64 bit Windows 11 Operating System' '512 GB SSD' '39.62 cm (15.6 Inch) Display' '1 Year Onsiteï¿½Warrantyï¿½+ 1 Year Premium Care + 1 Year Accidental Damage Protection'],laptops
ASUS Vivobook Ultra 14 (2022) Core i3 11th Gen - (8 GB/512 GB SSD/Windows 11 Home) K413EA-EB302WS Thin...,ASUS,39990,58990,32% off,4.2,295 Ratings & 33 Reviews,['Intel Core i3 Processor (11th Gen)' '8 GB DDR4 RAM' '64 bit Windows 11 Operating System' '512 GB SSD' '35.56 cm (14 inch) Display' '1 Year Onsite Warranty'],laptops
ASUS Vivobook S14 OLED (2022) Intel EVO Core i7 12th Gen - (16 GB/512 GB SSD/Windows 11 Home) S3402ZA-...,ASUS,86990,116990,25% off,3.8,31 Ratings & 7 Reviews,['Intel Core i7 Processor (12th Gen)' '16 GB DDR4 RAM' '64 bit Windows 11 Operating System' '512 GB SSD' '35.56 cm (14 Inch) Display' '1 Year Onsite Warranty'],laptops
HP Pavilion Gaming Ryzen 7 Octa Core AMD R7-4800H - (16 GB/1 TB HDD/256 GB SSD/Windows 10 Home/4 GB Gr...,HP,79990,93565,14% off,4.5,1460 Ratings & 148 Reviews,['AMD Ryzen 7 Octa Core Processor' '16 GB DDR4 RAM' '64 bit Windows 10 Operating System' '1 TB HDD|256 GB SSD' '39.62 cm (15.6 inch) Display' 'Microsoft Office 2019 Home and Student HP Documentation HP e-service HP BIOS Recovery HP SSRM HP Smart HP Jumpstarts Dropbox HP Audio Switch HP Audio Boost' '1 Year Onsite Warranty'],laptops
ASUS Vivobook Ultra 14 (2022) Core i3 11th Gen - (8 GB/512 GB SSD/Windows 11 Home) K413EA-EB301WS Thin...,ASUS,39990,58990,32% off,4.2,295 Ratings & 33 Reviews,['Intel Core i3 Processor (11th Gen)' '8 GB DDR4 RAM' '64 bit Windows 11 Operating System' '512 GB SSD' '35.56 cm (14 inch) Display' '1 Year Onsite Warranty'],laptops
HP OMEN Ryzen 7 Octa Core AMD R7-6800H - (16 GB/512 GB SSD/Windows 11 Home/8 GB Graphics/AMD Radeon RX...,HP,102990,124283,17% off,4.5,28 Ratings & 5 Reviews,['AMD Ryzen 7 Octa Core Processor' '16 GB DDR5 RAM' '64 bit Windows 11 Operating System' '512 GB SSD' '40.89 cm (16.1 inch) Display' 'Office Home and Student 2021' '1 Year Onsite Warranty'],laptops
HP Pavilion Intel Core i7 12th Gen - (16 GB/1 TB SSD/Windows 11 Home) EG2039TU Thin and Light Laptop,HP,93999,100100,6% off,3.8,16 Ratings & 2 Reviews,['Intel Core i7 Processor (12th Gen)' '16 GB DDR4 RAM' '64 bit Windows 11 Operating System' '1 TB SSD' '39.62 cm (15.6 inch) Display' 'Microsoft Office Home & Student 2021' '1 Year Onsite Warranty'],laptops
Vaio E Series Ryzen 5 Quad Core 3500U - (8 GB/512 GB SSD/Windows 10 Home) NE15V2IN007P Thin and Light ...,Vaio,40990,66990,38% off,4.0,706 Ratings & 142 Reviews,['AMD Ryzen 5 Quad Core Processor' '8 GB DDR4 RAM' '64 bit Windows 10 Operating System' '512 GB SSD' '39.62 cm (15.6 inch) Display' 'Microsoft Office 365' '2 Years Onsite Warranty'],laptops
ASUS ROG Strix G15 with 90Whr Battery Ryzen 7 Octa Core 5800H - (16 GB/1 TB SSD/Windows 11 Home/8 GB G...,ASUS,146990,176990,16% off,5.0,4 Ratings & 0 Reviews,['AMD Ryzen 7 Octa Core Processor' '16 GB DDR4 RAM' '64 bit Windows 11 Operating System' '1 TB SSD' '39.62 cm (15.6 inch) Display' '1 Year Onsite Warranty'],laptops
HP 15s Intel Core i3 11th Gen - (8 GB/1 TB HDD/256 GB SSD/Windows 11 Home) 15s-du3614TU Thin and Light...,HP,41490,51470,19% off,4.1,93 Ratings & 2 Reviews,['Intel Core i3 Processor (11th Gen)' '8 GB DDR4 RAM' '64 bit Windows 11 Operating System' '1 TB HDD|256 GB SSD' '39.62 cm (15.6 inch) Display' '1 Year Onsite Warranty'],laptops
ASUS Core i5 10th Gen - (8 GB/512 GB SSD/Windows 11 Home) X415JA-EK522WS Laptop,ASUS,43490,57990,25% off,4.3,13 Ratings & 1 Reviews,['Intel Core i5 Processor (10th Gen)' '8 GB DDR4 RAM' 'Windows 11 Operating System' '512 GB SSD' '35.56 cm (14 inch) Display' '1 Year Onsite Warranty'],laptops
ASUS Zenbook 13 Intel EVO Core i5 11th Gen - (16 GB/512 GB SSD/Windows 11 Home) UX325EA-KG512WS Thin a...,ASUS,71990,98990,27% off,4.7,12 Ratings & 0 Reviews,['Intel Core i5 Processor (11th Gen)' '16 GB LPDDR4 RAM' '64 bit Windows 11 Operating System' '512 GB SSD' '33.78 cm (13.3 Inch) Display' '1 Year Onsite Warranty'],laptops
DELL Inspiron Ryzen 3 Dual Core 3250U - (8 GB/512 GB SSD/Windows 11 Home) Inspiron 3515 Notebook,DELL,40190,54435,26% off,4.2,62 Ratings & 2 Reviews,['AMD Ryzen 3 Dual Core Processor' '8 GB DDR4 RAM' '64 bit Windows 11 Operating System' '512 GB SSD' '39.62 cm (15.6 Inch) Display' '1 Year Onsite Warranty'],laptops
ASUS Pentium Quad Core - (4 GB/1 TB HDD/Windows 10 Home) X543MA-DM101T Laptop,ASUS,22990,30990,25% off,3.7,3154 Ratings & 404 Reviews,['Intel Pentium Quad Core Processor' '4 GB DDR4 RAM' '64 bit Windows 10 Operating System' '1 TB HDD' '39.62 cm (15.6 inch) Display' 'Tru2Life Splendid' '1 Year Onsite Warranty'],laptops
acer Ryzen 3 Dual Core 3250U - (8 GB/256 GB SSD/Windows 11 Home) Z2-493 Thin and Light Laptop,acer,25990,43999,40% off,3.9,239 Ratings & 27 Reviews,['AMD Ryzen 3 Dual Core Processor' '8 GB DDR4 RAM' '64 bit Windows 11 Operating System' '256 GB SSD' '35.56 cm (14 inch) Display' '1 Year International Travelers Warranty (ITW)'],laptops
Lenovo Ideapad Slim 3i (2021) Core i5 11th Gen - (8 GB/256 GB SSD/Windows 10 Home) 15ITL6/ 15ITL6 Ub T...,Lenovo,50499,75390,33% off,4.3,439 Ratings & 43 Reviews,['Intel Core i5 Processor (11th Gen)' '8 GB DDR4 RAM' '64 bit Windows 10 Operating System' '256 GB SSD' '39.62 cm (15.6 inch) Display' 'Microsoft Office Home and Student 2019' '2 Years Warranty'],laptops
acer Nitro 5 Ryzen 5 Hexa Core 5600H - (16 GB/512 GB SSD/Windows 11 Home/4 GB Graphics/NVIDIA GeForce ...,acer,66990,99999,33% off,4.3,168 Ratings & 14 Reviews,['AMD Ryzen 5 Hexa Core Processor' '16 GB DDR4 RAM' 'Windows 11 Operating System' '512 GB SSD' '39.62 cm (15.6 Inch) Display' '1 Year International Travelers Warranty (ITW)'],laptops
ASUS VivoBook K15 OLED Ryzen 7 Octa Core AMD R7-5700U - (16 GB/512 GB SSD/Windows 11 Home) KM513UA-L71...,ASUS,59990,86990,31% off,4.3,850 Ratings & 103 Reviews,['AMD Ryzen 7 Octa Core Processor' '16 GB DDR4 RAM' '64 bit Windows 11 Operating System' '512 GB SSD' '39.62 cm (15.6 Inch) Display' '1 Year onsite warranty'],laptops
ASUS Vivobook Ultra 14 (2022) Core i3 11th Gen - (8 GB/512 GB SSD/Windows 11 Home) K413EA-EB303WS Thin...,ASUS,39990,58990,32% off,4.2,295 Ratings & 33 Reviews,['Intel Core i3 Processor (11th Gen)' '8 GB DDR4 RAM' '64 bit Windows 11 Operating System' '512 GB SSD' '35.56 cm (14 inch) Display' '1 Year Onsite Warranty'],laptops
ASUS ROG Strix G15 Advantage Edition with 90Whr Battery Ryzen 9 Octa Core 5980HX - (16 GB/1 TB SSD/Win...,ASUS,150990,197990,23% off,4.9,7 Ratings & 2 Reviews,['AMD Ryzen 9 Octa Core Processor' '16 GB DDR4 RAM' 'Windows 11 Operating System' '1 TB SSD' '39.62 cm (15.6 inch) Display' 'Microsoft Office Home & Student' '1 Year Onsite Warranty'],laptops
Lenovo Legion 5 Core i5 10th Gen - (8 GB/512 GB SSD/Windows 11 Home/4 GB Graphics/NVIDIA GeForce RTX 3...,Lenovo,69990,103490,32% off,4.4,23 Ratings & 5 Reviews,['Intel Core i5 Processor (10th Gen)' '8 GB DDR4 RAM' '64 bit Windows 11 Operating System' '512 GB SSD' '39.62 cm (15.6 inch) Display' '1 Year Onsiteï¿½Warrantyï¿½+ 1 Year Legion Ultimate Support + 1 Year Accidental Damage Protection'],laptops
APPLE 2022 MacBook AIR M2 - (8 GB/256 GB SSD/Mac OS Monterey) MLY13HN/A,APPLE,112990,119990,5% off,4.9,36 Ratings & 5 Reviews,['Apple M2 Processor' '8 GB Unified Memory RAM' 'Mac OS Operating System' '256 GB SSD' '34.54 cm (13.6 Inch) Display' 'Built-in Apps: iMovie Siri GarageBand Pages Numbers Photos Keynote Safari Mail FaceTime Messages Maps Stocks Home Voice Memos Notes Calendar Contacts Reminders Photo Booth Preview Books App Store Time Machine TV Music Podcasts Find My QuickTime Player' '1 Year Limited Warranty'],laptops
ASUS ZenBook Duo 14 (2021) Touch Panel Core i7 11th Gen - (16 GB/1 TB SSD/Windows 10 Home/2 GB Graphic...,ASUS,104990,158990,33% off,4.5,66 Ratings & 11 Reviews,['Intel Core i7 Processor (11th Gen)' '16 GB LPDDR4X RAM' 'Windows 10 Operating System' '1 TB SSD' '35.56 cm (14 inch) Touchscreen Display' 'MyASUS ScreenXpert Office Home and Student 2019 with lifetime validity McAfee Anti-virus for 1 Year Link to MyASUS (All Models Bluetooth Needed)' '1 Year Onsite Warranty'],laptops
ASUS TUF Dash F15 Core i7 12th Gen - (16 GB/1 TB SSD/Windows 11 Home/4 GB Graphics/NVIDIA GeForce RTX ...,ASUS,99990,128990,22% off,4.5,115 Ratings & 12 Reviews,['Intel Core i7 Processor (12th Gen)' '16 GB DDR5 RAM' '64 bit Windows 11 Operating System' '1 TB SSD' '39.62 cm (15.6 inch) Display' '1 Year Onsite Warranty'],laptops
ASUS TUF Gaming A15 Ryzen 5 Hexa Core AMD R5-4600H - (8 GB/1 TB SSD/Windows 11 Home/4 GB Graphics/NVID...,ASUS,59990,75990,21% off,4.5,198 Ratings & 22 Reviews,['AMD Ryzen 5 Hexa Core Processor' '8 GB DDR4 RAM' '64 bit Windows 11 Operating System' '1 TB SSD' '39.62 cm (15.6 inch) Display' '1 Year Onsite Warranty'],laptops
ASUS Core i3 10th Gen - (8 GB/512 GB SSD/Windows 11 Home) X415JA-EK324WS Notebook,ASUS,33990,45499,25% off,4.8,4 Ratings & 0 Reviews,['Intel Core i3 Processor (10th Gen)' '8 GB DDR4 RAM' 'Windows 11 Operating System' '512 GB SSD' '35.56 cm (14 inch) Display' '1 Year Manufacturer'],laptops
ASUS EeeBook 14 with NumberPad Pentium Silver - (8 GB/256 GB SSD/Windows 11 Home) E410KA-BV103WS Thin ...,ASUS,27990,40990,31% off,4.1,97 Ratings & 10 Reviews,['Intel Pentium Silver Processor' '8 GB DDR4 RAM' '64 bit Windows 11 Operating System' '256 GB SSD' '35.56 cm (14 Inch) Display' '1 Year Onsite warranty'],laptops
Lenovo ThinkBook 13s Core i5 11th Gen - (16 GB/512 GB SSD/Windows 10 Home) TB13s ITL Gen 2 Thin and Li...,Lenovo,64990,120708,46% off,4.2,154 Ratings & 18 Reviews,['Intel Core i5 Processor (11th Gen)' '16 GB DDR4 RAM' '64 bit Windows 10 Operating System' '512 GB SSD' '33.02 cm (13 inch) Display' 'Microsoft Office Home & Student 2019' '1 Year Onsite Warranty'],laptops
ASUS Zenbook Flip 14 OLED (2022) Touch Panel Core i5 12th Gen - (16 GB/512 GB SSD/Windows 11 Home) UP5...,ASUS,108990,122990,11% off,4.7,3 Ratings & 0 Reviews,['Intel Core i5 Processor (12th Gen)' '16 GB LPDDR5 RAM' '64 bit Windows 11 Operating System' '512 GB SSD' '35.56 cm (14 inch) Touchscreen Display' '1 Year Onsite Warranty'],laptops
MSI Prestige 14 Core i7 10th Gen - (16 GB/512 GB SSD/Windows 10 Home/2 GB Graphics) Prestige 14 A10RAS...,MSI,74990,123990,39% off,3.9,94 Ratings & 12 Reviews,['Intel Core i7 Processor (10th Gen)' '16 GB DDR4 RAM' '64 bit Windows 10 Operating System' '512 GB SSD' '35.56 cm (14 inch) Display' 'Cooler Boost True Color 2.0 Nahimic 3 Creator Center' '1 Year Carry In Warranty'],laptops
ASUS Zenbook S 13 OLED Ryzen 5 Hexa Core 6600U - (16 GB/512 GB SSD/Windows 11 Home) UM5302TA-LX501WS T...,ASUS,99990,122990,18% off,4.8,4 Ratings & 2 Reviews,['AMD Ryzen 5 Hexa Core Processor' '16 GB LPDDR5 RAM' 'Windows 11 Operating System' '512 GB SSD' '33.78 cm (13.3 Inch) Touchscreen Display' '1 Year Onsite Warranty'],laptops
APPLE 2022 MacBook AIR M2 - (8 GB/512 GB SSD/Mac OS Monterey) MLY43HN/A,APPLE,139990,149900,6% off,4.6,23 Ratings & 0 Reviews,['Apple M2 Processor' '8 GB Unified Memory RAM' 'Mac OS Operating System' '512 GB SSD' '34.54 cm (13.6 Inch) Display' 'Built-in Apps: iMovie Siri GarageBand Pages Numbers Photos Keynote Safari Mail FaceTime Messages Maps Stocks Home Voice Memos Notes Calendar Contacts Reminders Photo Booth Preview Books App Store Time Machine TV Music Podcasts Find My QuickTime Player' '1 Year Limited Warranty'],laptops
DELL Vostro Core i3 10th Gen - (8 GB/512 GB SSD/Windows 11 Home) Vostro 3510 Thin and Light Laptop,DELL,38990,54783,28% off,4.0,193 Ratings & 28 Reviews,['Intel Core i3 Processor (10th Gen)' '8 GB DDR4 RAM' '64 bit Windows 11 Operating System' '512 GB SSD' '39.62 cm (15.6 Inch) Display' '1 Year Onsite Warranty'],laptops
DELL Inspiron Ryzen 7 Octa Core 5825U - (8 GB/512 GB SSD/Windows 11 Home) Inspiron 3525 Notebook,DELL,59990,85550,29% off,4.1,23 Ratings & 6 Reviews,"['Processor: AMD Ryzen 7-5825U (2.00 GHz up to 4.50 GHz)' 'RAM & Storage: 8GB DDR4 (2 DIMM Slots) & 512GB SSD' 'Software: Win 11 + Office H&S 2021' 'Display: 15.6"" FHD WVA AG Narrow Border 120Hz 250 nits' 'Ports: 1 USB 3.2 Gen 1 port 1 USB 3.2 Gen 1 Type-C port 1 USB 2.0 port 1 Headset jack 1 HDMI 1.4 port* 1 SD 3.0 card slot' 'AMD Ryzen 7 Octa Core Processor' '8 GB DDR4 RAM' '64 bit Windows 11 Operating System' '512 GB SSD' '39.62 cm (15.6 inch) Display' '1 Year Onsite Warranty']",laptops
APPLE 2022 MacBook AIR M2 - (8 GB/512 GB SSD/Mac OS Monterey) MLXX3HN/A,APPLE,139990,149900,6% off,4.7,15 Ratings & 2 Reviews,['Apple M2 Processor' '8 GB Unified Memory RAM' 'Mac OS Operating System' '512 GB SSD' '34.54 cm (13.6 Inch) Display' 'Built-in Apps: iMovie Siri GarageBand Pages Numbers Photos Keynote Safari Mail FaceTime Messages Maps Stocks Home Voice Memos Notes Calendar Contacts Reminders Photo Booth Preview Books App Store Time Machine TV Music Podcasts Find My QuickTime Player' '1 Year Limited Warra\xadnty'],laptops
ASUS TUF Dash F15 (2022) Core i5 12th Gen - (8 GB/512 GB SSD/Windows 11 Home/4 GB Graphics/NVIDIA GeFo...,ASUS,82990,103990,20% off,4.3,68 Ratings & 6 Reviews,['Intel Core i5 Processor (12th Gen)' '8 GB DDR5 RAM' 'Windows 11 Operating System' '512 GB SSD' '39.62 cm (15.6 inch) Display' 'Microsoft Office Home & Student' '1 Year Onsite Warranty'],laptops
MSI Core i5 11th Gen - (8 GB/512 GB SSD/Windows 10 Home/4 GB Graphics/NVIDIA GeForce GTX 1650 MAX Q/14...,MSI,49990,78990,36% off,4.5,167 Ratings & 14 Reviews,['Intel Core i5 Processor (11th Gen)' '8 GB DDR4 RAM' '64 bit Windows 10 Operating System' '512 GB SSD' '39.62 cm (15.6 Inch) Display' '2 Year Carry-In Warranty Term'],laptops
Infinix INBook X1 Core i3 10th Gen - (8 GB/256 GB SSD/Windows 11 Home) XL11 Thin and Light Laptop,Infinix,29990,49999,40% off,4.3,5710 Ratings & 996 Reviews,['Intel Core i3 Processor (10th Gen)' '8 GB LPDDR4X RAM' '64 bit Windows 11 Operating System' '256 GB SSD' '35.56 cm (14 inch) Display' '1 year Onsite Warranty'],laptops
ASUS ROG Strix G15 (2021) Ryzen 7 Octa Core AMD R7-4800H - (8 GB/512 GB SSD/Windows 10 Home/4 GB Graph...,ASUS,76490,90990,15% off,4.5,2006 Ratings & 255 Reviews,['AMD Ryzen 7 Octa Core Processor' '8 GB DDR4 RAM' '64 bit Windows 10 Operating System' '512 GB SSD' '39.62 cm (15.6 inch) Display' '1 Year Onsite Warranty'],laptops
DELL Ryzen 7 Octa Core AMD R7-5800H - (16 GB/512 GB SSD/Windows 11 Home/4 GB Graphics/NVIDIA GeForce R...,DELL,89081,121935,26% off,5.0,6 Ratings & 0 Reviews,['NVIDIA RTX 3050 Graphics upto 90W TGP' '15.6 inch Full HD AG Display (250 nits Brightness 120Hz Narrow Border)' 'Alienware Command Center' 'AMD Ryzen 7 Octa Core Processor' '16 GB DDR4 RAM' '64 bit Windows 11 Operating System' '512 GB SSD' '39.62 cm (15.6 inch) Display' 'Office Home and Student 2021' '1 Year Premium Support'],laptops
ASUS Vivobook 14 Core i3 10th Gen - (4 GB/1 TB HDD/Windows 10 Home) X409FA-EK617T Thin and Light Lapto...,ASUS,30650,40990,25% off,3.6,64 Ratings & 10 Reviews,['Intel Core i3 Processor (10th Gen)' '4 GB DDR4 RAM' '64 bit Windows 10 Operating System' '1 TB HDD' '35.81 cm (14.1 inch) Display' '1 Year Manufacturing Warranty'],laptops
ASUS ROG Strix G15 (2022) with 90Whr Battery Ryzen 7 Octa Core AMD R7-6800H - (16 GB/1 TB SSD/Windows ...,ASUS,140990,182990,22% off,5.0,5 Ratings & 0 Reviews,['AMD Ryzen 7 Octa Core Processor' '16 GB DDR5 RAM' 'Windows 11 Operating System' '1 TB SSD' '39.62 cm (15.6 inch) Display' 'Microsoft Office Home & Student' '1 Year Onsite Warranty'],laptops
Lenovo Ideapad Slim 3i (2021) Core i5 11th Gen - (8 GB/512 GB SSD/Windows 10 Home) 14 ITL 6 Thin and L...,Lenovo,58000,74390,22% off,4.3,548 Ratings & 52 Reviews,['Intel Core i5 Processor (11th Gen)' '8 GB DDR4 RAM' '64 bit Windows 10 Operating System' '512 GB SSD' '35.56 cm (14 Inch) Display' 'Microsoft Office Home and Student 2019' '2 Years Warranty'],laptops
ASUS VivoBook 14 (2022) Core i3 12th Gen - (8 GB/512 GB SSD/Windows 11 Home) X1402ZA-EB312WS Thin and ...,ASUS,47990,62990,23% off,4.4,26 Ratings & 7 Reviews,['Intel Core i3 Processor (12th Gen)' '8 GB DDR4 RAM' 'Windows 11 Operating System' '512 GB SSD' '35.56 cm (14 inch) Display' 'Office Home and Student 2021' '1 Year Onsite Warranty'],laptops
APPLE 2021 Macbook Pro M1 Pro - (16 GB/1 TB SSD/Mac OS Monterey) MKGQ3HN/A,APPLE,222990,239900,7% off,4.8,112 Ratings & 15 Reviews,['Apple M1 Pro Processor' '16 GB Unified Memory RAM' 'Mac OS Operating System' '1 TB SSD' '36.07 cm (14.2 inch) Display' 'iMovie Siri GarageBand Pages Numbers Photos Keynote Safari Mail FaceTime Messages Maps Stocks Home Voice Memos Notes Calendar Contacts Reminders Photo Booth Preview Books App Store Time Machine TV Music Podcasts Find My QuickTime Player' '1 Year Limited Warranty'],laptops
HP Ryzen 3 Dual Core 3250U - (8 GB/512 GB SSD/Windows 11 Home) 15s- eq1560AU Thin and Light Laptop,HP,33990,46052,26% off,4.3,3743 Ratings & 388 Reviews,['AMD Ryzen 3 Dual Core Processor' '8 GB DDR4 RAM' '64 bit Windows 11 Operating System' '512 GB SSD' '39.62 cm (15.6 inch) Display' '1 Year Onsite Warranty'],laptops
Infinix X1 Slim Series Core i5 10th Gen - (8 GB/512 GB SSD/Windows 11 Home) XL21 Thin and Light Laptop,Infinix,36990,59999,38% off,4.2,640 Ratings & 95 Reviews,['Intel Core i5 Processor (10th Gen)' '8 GB LPDDR4X RAM' '64 bit Windows 11 Operating System' '512 GB SSD' '35.56 cm (14 Inch) Display' 'NA' '1 Year Onsite Warranty'],laptops
ASUS VivoBook K15 OLED (2022) Core i5 11th Gen - (16 GB/1 TB HDD/256 GB SSD/Windows 10 Home) K513EA-L5...,ASUS,63990,85990,25% off,4.4,611 Ratings & 84 Reviews,['Intel Core i5 Processor (11th Gen)' '16 GB DDR4 RAM' '64 bit Windows 10 Operating System' '1 TB HDD|256 GB SSD' '39.62 cm (15.6 inch) Display' 'Microsoft Office Home and Student 2019 AppDeals Splendid Tru2Life Link to MyASUS' '1 Year Onsite Warranty'],laptops
HP Pavilion Intel Core i5 11th Gen - (16 GB/512 GB SSD/Windows 11 Home) 14-dy1048TU Thin and Light Lap...,HP,72999,85837,14% off,3.7,21 Ratings & 4 Reviews,"['Intel Core i5 Processor (11th Gen)' '16 GB DDR4 RAM' '64 bit Windows 11 Operating System' '512 GB SSD' '35.56 cm (14 inch) Touchscreen Display' '""Microsoft Office Home & Student 2019 HP Documentation HP SSRM HP Smart ""' '1 Year Onsite Warranty']",laptops
Infinix INBook X2 Plus Core i3 11th Gen - (8 GB/256 GB SSD/Windows 11 Home) XL25 Thin and Light Laptop,Infinix,32990,44990,26% off,4.4,26 Ratings & 5 Reviews,['Intel Core i3 Processor (11th Gen)' '8 GB LPDDR4X RAM' '64 bit Windows 11 Operating System' '256 GB SSD' '39.62 cm (15.6 Inch) Display' '1 Year Onsite Warranty'],laptops
ASUS TUF Gaming F15 Core i5 10th Gen - (8 GB/512 GB SSD/Windows 10 Home/4 GB Graphics/NVIDIA GeForce G...,ASUS,64990,81990,20% off,4.5,5061 Ratings & 557 Reviews,['Intel Core i5 Processor (10th Gen)' '8 GB DDR4 RAM' '64 bit Windows 10 Operating System' '512 GB SSD' '39.62 cm (15.6 Inch) Display' 'NA' '1 Year Onsite Warranty'],laptops
HP Pavilion Gaming Ryzen 7 Octa Core AMD R7-5800H - (16 GB/512 GB SSD/Windows 11 Home/4 GB Graphics/NV...,HP,75990,92404,17% off,4.3,264 Ratings & 28 Reviews,"['AMD Ryzen 7 Octa Core Processor' '16 GB DDR4 RAM' '64 bit Windows 11 Operating System' '512 GB SSD' '39.62 cm (15.6 inch) Display' '""HP Documentation HP e-service HP BIOS recovery HP SSRM HP Jumpstart Microsoft Office Home & Student 2019 ""' '1 Year Onsite Warranty']",laptops
HP Pavilion Ryzen 5 Hexa Core AMD R5-5600H - (8 GB/512 GB SSD/Windows 10 Home/4 GB Graphics/NVIDIA GeF...,HP,60990,73544,17% off,4.4,89 Ratings & 11 Reviews,['AMD Ryzen 5 Hexa Core Processor' '8 GB DDR4 RAM' '64 bit Windows 11 Operating System' '512 GB SSD' '39.62 cm (15.6 Inch) Display' 'Microsoft Office Home & Student 2019 HP Documentation HP e-service HP BIOS recovery HP SSRM HP Smart HP Jumpstarts' '1 Year onsite warranty'],laptops
DELL Vostro Core i5 11th Gen - (8 GB/512 GB SSD/Windows 10/2 GB Graphics) Vostro 3400 Thin and Light L...,DELL,63090,68928,8% off,3.9,87 Ratings & 9 Reviews,['Processor: 11th Generation Intel Core i5-1135G7 Processor (8MB Cache up to 4.2 GHz)' 'Memory & Storage:8GB DDR4 2666MHz | 512GB M.2 PCIe NVMe Solid State Drive' 'Display:14.0-inch FHD (1920 x 1080) Anti-glare LED Backlight Narrow Border WVA Display' 'Graphics: Dedicated NVIDIA MX330 2GB GDDR5' 'Operating System & Software:Windows 10 Home Single Language | Microsoft Office Home and Student 2019' 'I/O ports: 2x USB 3.2 Gen-1 1xUSB 2.0 1xHDMI port 1xEthernet port1x Headset jack 1xSD Media Card Reader' 'Intel Core i5 Processor (11th Gen)' '8 GB DDR4 RAM' '64 bit Windows 10 Operating System' '512 GB SSD' '88.9 cm (35 cm) Display' '1 Year Onsite Warranty'],laptops
Nokia PureBook X14 Core i5 10th Gen - (8 GB/512 GB SSD/Windows 10 Home) NKi510UL85S Thin and Light Lap...,Nokia,50490,90000,43% off,4.4,1491 Ratings & 312 Reviews,['Intel Core i5 Processor (10th Gen)' '8 GB DDR4 RAM' '64 bit Windows 10 Operating System' '512 GB SSD' '35.56 cm (14 inch) Display' '1 Year Onsite Warranty Commencing from the Date of Purchase'],laptops
ASUS VivoBook 15 (2022) Core i5 11th Gen - (8 GB/1 TB HDD/256 GB SSD/Windows 10 Home) X515EA-EJ502TS T...,ASUS,50990,70990,28% off,4.3,3382 Ratings & 299 Reviews,['Intel Core i5 Processor (11th Gen)' '8 GB DDR4 RAM' 'Windows 10 Operating System' '1 TB HDD|256 GB SSD' '39.62 cm (15.6 inch) Display' 'Microsoft Office Home & Student 2019' '1 Year Onsite Warranty'],laptops
DELL Ryzen 3 Dual Core 3250U - (8 GB/512 GB SSD/Windows 11 Home) INSPIRON 3515 Thin and Light Laptop,DELL,40690,53774,24% off,4.0,28 Ratings & 2 Reviews,['AMD Ryzen 3 Dual Core Processor' '8 GB DDR4 RAM' '64 bit Windows 11 Operating System' '512 GB SSD' '39.62 cm (15.6 inch) Display' 'Office Home and Student 2021' '1 Year Onsite Warranty'],laptops
DELL Core i5 11th Gen - (8 GB/512 GB SSD/Windows 11 Home) D560784WIN9S Laptop,DELL,59936,74618,19% off,4.0,3 Ratings & 2 Reviews,['Intel Core i5 Processor (11th Gen)' '8 GB DDR4 RAM' 'Windows 11 Operating System' '512 GB SSD' '39.62 cm (15.6 inch) Display' '1 YEAR'],laptops
DELL Vostro Ryzen 5 Quad Core 3500U - (8 GB/512 GB SSD/Windows 10) Vostro 3405 Thin and Light Laptop,DELL,49690,61740,19% off,4.4,13 Ratings & 2 Reviews,['AMD Ryzen 5 Quad Core Processor' '8 GB DDR4 RAM' '64 bit Windows 10 Operating System' '512 GB SSD' '35.56 cm (14 inches) Display' '1 Year Onsite Warranty'],laptops
APPLE 2021 Macbook Pro M1 Pro - (16 GB/512 GB SSD/Mac OS Monterey) MK1E3HN/A,APPLE,222990,239900,7% off,4.8,112 Ratings & 15 Reviews,['Apple M1 Pro Processor' '16 GB Unified Memory RAM' 'Mac OS Operating System' '512 GB SSD' '41.15 cm (16.2 inch) Display' 'iMovie Siri GarageBand Pages Numbers Photos Keynote Safari Mail FaceTime Messages Maps Stocks Home Voice Memos Notes Calendar Contacts Reminders Photo Booth Preview Books App Store Time Machine TV Music Podcasts Find My QuickTime Player' '1 Year Limited Warranty'],laptops
APPLE 2022 MacBook AIR M2 - (8 GB/512 GB SSD/Mac OS Monterey) MLY03HN/A,APPLE,139990,149900,6% off,4.3,6 Ratings & 0 Reviews,['Apple M2 Processor' '8 GB Unified Memory RAM' 'Mac OS Operating System' '512 GB SSD' '34.54 cm (13.6 Inch) Display' 'Built-in Apps: iMovie Siri GarageBand Pages Numbers Photos Keynote Safari Mail FaceTime Messages Maps Stocks Home Voice Memos Notes Calendar Contacts Reminders Photo Booth Preview Books App Store Time Machine TV Music Podcasts Find My QuickTime Player' '1 Year Limited Warra\xadnty'],laptops
Infinix INBook X2 Plus Core i3 11th Gen - (8 GB/512 GB SSD/Windows 11 Home) XL25 Thin and Light Laptop,Infinix,31990,49990,36% off,4.2,55 Ratings & 15 Reviews,['Intel Core i3 Processor (11th Gen)' '8 GB LPDDR4X RAM' '64 bit Windows 11 Operating System' '512 GB SSD' '39.62 cm (15.6 Inch) Display' '1 Year Onsite Warranty'],laptops
DELL G15 Core i7 12th Gen - (16 GB/512 GB SSD/Windows 11 Home/4 GB Graphics/NVIDIA GeForce RTX 3050 Ti...,DELL,111990,141348,20% off,4.0,12 Ratings & 4 Reviews,['Intel Core i7 Processor (12th Gen)' '16 GB DDR5 RAM' '64 bit Windows 11 Operating System' '512 GB SSD' '39.62 cm (15.6 Inch) Display' '1 Year Premium Support'],laptops
Lenovo IdeaPad 3 Core i3 11th Gen - (8 GB/256 GB SSD/Windows 11 Home) 15ITL05 Thin and Light Laptop,Lenovo,35990,48490,25% off,4.2,150 Ratings & 14 Reviews,['Intel Core i3 Processor (11th Gen)' '8 GB DDR4 RAM' '64 bit Windows 11 Operating System' '256 GB SSD' '39.62 cm (15.6 Inch) Display' '2 Years Onsiteï¿½Warranty'],laptops
ASUS VivoBook Flip 14 Core i5 11th Gen - (8 GB/512 GB SSD/Windows 11 Home) TP470EA-EC512WS 2 in 1 Lapt...,ASUS,61990,69990,11% off,4.7,15 Ratings & 1 Reviews,['Intel Core i5 Processor (11th Gen)' '8 GB LPDDR4X RAM' '64 bit Windows 11 Operating System' '512 GB SSD' '35.56 cm (14 Inch) Touchscreen Display' '1 Year onsite warranty'],laptops
Infinix X1 Series Core i7 10th Gen - (16 GB/512 GB SSD/Windows 11 Home/128 MB Graphics) XL12 Thin and ...,Infinix,46990,69999,32% off,4.2,179 Ratings & 25 Reviews,['Intel Core i7 Processor (10th Gen)' '16 GB LPDDR4X RAM' '64 bit Windows 11 Operating System' '512 GB SSD' '35.56 cm (14 Inch) Display' '1 Year Onsite Warranty'],laptops
DELL Inspiron Core i5 11th Gen - (16 GB/512 GB SSD/Windows 11 Home) INSPIRON 3511 Thin and Light Lapto...,DELL,62490,81497,23% off,4.3,67 Ratings & 2 Reviews,['Intel Core i5 Processor (11th Gen)' '16 GB DDR4 RAM' '64 bit Windows 11 Operating System' '512 GB SSD' '39.62 cm (15.6 Inch) Display' '1 Year Onsite Warranty'],laptops
MSI Stealth 15M Core i7 11th Gen - (16 GB/1 TB SSD/Windows 10 Home/6 GB Graphics/NVIDIA GeForce RTX 30...,MSI,114990,162990,29% off,4.2,29 Ratings & 4 Reviews,['Intel Core i7 Processor (11th Gen)' '16 GB DDR4 RAM' '64 bit Windows 10 Operating System' '1 TB SSD' '39.62 cm (15.6 inch) Display' 'Silver-Lining Print Cooler Boost Audio Boost Dragon Center Nahimic 3' '2 Year Warranty Term for Gaming & Content Creation (EU-WE)'],laptops
HP Intel Core i3 11th Gen - (8 GB/256 GB SSD/Windows 10 Home) 14s- DY2501TU Thin and Light Laptop,HP,41150,45892,10% off,4.4,5446 Ratings & 576 Reviews,['Intel Core i3 Processor (11th Gen)' '8 GB DDR4 RAM' '64 bit Windows 10 Operating System' '256 GB SSD' '35.56 cm (14 inch) Display' 'HP Documentation HP SSRM HP Smart Microsoft Office 2019 McAfeeLiveSafe 30 day trial HP Support Assistant' '1 Year Onsite Warranty'],laptops
acer Aspire 3 Ryzen 5 Quad Core 3500U - (8 GB/512 GB SSD/Windows 10 Home) A315-23 Notebook,acer,39990,57999,31% off,4.4,360 Ratings & 39 Reviews,['AMD Ryzen 5 Quad Core Processor' '8 GB DDR4 RAM' '64 bit Windows 10 Operating System' '512 GB SSD' '39.62 cm (15.6 inch) Display' 'Acer Care Center Quick Access Acer Product Registration' '1 Year International Travelers Warranty (ITW)'],laptops
HP Core i3 11th Gen - (8 GB/512 GB SSD/Windows 11 Home) 15s-fr2511TU Thin and Light Laptop,HP,42690,50585,15% off,4.2,245 Ratings & 29 Reviews,['Intel Core i3 Processor (11th Gen)' '8 GB DDR4 RAM' '64 bit Windows 11 Operating System' '512 GB SSD' '39.62 cm (15.6 Inch) Display' 'Microsoft Office 2021 Home & Student HP Documentation HP BIOS recovery HP Smart' '1 Year Onsite Warranty'],laptops
DELL Inspiron Core i3 11th Gen - (8 GB/256 GB SSD/Windows 11 Home) INSPIRON 5410 2 in 1 Laptop,DELL,54900,68658,20% off,4.3,361 Ratings & 32 Reviews,"['Processor: Intel i3-1125G4 (2.00 GHz up to 3.70 GHz)' 'RAM & Storage: 8GB DDR4 (2 DIMM Slots) & 256GB SSD' 'Software: Win 11 + Office H&S 2021' 'Display: 14.0"" FHD WVA Truelife Touch Narrow Border 60Hz' 'Ports: ""1 HDMI out 1.4a 2 USB 3.2 Gen 1 Type-A 1 USB 3.2 Gen 2 Type-C with Power Delivery and Video 1 DC-in port 1 3.5mm Headphone/Microphone combination jack""' 'WiFi & BT: Intel Wi-Fi 6 2x2 (Gig+) and Bluetooth 5.1' 'Intel Core i3 Processor (11th Gen)' '8 GB DDR4 RAM' '64 bit Windows 11 Operating System' '256 GB SSD' '35.56 cm (14 inch) Touchscreen Display' 'Office Home and Student 2021' '1 Year Onsite Warranty']",laptops
ASUS VivoBook 15 Ryzen 3 Dual Core AMD R3-3250U - (4 GB/256 GB SSD/Windows 10 Home) M515DA-BQ312TS Thi...,ASUS,26990,42990,37% off,4.3,1643 Ratings & 226 Reviews,['AMD Ryzen 3 Dual Core Processor' '4 GB DDR4 RAM' '64 bit Windows 10 Operating System' '256 GB SSD' '39.62 cm (15.6 inch) Display' 'Microsoft Office Home and Student 2019 Splendid (All models) Tru2Life (Intel Platform Models) Link to MyASUS (All Models Bluetooth Needed)' '1 Year Onsite Warranty'],laptops
ASUS ROG Strix G15 Ryzen 7 Octa Core AMD R7-4800H - (8 GB/512 GB SSD/Windows 11 Home/4 GB Graphics/NVI...,ASUS,87990,107990,18% off,4.5,1168 Ratings & 153 Reviews,['AMD Ryzen 7 Octa Core Processor' '8 GB DDR4 RAM' '64 bit Windows 11 Operating System' '512 GB SSD' '39.62 cm (15.6 Inch) Display' '1 Year Onsite Warranty'],laptops
DELL Inspiron 3000 Core i3 11th Gen - (8 GB/512 GB SSD/Windows 11 Home) 3511 Thin and Light Laptop,DELL,43890,57500,23% off,3.9,71 Ratings & 5 Reviews,['Intel Core i3 Processor (11th Gen)' '8 GB DDR4 RAM' '64 bit Windows 11 Operating System' '512 GB SSD' '39.62 cm (15.6 Inch) Display' '1 Year Onsite Warranty'],laptops
ASUS Core i5 11th Gen - (8 GB/1 TB SSD/Windows 11 Home/4 GB Graphics/NVIDIA GeForce RTX RTX 3050) FX50...,ASUS,70990,97990,27% off,4.8,6 Ratings & 0 Reviews,['Intel Core i5 Processor (11th Gen)' '8 GB DDR4 RAM' 'Windows 11 Operating System' '1 TB SSD' '39.62 cm (15.6 inch) Display' '1 YEAR'],laptops
DELL Vostro Core i3 10th Gen - (8 GB/1 TB HDD/256 GB SSD/Windows 11 Home) Vostro 3510 X9K0T Thin and ...,DELL,42390,54781,22% off,4.2,890 Ratings & 104 Reviews,['Intel Core i3 Processor (10th Gen)' '8 GB DDR4 RAM' '64 bit Windows 11 Operating System' '1 TB HDD|256 GB SSD' '39.62 cm (15.6 inch) Display' 'Microsoft Office Home & Student 2021' '1 Year Onsite Warranty'],laptops
HP 14s Ryzen 5 Hexa Core 5500U - (8 GB/512 GB SSD/Windows 10 Home) 14s-fq1030AU Thin and Light Laptop,HP,52490,56162,6% off,4.4,790 Ratings & 68 Reviews,['AMD Ryzen 5 Hexa Core Processor' '8 GB DDR4 RAM' '64 bit Windows 10 Operating System' '512 GB SSD' '35.56 cm (14 Inch) Display' 'McAfee LiveSafe (30 day Free trial) Microsoft Office Home & Student 2019 HP Documentation HP Smart HP Support Assistant HP SSRM' '1 Year Onsite Warranty'],laptops
ASUS Vivobook 14 (2022) Core i5 12th Gen - (8 GB/512 GB SSD/Windows 11 Home) X1402ZA-EK521WS Thin and ...,ASUS,56990,70990,19% off,4.4,11 Ratings & 1 Reviews,['Intel Core i5 Processor (12th Gen)' '8 GB DDR4 RAM' 'Windows 11 Operating System' '512 GB SSD' '35.56 cm (14 inch) Display' 'Microsoft Office Home & Student 2021' '1 Year Onsite Warranty'],laptops
MSI Crosshair 15 Core i7 12th Gen - (16 GB/512 GB SSD/Windows 11 Home/6 GB Graphics/NVIDIA GeForce RTX...,MSI,109990,134990,18% off,4.6,14 Ratings & 1 Reviews,['Intel Core i7 Processor (12th Gen)' '16 GB DDR4 RAM' '64 bit Windows 11 Operating System' '512 GB SSD' '39.62 cm (15.6 inch) Display' 'Windows 11 Home MSI Center CoolerBoost' '2 Year On-Site & Carry-In Warranty'],laptops
acer Aspire 3 Ryzen 3 Dual Core R33250U - (4 GB/512 GB SSD/Windows 11 Home) A315-23 Notebook,acer,27990,42999,34% off,4.2,81 Ratings & 9 Reviews,['AMD Ryzen 3 Dual Core Processor' '4 GB DDR4 RAM' '64 bit Windows 11 Operating System' '512 GB SSD' '39.62 cm (15.6 Inch) Display' '1 Year International Travelers Warranty'],laptops
ASUS TUF GAMING F15 Core i5 10th Gen - (16 GB/512 GB SSD/Windows 11 Home/4 GB Graphics/NVIDIA GeForce ...,ASUS,63980,82990,22% off,4.5,35 Ratings & 1 Reviews,['Intel Core i5 Processor (10th Gen)' '16 GB DDR4 RAM' '64 bit Windows 11 Operating System' '512 GB SSD' '39.62 cm (15.6 inch) Display' 'Windows 11 Microsoft Office H&S 2021 1 Year McAfee' '1 Year Onsite Warranty'],laptops
ASUS VivoBook Flip 14 Core i5 11th Gen - (8 GB/512 GB SSD/Windows 11 Home) TP470EA-EC511WS 2 in 1 Lapt...,ASUS,69990,82990,15% off,4.5,64 Ratings & 6 Reviews,['Intel Core i5 Processor (11th Gen)' '8 GB LPDDR4X RAM' 'Windows 11 Operating System' '512 GB SSD' '35.56 cm (14 inch) Touchscreen Display' 'Microsoft Office Home and Student 2021' '1 Year Onsite Warranty'],laptops
acer aspire 5 gaming Core i5 12th Gen - (8 GB/512 GB SSD/Windows 11 Home/4 GB Graphics/NVIDIA GeForce ...,acer,61999,79990,22% off,3.7,3 Ratings & 0 Reviews,['Intel Core i5 Processor (12th Gen)' '8 GB DDR4 RAM' '64 bit Windows 11 Operating System' '512 GB SSD' '39.62 cm (15.6 inch) Display' '1 Year International Travelers Warranty (ITW)'],laptops
ASUS TUF Gaming A17 Ryzen 5 Hexa Core AMD R5-4600H - (8 GB/512 GB SSD/Windows 10 Home/4 GB Graphics/NV...,ASUS,64590,81990,21% off,4.5,531 Ratings & 92 Reviews,['AMD Ryzen 5 Hexa Core Processor' '8 GB DDR4 RAM' '64 bit Windows 10 Operating System' '512 GB SSD' '43.94 cm (17.3 inch) Display' '1 Year Onsite Warranty'],laptops
DELL Inspiron Ryzen 5 Hexa Core R5-5500U - (8 GB/512 GB SSD/Windows 11 Home) Inspiron 7415 2 in 1 Lapt...,DELL,71190,93461,23% off,4.7,17 Ratings & 1 Reviews,['AMD Ryzen 5 Hexa Core Processor' '8 GB DDR4 RAM' '64 bit Windows 11 Operating System' '512 GB SSD' '35.56 cm (14 inch) Touchscreen Display' 'Microsoft Office Home and Student 2021' '1 Year Onsite Warranty'],laptops
DELL Vostro Core i3 11th Gen - (8 GB/1 TB HDD/Windows 10) Vostro 3400 Thin and Light Laptop,DELL,42390,44780,5% off,3.9,298 Ratings & 25 Reviews,['Intel Core i3 Processor (11th Gen)' '8 GB DDR4 RAM' '64 bit Windows 10 Operating System' '1 TB HDD' '35.56 cm (14 inches) Display' '1 Year Onsite Warranty'],laptops
ASUS ROG Strix G15 (2022) Ryzen 7 Octa Core AMD R7-6800H - (16 GB/512 GB SSD/Windows 11 Home/4 GB Grap...,ASUS,98990,128990,23% off,4.4,114 Ratings & 14 Reviews,['AMD Ryzen 7 Octa Core Processor' '16 GB DDR5 RAM' '64 bit Windows 11 Operating System' '512 GB SSD' '39.62 cm (15.6 Inch) Display' '1 Year Onsite Warranty'],laptops
acer Aspire 7 Core i5 12th Gen - (8 GB/512 GB SSD/Windows 11 Home/4 GB Graphics/NVIDIA GeForce GTX 165...,acer,54990,89999,38% off,4.3,2582 Ratings & 306 Reviews,['Intel Core i5 Processor (12th Gen)' '8 GB DDR4 RAM' '64 bit Windows 11 Operating System' '512 GB SSD' '39.62 cm (15.6 inch) Display' '1 Year International Travelers Warranty (ITW)'],laptops
DELL Vostro Core i3 10th Gen - (8 GB/512 GB SSD/Windows 11 Home) vostro 3510 icl Thin and Light Laptop,DELL,41890,55444,24% off,4.0,193 Ratings & 28 Reviews,['Intel Core i3 Processor (10th Gen)' '8 GB DDR4 RAM' '64 bit Windows 11 Operating System' '512 GB SSD' '39.62 cm (15.6 inch) Display' 'Microsoft Office Home & Student 2021' '1 Year Onsite Warranty'],laptops
ASUS (2022) Celeron Dual Core - (4 GB/128 GB SSD/Windows 11 Home) BR1100FKA-BP1104W Laptop,ASUS,29980,36990,18% off,4.2,54 Ratings & 6 Reviews,['Intel Celeron Dual Core Processor' '4 GB DDR4 RAM' '64 bit Windows 11 Operating System' '128 GB SSD' '29.46 cm (11.6 Inch) Touchscreen Display' '1 Year Onsite Warranty'],laptops
APPLE 2021 Macbook Pro M1 Pro - (16 GB/1 TB SSD/Mac OS Monterey) MKGT3HN/A,APPLE,222990,239900,7% off,4.8,112 Ratings & 15 Reviews,['Apple M1 Pro Processor' '16 GB Unified Memory RAM' 'Mac OS Operating System' '1 TB SSD' '36.07 cm (14.2 inch) Display' 'iMovie Siri GarageBand Pages Numbers Photos Keynote Safari Mail FaceTime Messages Maps Stocks Home Voice Memos Notes Calendar Contacts Reminders Photo Booth Preview Books App Store Time Machine TV Music Podcasts Find My QuickTime Player' '1 Year Limited Warranty'],laptops
DELL Vostro Core i3 10th Gen - (8 GB/1 TB HDD/Windows 10 Home) Vostro 3401 Thin and Light Laptop,DELL,45090,54517,17% off,4.0,2034 Ratings & 201 Reviews,['Intel Core i3 Processor (10th Gen)' '8 GB DDR4 RAM' '64 bit Windows 10 Operating System' '1 TB HDD' '35.56 cm (14 inch) Display' 'Microsoft Office Home and Student 2019' '1 Year Onsite Warranty'],laptops
ASUS Ryzen 5 Hexa Core - (8 GB/512 GB SSD/Windows 11 Home) M3400QA-KM502WS Laptop,ASUS,54990,74990,26% off,4.4,14 Ratings & 3 Reviews,['AMD Ryzen 5 Hexa Core Processor' '8 GB DDR4 RAM' 'Windows 11 Operating System' '512 GB SSD' '35.56 cm (14 inch) Display' '1 YEAR'],laptops
ASUS Vivobook 15 Core i3 11th Gen - (8 GB/512 GB SSD/Windows 11 Home) X515EA-EJ322WS Laptop,ASUS,36990,56990,35% off,4.2,29 Ratings & 1 Reviews,['Intel Core i3 Processor (11th Gen)' '8 GB DDR4 RAM' '64 bit Windows 10 Operating System' '512 GB SSD' '39.62 cm (15.6 inch) Display' 'Office Home and Student 2019 MyASUS Link to MyASUS Splendid Tru2Life' '1 Year Onsite Warranty'],laptops
ASUS Touchscreen Core i3 12th Gen - (8 GB/512 GB SSD/Windows 11 Home) X1502ZA-EZ311WS Laptop,ASUS,47990,62990,23% off,5.0,3 Ratings & 0 Reviews,['Intel Core i3 Processor (12th Gen)' '8 GB DDR4 RAM' 'Windows 11 Operating System' '512 GB SSD' '39.62 cm (15.6 inch) Touchscreen Display' '1 YEAR'],laptops
HP OMEN Ryzen 7 Octa Core AMD R7-5800H - (16 GB/1 TB SSD/Windows 11 Home/AMD Radeon RX 6600M) 16-C0140...,HP,118990,140347,15% off,3.5,4 Ratings & 0 Reviews,['AMD Ryzen 7 Octa Core Processor' '16 GB DDR4 RAM' '64 bit Windows 11 Operating System' '1 TB SSD' '40.89 cm (16.1 inch) Display' 'Microsoft Office Home & Student 2019 HP Documentation HP e-service HP BIOS recovery HP SSRM HP Smart HP Jumpstarts' '1 Year Onsite Warranty'],laptops
Lenovo IdeaPad 3 Ryzen 3 Dual Core 3250U - (8 GB/256 GB SSD/Windows 10 Home) 15ADA05 Thin and Light La...,Lenovo,37990,43990,13% off,4.4,111 Ratings & 10 Reviews,['AMD Ryzen 3 Dual Core Processor' '8 GB DDR4 RAM' '64 bit Windows 10 Operating System' '256 GB SSD' '39.62 cm (15.6 inch) Display' 'Microsoft Office Home and Student 2019' '1 Year Warranty'],laptops
ASUS ZenBook Duo 14 (2021) Touch Panel Core i5 11th Gen - (16 GB/512 GB SSD/Windows 10 Home/2 GB Graph...,ASUS,95990,140990,31% off,4.5,66 Ratings & 11 Reviews,['Intel Core i5 Processor (11th Gen)' '16 GB LPDDR4X RAM' '64 bit Windows 10 Operating System' '512 GB SSD' '35.56 cm (14 inch) Touchscreen Display' 'MyASUS ScreenXpert Office Home and Student 2019 with lifetime validity McAfee Anti-virus for 1 Year Link to MyASUS (All Models Bluetooth Needed)' '1 Year Onsite Warranty'],laptops
MSI Pulse GL66 Core i7 11th Gen - (16 GB/1 TB SSD/Windows 10 Home/6 GB Graphics/NVIDIA GeForce RTX 306...,MSI,114990,139990,17% off,4.5,149 Ratings & 24 Reviews,['Pre-installed Genuine Windows 10 Home OS' 'Intel Core i7 Processor (11th Gen)' '16 GB DDR4 RAM' '64 bit Windows 10 Operating System' '1 TB SSD' '39.62 cm (15.6 inches) Display' 'Cooler Boost 5 Hi-Res Audio Nahimic 3 Speaker Tuning Engine MSI Center' '2 Year On-Site Warranty'],laptops
Lenovo Ideapad Slim 5 Ryzen 7 Octa Core 4700U - (8 GB/512 GB SSD/Windows 10 Home) 14ARE05 Thin and Lig...,Lenovo,55600,60990,8% off,4.4,683 Ratings & 80 Reviews,['AMD Ryzen 7 Octa Core Processor' '8 GB DDR4 RAM' '64 bit Windows 10 Operating System' '512 GB SSD' '35.56 cm (14 inch) Display' 'Microsoft Office Home and Student 2019' '1 Year Onsiteï¿½Warrantyï¿½+ 1 Year Premium Care + 1 Year Accidental Damage Protection'],laptops
ASUS Core i5 10th Gen - (8 GB/256 GB SSD/Windows 11 Home) X515JA-BQ511WS Thin and Light Laptop,ASUS,44990,59990,25% off,4.7,42 Ratings & 1 Reviews,['Intel Core i5 Processor (10th Gen)' '8 GB DDR4 RAM' 'Windows 11 Operating System' '256 GB SSD' '39.62 cm (15.6 inch) Display' '1 Year Warranty'],laptops
ASUS Core i5 11th Gen - (8 GB/256 GB SSD/Windows 11 Home) X415EA-EB502WS Laptop,ASUS,45990,66990,31% off,5.0,5 Ratings & 1 Reviews,['Intel Core i5 Processor (11th Gen)' '8 GB DDR4 RAM' 'Windows 11 Operating System' '256 GB SSD' '35.56 cm (14 inch) Display' '1 Year Onsite Warranty'],laptops
acer Predator Helios 300 Core i7 10th Gen - (16 GB/1 TB HDD/256 GB SSD/Windows 10 Home/6 GB Graphics/N...,acer,99990,149999,33% off,4.5,1551 Ratings & 206 Reviews,['Free upgrade to Windows 11 when available' 'Intel Core i7 Processor (10th Gen)' '16 GB DDR4 RAM' '64 bit Windows 10 Operating System' '1 TB HDD|256 GB SSD' '39.62 cm (15.6 inch) Display' 'PredatorSense Acer Care Center Planet9 Acer Product Registration Quick Access' '1 Year Onsite Warranty'],laptops
acer Nitro 5 Ryzen 5 Hexa Core 4600H - (8 GB/1 TB HDD/256 GB SSD/Windows 10 Home/4 GB Graphics/NVIDIA ...,acer,61490,99999,38% off,4.5,2324 Ratings & 271 Reviews,['Free upgrade to Windows 11 when available' 'AMD Ryzen 5 Hexa Core Processor' '8 GB DDR4 RAM' '64 bit Windows 10 Operating System' '1 TB HDD|256 GB SSD' '39.62 cm (15.6 inch) Display' 'Acer Care Center Acer Product Registration Acer Configuration Manager NitroSense' '1 Year International Travelers Warranty (ITW)'],laptops
ASUS Ryzen 7 Octa Core AMD R7-5800H - (16 GB/1 TB SSD/Windows 11 Home/4 GB Graphics/NVIDIA GeForce RTX...,ASUS,107990,141990,23% off,4.8,16 Ratings & 1 Reviews,['AMD Ryzen 7 Octa Core Processor' '16 GB DDR4 RAM' '64 bit Windows 11 Operating System' '1 TB SSD' '35.56 cm (14 Inch) Display' '1 Year Onsite Warranty'],laptops
acer Predator Helios 300 Core i7 12th Gen - (16 GB/1 TB SSD/Windows 11 Home/6 GB Graphics/NVIDIA GeFor...,acer,155490,179999,13% off,5.0,4 Ratings & 0 Reviews,['Intel Core i7 Processor (12th Gen)' '16 GB DDR5 RAM' '64 bit Windows 11 Operating System' '1 TB SSD' '39.62 cm (15.6 Inch) Display' 'Acer Care Center Acer Product Registration Planet9 PredatorSense' '1 Year International Travelers Warranty (ITW)'],laptops
ASUS Vivobook 15 Core i3 11th Gen - (8 GB/512 GB SSD/Windows 11 Home) X515EA-EJ322WS Thin and Light La...,ASUS,36990,52990,30% off,4.0,44 Ratings & 4 Reviews,['Intel Core i3 Processor (11th Gen)' '8 GB DDR4 RAM' '64 bit Windows 11 Operating System' '512 GB SSD' '39.62 cm (15.6 Inch) Display' '1 Year Onsite Warranty'],laptops
lenovo Yoga 7 Core i7 11th Gen Intel EVO - (16 GB/512 GB SSD/Windows 10 Home) 14ITL5 2 in 1 Laptop,lenovo,102990,139890,26% off,4.7,86 Ratings & 14 Reviews,['Intel Evo platform feat 11th Gen Intel Core i7 processor' 'Intel Core i7 Processor (11th Gen)' '16 GB DDR4 RAM' '64 bit Windows 10 Operating System' '512 GB SSD' '35.56 cm (14 inch) Touchscreen Display' 'Microsoft Office Home and Student 2019' '3 Years Warranty + 1 Year Premium Care + 1 Year ADP'],laptops
ASUS Core i5 10th Gen - (8 GB/512 GB SSD/Windows 10 Home/2 GB Graphics) X515JF-BQ521T Thin and Light L...,ASUS,51990,64990,20% off,4.2,80 Ratings & 6 Reviews,['Intel Core i5 Processor (10th Gen)' '8 GB DDR4 RAM' '64 bit Windows 10 Operating System' '512 GB SSD' '39.62 cm (15.6 inch) Display' 'System Diagnosis (All models) Splendid (All Models) Tru2Life (Intel Platform Models) Keyboard Hotkeys (All Models) AppDeals (All Models) Link to MyASUS (All Models Bluetooth Needed)' '1 Year Onsite Warranty'],laptops
HP 15s Ryzen 5 Hexa Core 4500U - (8 GB/256 GB SSD/Windows 10 Home) 15s-ey1004AU Thin and Light Laptop,HP,46990,49120,4% off,4.4,461 Ratings & 56 Reviews,['AMD Ryzen 5 Hexa Core Processor' '8 GB DDR4 RAM' '64 bit Windows 10 Operating System' '256 GB SSD' '39.62 cm (15.6 inch) Display' 'Microsoft Office 2019 and Office 365 HP Smart HP Documentation HP Bios Recovery' '1 Year Onsite Warranty'],laptops
acer P2 Series Core i5 10th Gen - (8 GB/1 TB HDD/Windows 10 Home) TMP214-52 Thin and Light Laptop,acer,48990,59500,17% off,4.1,293 Ratings & 55 Reviews,['Intel Core i5 Processor (10th Gen)' '8 GB DDR4 RAM' '64 bit Windows 10 Operating System' '1 TB HDD' '35.56 cm (14 inch) Display' '1 Year warranty'],laptops
Infinix INBook X1 Pro Core i7 10th Gen - (16 GB/512 GB SSD/Windows 11 Home) XL12 Thin and Light Laptop,Infinix,46990,69999,32% off,4.1,327 Ratings & 54 Reviews,['Intel Core i7 Processor (10th Gen)' '16 GB LPDDR4X RAM' '64 bit Windows 11 Operating System' '512 GB SSD' '35.56 cm (14 Inch) Display' '1 year Onsite Warranty'],laptops
HP Ryzen 3 Dual Core 3250U - (8 GB/256 GB SSD/Windows 11 Home) 15s-GY0501AU Thin and Light Laptop,HP,38999,47267,17% off,4.3,3743 Ratings & 388 Reviews,['AMD Ryzen 3 Dual Core Processor' '8 GB DDR4 RAM' '64 bit Windows 11 Operating System' '256 GB SSD' '39.62 cm (15.6 inch) Display' 'Office Home and Student 2019 included' '1 Year Onsite Warranty'],laptops
ASUS ROG Strix G15 Advantage Edition Ryzen 9 Octa Core AMD R9-5900HX - (16 GB/1 TB SSD/Windows 10 Home...,ASUS,154990,207990,25% off,4.6,260 Ratings & 55 Reviews,['AMD Ryzen 9 Octa Core Processor' '16 GB DDR4 RAM' 'Windows 10 Operating System' '1 TB SSD' '39.62 cm (15.6 inch) Display' 'Office Home and Student 2019 included' '1 Year Onsite Warranty'],laptops
MICROSOFT Surface Laptop 3 Ryzen 5 Quad Core 3580U - (8 GB/128 GB SSD/Windows 10 Home) 1873 Laptop,MICROSOFT,99990,124999,20% off,3.8,9 Ratings & 0 Reviews,['AMD Ryzen 5 Quad Core Processor' '8 GB DDR4 RAM' '64 bit Windows 10 Operating System' '128 GB SSD' '38.1 cm (15 inch) Touchscreen Display' '1 Year Limited Hardware Warranty'],laptops
ASUS Zenbook 14X (2022) Space Edition Core i5 12th Gen - (16 GB/512 GB SSD/Windows 11 Home) UX5401ZAS-...,ASUS,114990,140990,18% off,4.2,6 Ratings & 1 Reviews,['Intel Core i5 Processor (12th Gen)' '16 GB LPDDR5 RAM' 'Windows 11 Operating System' '512 GB SSD' '35.56 cm (14 inch) Touchscreen Display' 'Microsoft Office Home & Student 2021' '1 Year Onsite Warranty'],laptops
ASUS TUF Gaming F17 (2022) with 90Whr Battery Core i5 12th Gen - (16 GB/512 GB SSD/Windows 11 Home/4 G...,ASUS,94990,113990,16% off,4.5,94 Ratings & 17 Reviews,['Intel Core i5 Processor (12th Gen)' '16 GB DDR5 RAM' '64 bit Windows 11 Operating System' '512 GB SSD' '43.94 cm (17.3 Inch) Display' '1 Year Onsite Warranty'],laptops
ASUS TUF Gaming F15 (2022) Core i7 12th Gen - (16 GB/1 TB SSD/Windows 11 Home/6 GB Graphics/NVIDIA GeF...,ASUS,122990,173990,29% off,4.3,12 Ratings & 3 Reviews,['Intel Core i7 Processor (12th Gen)' '16 GB DDR5 RAM' '64 bit Windows 11 Operating System' '1 TB SSD' '39.62 cm (15.6 inch) Display' '1 Year Onsite Warranty'],laptops
acer Aspire 5 Core i5 11th Gen - (8 GB/1 TB HDD/256 GB SSD/Windows 11 Home) A515-56-56LN Thin and Ligh...,acer,61130,69999,12% off,4.5,81 Ratings & 6 Reviews,['Intel Core i5 Processor (11th Gen)' '8 GB DDR4 RAM' '64 bit Windows 11 Operating System' '1 TB HDD|256 GB SSD' '39.62 cm (15.6 inch) Display' 'Acer Care Center Quick Access Acer Product Registration MS Office 2021 Home & Student' '1 Year International Travelers Warranty (ITW)'],laptops
DELL Inspiron Core i5 11th Gen - (8 GB/1 TB HDD/256 GB SSD/Windows 10/2 GB Graphics) Inspiron 3501 Thi...,DELL,67990,76462,11% off,4.1,303 Ratings & 24 Reviews,['Intel Core i5 Processor (11th Gen)' '8 GB DDR4 RAM' '64 bit Windows 10 Operating System' '1 TB HDD|256 GB SSD' '39.62 cm (15.6 inch) Display' 'Microsoft Office Home and Student 2019' '1 Year Onsite Warranty'],laptops
ASUS Chromebook Flip Touch Celeron Dual Core - (4 GB/32 GB EMMC Storage/Chrome OS) C214MA-BU0704 Chrom...,ASUS,14990,31990,53% off,4.0,1553 Ratings & 251 Reviews,['Intel Celeron Dual Core Processor' '4 GB LPDDR4 RAM' 'Chrome Operating System' '29.46 cm (11.6 inch) Touchscreen Display' '1 Year Onsite Warranty'],laptops
ASUS Core i5 12th Gen - (16 GB/512 GB SSD/Windows 11 Home) S3502ZA-L502WS Laptop,ASUS,74990,89990,16% off,4.0,4 Ratings & 0 Reviews,['Intel Core i5 Processor (12th Gen)' '16 GB DDR4 RAM' 'Windows 11 Operating System' '512 GB SSD' '39.62 cm (15.6 inch) Display' '1 Year Warranty'],laptops
Lenovo IdeaPad 3 Core i5 12th Gen - (16 GB/512 GB SSD/Windows 11 Home) 15IAU7 Thin and Light Laptop,Lenovo,64000,82490,22% off,4.1,70 Ratings & 8 Reviews,['Intel Core i5 Processor (12th Gen)' '16 GB DDR4 RAM' '64 bit Windows 11 Operating System' '512 GB SSD' '39.62 cm (15.6 Inch) Display' '2 Years Onsiteï¿½Warranty'],laptops
HP 14s Intel Celeron Dual Core - (8 GB/256 GB SSD/Windows 11 Home) 14s- dq3032tu Thin and Light Laptop,HP,27990,36865,24% off,3.8,300 Ratings & 30 Reviews,['Intel Celeron Dual Core Processor' '8 GB DDR4 RAM' '64 bit Windows 11 Operating System' '256 GB SSD' '35.56 cm (14 Inch) Display' '1 Year onsite warranty'],laptops
Lenovo IdeaPad 5 Pro Core i5 11th Gen - (16 GB/512 GB SSD/Windows 10 Home/2 GB Graphics) 14ITL6 Thin a...,Lenovo,69000,113290,39% off,4.0,23 Ratings & 6 Reviews,['Intel Core i5 Processor (11th Gen)' '16 GB DDR4 RAM' 'Windows 10 Operating System' '512 GB SSD' '35.56 cm (14 Inch) Display' 'Microsoft Office Home & Student 2019' '3 Years Warranty + 1 Year Premium Care + 1 Year ADP'],laptops
HP Pavilion Intel Core i5 12th Gen - (16 GB/512 GB SSD/Windows 11 Home) EG2035TU/ 15-EG2035TU Thin and...,HP,76070,83553,8% off,4.2,37 Ratings & 3 Reviews,['Intel Core i5 Processor (12th Gen)' '16 GB DDR4 RAM' '64 bit Windows 11 Operating System' '512 GB SSD' '39.62 cm (15.6 Inch) Display' '1 Year Onsite Warranty'],laptops
DELL Inspiron Core i5 11th Gen - (16 GB/512 GB SSD/Windows 11 Home) INSPIRON 5410 2 in 1 Laptop,DELL,81990,109353,25% off,4.1,7 Ratings & 2 Reviews,['Intel Core i5 Processor (11th Gen)' '16 GB DDR4 RAM' '64 bit Windows 11 Operating System' '512 GB SSD' '35.56 cm (14 inch) Touchscreen Display' 'Microsoft Office Home and Student 2021' '1 Year Onsite Warranty'],laptops
HP Pavilion Ryzen 5 Hexa Core 5625U - (8 GB/512 GB SSD/Windows 11 Home) 14-EC1003AU Thin and Light Lap...,HP,55490,64342,13% off,4.3,52 Ratings & 11 Reviews,['AMD Ryzen 5 Hexa Core Processor' '8 GB DDR4 RAM' '64 bit Windows 11 Operating System' '512 GB SSD' '35.56 cm (14 Inch) Display' '1 Year Onsite Warranty'],laptops
acer Predator Helios 300 Core i7 11th Gen - (16 GB/1 TB HDD/512 GB SSD/Windows 10 Home/4 GB Graphics/N...,acer,96490,149999,35% off,4.4,459 Ratings & 70 Reviews,['Intel Core i7 Processor (11th Gen)' '16 GB DDR4 RAM' '64 bit Windows 10 Operating System' '1 TB HDD|512 GB SSD' '39.62 cm (15.6 inch) Display' 'Acer Care Center Acer Product Registration Planet9 PredatorSense' '1 Year International Travelers Warranty (ITW)'],laptops
acer Travelmate Core i3 11th Gen - (8 GB/1 TB HDD/256 GB SSD/Windows 10 Home) TravelMate P214-53 Noteb...,acer,46040,60000,23% off,4.1,66 Ratings & 6 Reviews,['Intel Core i3 Processor (11th Gen)' '8 GB DDR4 RAM' '64 bit Windows 10 Operating System' '1 TB HDD|256 GB SSD' '35.56 cm (14 inches) Display' '1 Year Carry in Warranty'],laptops
ASUS ROG Zephyrus G15 (2022) with 90Whr Battery Ryzen 7 Octa Core 6800HS - (16 GB/1 TB SSD/Windows 11 ...,ASUS,149990,189990,21% off,4.0,4 Ratings & 0 Reviews,['AMD Ryzen 7 Octa Core Processor' '16 GB DDR5 RAM' '64 bit Windows 11 Operating System' '1 TB SSD' '39.62 cm (15.6 inch) Display' '1 Year Onsite Warranty'],laptops
MSI Modern 14 Ryzen 5 Hexa Core 4500U - (8 GB/512 GB SSD/Windows 10 Home) Modern 14 B4MW-423IN Thin an...,MSI,45990,61990,25% off,4.5,1404 Ratings & 210 Reviews,['AMD Ryzen 5 Hexa Core Processor' '8 GB DDR4 RAM' '64 bit Windows 10 Operating System' '512 GB SSD' '35.56 cm (14 inch) Display' '1 Year On-Site Warranty'],laptops
ASUS TUF Gaming F15 Core i5 10th Gen - (8 GB/512 GB SSD/Windows 11 Home/4 GB Graphics/NVIDIA GeForce G...,ASUS,61986,77990,20% off,4.3,478 Ratings & 44 Reviews,['Intel Core i5 Processor (10th Gen)' '8 GB DDR4 RAM' '64 bit Windows 11 Operating System' '512 GB SSD' '39.62 cm (15.6 Inch) Display' '1 Year Onsite warranty'],laptops
HP Pavilion Core i7 11th Gen - (16 GB/512 GB SSD/Windows 11 Home/4 GB Graphics/NVIDIA GeForce RTX RTX ...,HP,90990,118776,23% off,4.5,21 Ratings & 6 Reviews,['Intel Core i7 Processor (11th Gen)' '16 GB DDR4 RAM' '64 bit Windows 11 Operating System' '512 GB SSD' '39.62 cm (15.6 Inch) Display' 'Microsoft Office Home & Student 2019 HP Documentation HP e-service HP BIOS recovery HP SSRM HP Smart HP Jumpstarts' '1 Year onsite warranty'],laptops
ASUS Chromebook Flip Touch Celeron Dual Core - (4 GB/64 GB EMMC Storage/Chrome OS) C523NA-A20303 Chrom...,ASUS,24390,30990,21% off,4.0,899 Ratings & 148 Reviews,['Intel Celeron Dual Core Processor' '4 GB LPDDR4 RAM' 'Chrome Operating System' '39.62 cm (15.6 inch) Touchscreen Display' '1 Year Onsite Warranty'],laptops
acer Predator Helios 300 Core i9 11th Gen - (16 GB/1 TB SSD/Windows 11 Home/6 GB Graphics/NVIDIA GeFor...,acer,124990,161999,22% off,4.4,50 Ratings & 6 Reviews,['Intel Core i9 Processor (11th Gen)' '16 GB DDR4 RAM' '64 bit Windows 11 Operating System' '1 TB SSD' '39.62 cm (15.6 Inch) Display' '1 Year International Travelers Warranty (ITW)'],laptops
HP Pavilion Ryzen 5 Hexa Core 5500U - (8 GB/512 GB SSD/Windows 10 Home) 15-eh1101AU Thin and Light Lap...,HP,54999,70419,21% off,4.4,201 Ratings & 30 Reviews,['AMD Ryzen 5 Hexa Core Processor' '8 GB DDR4 RAM' '64 bit Windows 10 Operating System' '512 GB SSD' '39.62 cm (15.6 Inch) Display' 'Microsoft Office Home & Student 2019' '1 Year Onsite Warranty'],laptops
ASUS ROG Strix G15 (2022) with 90Whr Battery Ryzen 9 Octa Core 6900HX - (16 GB/1 TB SSD/Windows 11 Hom...,ASUS,187990,244990,23% off,4.0,4 Ratings & 0 Reviews,['AMD Ryzen 9 Octa Core Processor' '16 GB DDR4 RAM' '64 bit Windows 11 Operating System' '1 TB SSD' '39.62 cm (15.6 Inch) Display' '1 Year Onsite Warranty'],laptops
acer Aspire 3 Core i3 11th Gen - (4 GB/256 GB SSD/Windows 11 Home) A315-58 Thin and Light Laptop,acer,36990,50000,26% off,4.1,61 Ratings & 8 Reviews,['Intel Core i3 Processor (11th Gen)' '4 GB DDR4 RAM' '64 bit Windows 11 Operating System' '256 GB SSD' '39.62 cm (15.6 inch) Display' 'Acer Care Center Quick Access Acer Product Registration' '1 Year International Travelers Warranty (ITW)'],laptops
MSI GF63 Thin Hexa Core i5 10th Gen - (8 GB/1 TB HDD/256 GB SSD/Windows 10 Home/4 GB Graphics/NVIDIA G...,MSI,59990,76990,22% off,4.4,3358 Ratings & 349 Reviews,['Intel Hexa Core i5 Processor (10th Gen)' '8 GB DDR4 RAM' '64 bit Windows 10 Operating System' '1 TB HDD|256 GB SSD' '39.62 cm (15.6 inch) Display' 'Silver-Lining Print Cooler Boost Audio Boost Dragon Center Nahimic 3' '2 Year On-Site Warranty'],laptops
MSI Bravo Ryzen 5 Hexa Core 5600H - (8 GB/512 GB SSD/Windows 10 Home/4 GB Graphics/AMD Radeon RX5500M/...,MSI,66990,83990,20% off,4.4,1843 Ratings & 246 Reviews,['AMD Ryzen 5 Hexa Core Processor' '8 GB DDR4 RAM' '64 bit Windows 10 Operating System' '512 GB SSD' '39.62 cm (15.6 inch) Display' '1 Year Carry-In Warranty'],laptops
Lenovo Core i3 10th Gen - (4 GB/1 TB HDD/Windows 10 Home) V15-IIL Laptop,Lenovo,33499,41414,19% off,3.9,119 Ratings & 13 Reviews,['Intel Core i3 Processor (10th Gen)' '4 GB DDR4 RAM' '64 bit Windows 10 Operating System' '1 TB HDD' '39.62 cm (15.6 inch) Display' '1 Year Onsite Warranty'],laptops
APPLE 2021 Macbook Pro M1 Max - (32 GB/1 TB SSD/Mac OS Monterey) MK1H3HN/A,APPLE,306990,329900,6% off,4.3,12 Ratings & 4 Reviews,['Apple M1 Max Processor' '32 GB Unified Memory RAM' 'Mac OS Operating System' '1 TB SSD' '41.15 cm (16.2 inch) Display' 'iMovie Siri GarageBand Pages Numbers Photos Keynote Safari Mail FaceTime Messages Maps Stocks Home Voice Memos Notes Calendar Contacts Reminders Photo Booth Preview Books App Store Time Machine TV Music Podcasts Find My QuickTime Player' '1 Year Limited Warranty'],laptops
HP OMEN Ryzen 5 Hexa Core AMD R5-5600H - (8 GB/512 GB SSD/Windows 11 Home/4 GB Graphics/NVIDIA GeForce...,HP,75450,87717,13% off,4.3,3 Ratings & 0 Reviews,"['AMD Ryzen 5 Hexa Core Processor' '8 GB DDR4 RAM' '64 bit Windows 11 Operating System' '512 GB SSD' '40.89 cm (16.1 inch) Display' '""Microsoft Office Home & Student 2019 HP Documentation HP e-service HP BIOS recovery HP SSRM HP Smart HP Jumpstarts ""' '1 Year Onsite Warranty']",laptops
DELL Inspiron Ryzen 3 Dual Core 3250U - (8 GB/256 GB SSD/Windows 11 Home) INSPIRON 3515 Thin and Light...,DELL,39090,50132,22% off,4.3,3 Ratings & 0 Reviews,['AMD Ryzen 3 Dual Core Processor' '8 GB DDR4 RAM' '64 bit Windows 11 Operating System' '256 GB SSD' '39.62 cm (15.6 Inch) Display' '1 Year Onsite Warranty'],laptops
ASUS Zenbook 14 OLED (2022) Intel EVO Core i7 12th Gen - (16 GB/512 GB SSD/Windows 11 Home) UX3402ZA-K...,ASUS,104990,128990,18% off,4.6,38 Ratings & 8 Reviews,['Intel Core i7 Processor (12th Gen)' '16 GB LPDDR5 RAM' 'Windows 11 Operating System' '512 GB SSD' '35.56 cm (14 inch) Display' 'Microsoft Office Home & Student 2021' '1 Year Onsite Warranty'],laptops
HP HP Pavilion Ryzen 5 Hexa Core AMD R5-4600H - (8 GB/512 GB SSD/Windows 10 Home/4 GB Graphics/NVIDIA ...,HP,68990,76020,9% off,4.4,2485 Ratings & 238 Reviews,['AMD Ryzen 5 Hexa Core Processor' '8 GB DDR4 RAM' '64 bit Windows 10 Operating System' '512 GB SSD' '39.62 cm (15.6 inch) Display' 'HP Documentation HP e-service HP BIOS Recovery HP SSRM HP Smart HP Jumpstarts' '1 Year Onsite Warranty'],laptops
MSI Ryzen 7 Octa Core 5700U - (8 GB/512 GB SSD/Windows 11 Home) Modern 15 A5M-280IN Notebook,MSI,52990,78990,32% off,4.1,86 Ratings & 9 Reviews,['AMD Ryzen 7 Octa Core Processor' '8 GB DDR4 RAM' '64 bit Windows 11 Operating System' '512 GB SSD' '39.62 cm (15.6 inch) Display' '1 Year On-Site Warranty'],laptops
DELL Inspiron Ryzen 5 Quad Core 3450U - (8 GB/512 GB SSD/Windows 11 Home) Inspiron 3515 Thin and Light...,DELL,50990,63973,20% off,4.0,116 Ratings & 11 Reviews,['AMD Ryzen 5 Quad Core Processor' '8 GB DDR4 RAM' '64 bit Windows 11 Operating System' '512 GB SSD' '39.62 cm (15.6 inch) Display' 'Microsoft Office Home and Student 2021' '1 Year Onsite Warranty'],laptops
ASUS Vivobook Gaming Core i5 9th Gen - (8 GB/512 GB SSD/Windows 10 Home/4 GB Graphics/NVIDIA GeForce G...,ASUS,54990,76990,28% off,4.3,1778 Ratings & 242 Reviews,['Intel Core i5 Processor (9th Gen)' '8 GB DDR4 RAM' '64 bit Windows 10 Operating System' '512 GB SSD' '39.62 cm (15.6 inch) Display' 'Microsoft Office Home and Student 2019 Splendid (All Models) Tru2Life (Intel Platform Models) Link to MyASUS (All Models Bluetooth Needed)' '1 Year Onsite Warranty'],laptops
ASUS VivoBook Pro 14 OLED Ryzen 7 Octa Core 5800H - (16 GB/512 GB SSD/Windows 11 Home/4 GB Graphics/NV...,ASUS,89990,123990,27% off,4.5,502 Ratings & 52 Reviews,['AMD Ryzen 7 Octa Core Processor' '16 GB DDR4 RAM' '64 bit Windows 11 Operating System' '512 GB SSD' '35.56 cm (14 inch) Display' '1 Year Onsite Warranty'],laptops
DELL G15 Core i5 12th Gen - (8 GB/512 GB SSD/Windows 11 Home/4 GB Graphics/NVIDIA GeForce RTX 3050) G1...,DELL,87900,112400,21% off,4.4,8 Ratings & 2 Reviews,['Intel Core i5 Processor (12th Gen)' '8 GB DDR5 RAM' '64 bit Windows 11 Operating System' '512 GB SSD' '39.62 cm (15.6 Inch) Display' '1 Year Premium Support'],laptops
acer Swift 3 Core i5 8th Gen - (8 GB/256 GB SSD/Windows 10 Home) SF313-51-506P Thin and Light Laptop,acer,59434,65546,9% off,3.4,36 Ratings & 7 Reviews,['Intel Core i5 Processor (8th Gen)' '8 GB DDR4 RAM' '64 bit Windows 10 Operating System' '256 GB SSD' '33.78 cm (13.3 inch) Display' 'Acer Care Center Acer Quick Access' '1 Year International Travelers Warranty (ITW)'],laptops
HP Pavilion Intel Core i5 12th Gen - (16 GB/512 GB SSD/Windows 11 Home) 14-ek0074TU Thin and Light Lap...,HP,77990,88231,11% off,4.4,23 Ratings & 2 Reviews,['Intel Core i5 Processor (12th Gen)' '16 GB DDR4 RAM' '64 bit Windows 11 Operating System' '512 GB SSD' '35.56 cm (14 Inch) Touchscreen Display' '1 Year Onsite Warranty'],laptops
MSI Katana GF66 Core i7 12th Gen - (8 GB/512 GB SSD/Windows 11 Home/4 GB Graphics/NVIDIA GeForce RTX 3...,MSI,79990,106990,25% off,4.1,16 Ratings & 1 Reviews,['Intel Core i7 Processor (12th Gen)' '8 GB DDR4 RAM' '64 bit Windows 11 Operating System' '512 GB SSD' '39.62 cm (15.6 inch) Display' 'Windows 11 Home MSI Center CoolerBoost' '2 Year On-Site & Carry-In Warranty'],laptops
acer Predator Helios 300 Core i5 8th Gen - (8 GB/1 TB HDD/128 GB SSD/Windows 10 Home/4 GB Graphics/NVI...,acer,74590,99999,25% off,4.6,13095 Ratings & 1772 Reviews,['NVIDIA Geforce GTX 1050 Ti for Desktop Level Performance' 'Optimized Dolby Audio Premium Sound Enhancement' '128 GB SSD Capacity for Reduced Boot Up Time and in Game Loading' 'Dual Fan Cooling with Metal AeroBlade for Interuption Free Gaming' 'FineTip Backlit Keyboard with Independent Standard Numeric Keypad' 'Intel Core i5 Processor (8th Gen)' '8 GB DDR4 RAM' '64 bit Windows 10 Operating System' '1 TB HDD|128 GB SSD' '39.62 cm (15.6 inch) Display' 'Acer Care Center Acer Portal Acer Quick Access Acer Configuration Manager' '1 Year International Travelers Warranty (ITW)'],laptops
Lenovo IdeaPad Gaming 3 Ryzen 5 Hexa Core 5600H - (8 GB/512 GB SSD/Windows 10 Home/4 GB Graphics/NVIDI...,Lenovo,73990,104890,29% off,4.0,15 Ratings & 5 Reviews,['AMD Ryzen 5 Hexa Core Processor' '8 GB DDR4 RAM' '64 bit Windows 10 Operating System' '512 GB SSD' '39.62 cm (15.6 inch) Display' '1 Year Warranty Term'],laptops
DELL Inspiron Core i3 11th Gen - (8 GB/1 TB HDD/256 GB SSD/Windows 11 Home) Inspiron 3511 Thin and Lig...,DELL,45890,55534,17% off,4.0,790 Ratings & 102 Reviews,['Intel Core i3 Processor (11th Gen)' '8 GB DDR4 RAM' '64 bit Windows 11 Operating System' '1 TB HDD|256 GB SSD' '39.62 cm (15.6 inch) Display' 'Office Home and Student 2019 included' '1 Year Onsite Warranty'],laptops
ASUS ROG Flow X13 (2021) Ryzen 9 Octa Core AMD R9-5980HS - (32 GB/1 TB SSD/Windows 10 Home/4 GB Graphi...,ASUS,224990,350990,35% off,5.0,4 Ratings & 0 Reviews,['AMD Ryzen 9 Octa Core Processor' '32 GB LPDDR4X RAM' '64 bit Windows 10 Operating System' '1 TB SSD' '34.04 cm (13.4 Inch) Touchscreen Display' 'Microsoft Office Home and Student 2019' '1 Year Onsite Warranty'],laptops
MSI Modern 14 Core i7 11th Gen - (8 GB/512 GB SSD/Windows 10 Home/2 GB Graphics) Modern 14 B11SBU-496I...,MSI,80590,89990,10% off,4.4,18 Ratings & 3 Reviews,['Intel Core i7 Processor (11th Gen)' '8 GB DDR4 RAM' '64 bit Windows 10 Operating System' '512 GB SSD' '35.56 cm (14 inch) Display' '1 Year Warranty Term'],laptops
Lenovo IdeaPad Gaming 3 Core i5 10th Gen - (8 GB/512 GB SSD/Windows 10 Home/4 GB Graphics/NVIDIA GeFor...,Lenovo,54990,85290,35% off,4.3,730 Ratings & 69 Reviews,['Intel Core i5 Processor (10th Gen)' '8 GB DDR4 RAM' '64 bit Windows 10 Operating System' '512 GB SSD' '39.62 cm (15.6 inch) Display' '1 Year Onsiteï¿½Warrantyï¿½+ 1 Year Premium Care + 1 Year Accidental Damage Protection'],laptops
HP Chromebook x360 Intel Celeron Dual Core - (4 GB/64 GB EMMC Storage/Chrome OS) 14a-ca0506TU Thin and...,HP,26400,31156,15% off,3.9,15 Ratings & 3 Reviews,['Intel Celeron Dual Core Processor' '4 GB LPDDR4 RAM' '64 bit Chrome Operating System' '35.56 cm (14 Inch) Touchscreen Display' '1 Year Onsite Warranty'],laptops
Lenovo Core i3 11th Gen - (4 GB/256 GB SSD/Windows 10 Home) V15 ITL G2 Thin and Light Laptop,Lenovo,36990,49096,24% off,4.3,222 Ratings & 29 Reviews,['Intel Core i3 Processor (11th Gen)' '4 GB DDR4 RAM' '64 bit Windows 10 Operating System' '256 GB SSD' '38.1 cm (15 inch) Display' '1 Year Onsite Warranty'],laptops
Lenovo Ideapad Gaming 3 Ryzen 7 Octa Core AMD R7-5800H - (16 GB/512 GB SSD/Windows 11 Home/4 GB Graphi...,Lenovo,72990,112990,35% off,4.4,16 Ratings & 1 Reviews,['AMD Ryzen 7 Octa Core Processor' '16 GB DDR4 RAM' '64 bit Windows 11 Operating System' '512 GB SSD' '39.62 cm (15.6 inch) Display' '1 Year Warranty + 1 Year Premium Care + 1 Year ADP'],laptops
MSI GP65 Leopard Core i7 10th Gen - (16 GB/1 TB HDD/256 GB SSD/Windows 10 Home/6 GB Graphics/NVIDIA Ge...,MSI,99990,145990,31% off,4.5,751 Ratings & 107 Reviews,['15.6 inches Full HD IPS Thin Bezel Display (144Hz 45% NTSC Color Gamut)' 'Intel Core i7 Processor (10th Gen)' '16 GB DDR4 RAM' '64 bit Windows 10 Operating System' '1 TB HDD|256 GB SSD' '39.62 cm (15.6 inch) Display' 'SHIFT SteelSeries Engine 3 Matrix Display (Extend) Dragon Center GamingMode VR Ready Cooler Boost 5 Nahimic 3 Nahimic VR Giant Speaker' '2 Year Warranty Term for Gaming'],laptops
ASUS Vivobook 14 (2022) Core i3 12th Gen - (8 GB/512 GB SSD/Windows 11 Home) X1402ZA-MW311WS Thin and ...,ASUS,49990,62990,20% off,3.8,6 Ratings & 1 Reviews,['Intel Core i3 Processor (12th Gen)' '8 GB DDR4 RAM' '64 bit Windows 11 Operating System' '512 GB SSD' '35.56 cm (14 Inch) Touchscreen Display' '1 Year Onsite Warranty'],laptops
acer Aspire 3 Pentium Silver - (4 GB/256 GB SSD/Windows 11 Home) A314-35 Notebook,acer,27490,32990,16% off,4.3,12 Ratings & 2 Reviews,['Intel Pentium Silver Processor' '4 GB DDR4 RAM' '64 bit Windows 11 Operating System' '256 GB SSD' '35.56 cm (14 inch) Display' '1 Year International Travelers Warranty (ITW)'],laptops
ASUS ROG Flow X13 Ryzen 9 Octa Core 5900HS - (16 GB/1 TB SSD/Windows 10 Home/4 GB Graphics/NVIDIA GeFo...,ASUS,110990,181990,39% off,4.7,19 Ratings & 1 Reviews,['AMD Ryzen 9 Octa Core Processor' '16 GB LPDDR4X RAM' '64 bit Windows 10 Operating System' '1 TB SSD' '34.04 cm (13.4 inch) Touchscreen Display' 'Office Home and Student 2019' '1 Year Onsite Warranty'],laptops
acer Predator Helios 300 Core i9 11th Gen - (16 GB/1 TB SSD/Windows 11 Home/6 GB Graphics/NVIDIA GeFor...,acer,139990,169999,17% off,5.0,7 Ratings & 1 Reviews,['Intel Core i9 Processor (11th Gen)' '16 GB DDR4 RAM' '64 bit Windows 11 Operating System' '1 TB SSD' '39.62 cm (15.6 Inch) Display' '1 Year International Travelers Warranty (ITW)'],laptops
HP G8 Ryzen 3 Dual Core 3250U - (8 GB/1 TB HDD/Windows 11 Home) 245 G8 Laptop,HP,28999,41610,30% off,3.7,24 Ratings & 2 Reviews,['AMD Ryzen 3 Dual Core Processor' '8 GB DDR4 RAM' '64 bit Windows 11 Operating System' '1 TB HDD' '35.56 cm (14 inch) Display' 'NA' '1 Year Manufacturer Warranty'],laptops
ASUS Vivobook Gaming Core i7 10th Gen - (8 GB/512 GB SSD/Windows 10 Home/4 GB Graphics/NVIDIA GeForce ...,ASUS,65990,88990,25% off,4.3,75 Ratings & 7 Reviews,['Intel Core i7 Processor (10th Gen)' '8 GB DDR4 RAM' '64 bit Windows 10 Operating System' '512 GB SSD' '39.62 cm (15.6 inch) Display' '1 Year Onsite Warranty'],laptops
DELL Core i5 11th Gen - (8 GB/512 GB SSD/Windows 11 Home/2 GB Graphics) Inspiron 5410 2 in 1 Laptop,DELL,76990,106082,27% off,4.3,3 Ratings & 0 Reviews,['Intel Core i5 Processor (11th Gen)' '8 GB DDR4 RAM' '64 bit Windows 11 Operating System' '512 GB SSD' '35.56 cm (14 inch) Touchscreen Display' 'Office Home and Student 2021' '1 Year Onsite Warranty'],laptops
Lenovo Core i3 10th Gen - (8 GB/256 GB SSD/Windows 10 Home) 81WA00K1IN Laptop,Lenovo,38980,56800,31% off,5.0,4 Ratings & 0 Reviews,['Intel Core i3 Processor (10th Gen)' '8 GB DDR4 RAM' 'Windows 10 Operating System' '256 GB SSD' '35.56 cm (14 inch) Display' '2 Year Onsite Warranty'],laptops
HP 15s Ryzen 3 Dual Core 3250U - (8 GB/1 TB HDD/256 GB SSD/Windows 10 Home) 15s-GR0012AU Laptop,HP,40990,48053,14% off,4.3,4379 Ratings & 503 Reviews,['AMD Ryzen 3 Dual Core Processor' '8 GB DDR4 RAM' '64 bit Windows 10 Operating System' '1 TB HDD|256 GB SSD' '39.62 cm (15.6 inch) Display' 'Microsoft Office Home and Student 2019 HP Documentation HP SSRM HP Smart HP Support Assistant' '1 Year Onsite Warranty'],laptops
DELL Inspiron Pentium Quad Core - (4 GB/256 GB SSD/Windows 11 Home) Inspiron 3000 Thin and Light Lapto...,DELL,35500,43000,17% off,4.2,123 Ratings & 18 Reviews,['Intel Pentium Quad Core Processor' '4 GB DDR4 RAM' '64 bit Windows 11 Operating System' '256 GB SSD' '39.62 cm (15.6 inch) Display' 'Office Home and Student 2021' '1 Year Onsite Warranty'],laptops
Lenovo IdeaPad 1 Celeron Dual Core - (4 GB/256 GB SSD/Windows 11 Home) 11IGL05 Thin and Light Laptop,Lenovo,23250,34890,33% off,3.7,522 Ratings & 28 Reviews,['Intel Celeron Dual Core Processor' '4 GB DDR4 RAM' '64 bit Windows 11 Operating System' '256 GB SSD' '29.46 cm (11.6 Inch) Display' 'Office Home and Student 2021' '1 Year Onsiteï¿½Warranty'],laptops
acer Predator Helios 300 Core i7 11th Gen - (16 GB/1 TB SSD/Windows 10 Home/6 GB Graphics/NVIDIA GeFor...,acer,134990,149990,10% off,4.5,57 Ratings & 8 Reviews,['Intel Core i7 Processor (11th Gen)' '16 GB DDR4 RAM' '64 bit Windows 10 Operating System' '1 TB SSD' '39.62 cm (15.6 inches) Display' 'Acer Care Center Acer Product Registration Planet 9 Predator Sense' '1 Year International Travelers Warranty (ITW)'],laptops
MSI Crosshair 15 Core i7 12th Gen - (16 GB/1 TB SSD/Windows 11 Home/6 GB Graphics/NVIDIA GeForce RTX 3...,MSI,114990,156990,26% off,4.3,28 Ratings & 5 Reviews,['Intel Core i7 Processor (12th Gen)' '16 GB DDR4 RAM' '64 bit Windows 11 Operating System' '1 TB SSD' '39.62 cm (15.6 Inch) Display' '2 Year Carry-In Warranty Term'],laptops
DELL Core i5 11th Gen - (16 GB/512 GB SSD/Windows 11 Home/4 GB Graphics/NVIDIA GeForce RTX 3050) G15-5...,DELL,77599,89990,13% off,4.2,90 Ratings & 5 Reviews,"['Processor: i5-11260H (Base: 2.60 GHz up to 4.40 GHz) 12MB Cache' 'RAM & Storage: 16GB DDR4 (2 DIMM Slots) 512GB SSD' 'Graphics: NVIDIA GEFORCE RTX 3050 (4GB GDDR6) TGP 90W' 'Display: 15.6"" FHD WVA AG 250 nits 120Hz Narrow Border Keyboard & Warranty: Backlit Keyboard Orange & 1 Year Onsite Premium Support' 'Ports: 1. HiSpeed USB 2.0 | 2. HiSpeed USB 2.0 with PowerShare | 3. USB 3.2 Gen 1 Type-C port with DisplayPort with alt mode | 4. SuperSpeed USB 3.2 | 5. HDMI | 6. Power in | 7. RJ45 | 8. Headphones/mic' 'Intel Core i5 Processor (11th Gen)' '16 GB DDR4 RAM' '64 bit Windows 11 Operating System' '512 GB SSD' '39.62 cm (15.6 inch) Display' 'Office Home and Student 2021' '1 Year Onsite Hardware Service']",laptops
HP Pavilion Aero Ryzen 5 Hexa Core 5600U - (16 GB/512 GB SSD/Windows 10 Home) 13-BE0190AU Thin and Lig...,HP,69990,89992,22% off,4.5,198 Ratings & 29 Reviews,['AMD Ryzen 5 Hexa Core Processor' '16 GB DDR4 RAM' '64 bit Windows 11 Operating System' '512 GB SSD' '33.78 cm (13.3 inches) Display' 'Microsoft Office Home & Student 2019 HP Documentation HP BIOS recovery HP Smart Alexa HP Support Assistant' '1 Year Onsite Warranty'],laptops
DELL G15 Core i7 12th Gen - (16 GB/1 TB SSD/Windows 11 Home/4 GB Graphics/NVIDIA GeForce RTX 3050 Ti) ...,DELL,116490,150636,22% off,4.6,5 Ratings & 2 Reviews,['Intel Core i7 Processor (12th Gen)' '16 GB DDR5 RAM' '64 bit Windows 11 Operating System' '1 TB SSD' '39.62 cm (15.6 inch) Display' '1 Year Premium Support'],laptops
ASUS ZenBook Pro 15 Core i7 8th Gen - (16 GB/1 TB SSD/Windows 10 Home/4 GB Graphics) UX580GE-E2014T La...,ASUS,110990,175190,36% off,4.8,6 Ratings & 1 Reviews,['First Ever Screenpad' 'NVIDIA GeForce GTX 1050 Ti' 'Intel Core i7 Processor (8th Gen)' '16 GB DDR4 RAM' '64 bit Windows 10 Operating System' '1 TB SSD' '39.62 cm (15.6 inch) Touchscreen Display' '1 Year Onsite Warranty'],laptops
ASUS VivoBook 15 (2021) Core i3 11th Gen - (8 GB/1 TB HDD/Windows 11 Home) X515EA-BR391W Thin and Ligh...,ASUS,32990,49990,34% off,3.7,347 Ratings & 36 Reviews,['Intel Core i3 Processor (11th Gen)' '8 GB DDR4 RAM' '64 bit Windows 11 Operating System' '1 TB HDD' '39.62 cm (15.6 inch) Display' '1 Year Onsite Warranty'],laptops
DELL G15 Ryzen 5 Hexa Core 5600H - (16 GB/512 GB SSD/Windows 10/4 GB Graphics/NVIDIA GeForce RTX 3050)...,DELL,79490,108000,26% off,4.5,52 Ratings & 9 Reviews,['NVIDIA GEFORCE RTX 3050' '15.6 inches Full HD 2-sided narrow bezel 120Hz 250 Nits' 'Improved thermal design with copper pipes & vents' 'Game shift key for Turbo boost of power' 'In-built Alienware Command center software with enhanced control over system settings' 'AMD Ryzen 5 Hexa Core Processor' '16 GB DDR4 RAM' '64 bit Windows 10 Operating System' '512 GB SSD' '39.62 cm (15.6 inch) Display' '1 Year Premium Support'],laptops
Lenovo Core i3 10th Gen - (8 GB/1 TB HDD/Windows 11 Home) 81WB018UIN | 81WB01E7IN Thin and Light Lapto...,Lenovo,35990,57990,37% off,3.7,405 Ratings & 53 Reviews,['Intel Core i3 Processor (10th Gen)' '8 GB DDR4 RAM' '64 bit Windows 11 Operating System' '1 TB HDD' '39.62 cm (15.6 inch) Display' 'Office Home and Student 2021' '2 Years Warranty'],laptops
DELL Ryzen 5 Hexa Core 5625U - (8 GB/512 GB SSD/Windows 11 Home) Vostro 5625 Laptop,DELL,59990,79287,24% off,4.7,7 Ratings & 2 Reviews,['AMD Ryzen 5 Hexa Core Processor' '8 GB DDR4 RAM' '64 bit Windows 11 Operating System' '512 GB SSD' '40.64 cm (16 Inch) Display' '1 Year Onsite Warranty'],laptops
DELL G15 Core i5 10th Gen - (16 GB/512 GB SSD/Windows 10/4 GB Graphics/NVIDIA GeForce GTX 3050/120 Hz)...,DELL,67990,103000,33% off,4.3,3 Ratings & 0 Reviews,['Intel Core i5 Processor (10th Gen)' '16 GB DDR4 RAM' '64 bit Windows 10 Operating System' '512 GB SSD' '39.62 cm (15.6 inch) Display' 'MS Office Home & Student 2019' '1 Year Premium Support'],laptops
HP Pavilion Intel Core i3 11th Gen - (8 GB/512 GB SSD/Windows 11 Home) 14-dy0208TU Thin and Light Lapt...,HP,56070,69267,19% off,4.3,7 Ratings & 1 Reviews,['Intel Core i3 Processor (11th Gen)' '8 GB DDR4 RAM' '64 bit Windows 11 Operating System' '512 GB SSD' '35.56 cm (14 Inch) Touchscreen Display' '1 Year Onsite Warranty'],laptops
ASUS Vivobook 14 Core i3 10th Gen - (8 GB/1 TB HDD/Windows 10 Home) X415FA-BV311T Laptop,ASUS,31990,40990,21% off,3.9,126 Ratings & 13 Reviews,['Intel Core i3 Processor (10th Gen)' '8 GB DDR4 RAM' '64 bit Windows 10 Operating System' '1 TB HDD' '35.81 cm (14.1 inch) Display' 'Windows 10 Home 1 Year Mcafee' '1 Year Onsite Warranty'],laptops
HP Ryzen 5 Quad Core 3500U 3rd Gen - (8 GB/1 TB HDD/DOS) 3K1G7PA Laptop,HP,35990,41651,13% off,3.5,42 Ratings & 7 Reviews,['AMD Ryzen 5 Quad Core Processor (3rd Gen)' '8 GB DDR4 RAM' 'DOS Operating System' '1 TB HDD' '39.62 cm (15.6 inch) Display' '1 Year Onsite Warranty'],laptops
DELL Inspiron Pentium Quad Core - (4 GB/256 GB SSD/Windows 10 Home) Inspiron 3502 Thin and Light Lapto...,DELL,30690,44215,30% off,4.3,1401 Ratings & 184 Reviews,['Intel Pentium Quad Core Processor' '4 GB DDR4 RAM' '64 bit Windows 10 Operating System' '256 GB SSD' '39.62 cm (15.6 inch) Display' 'Microsoft Office Home and Student 2019' '1 Year Limited Hardware Warranty In Home Service After Remote Diagnosis - Retail'],laptops
ASUS VivoBook 15 Core i5 10th Gen - (8 GB/1 TB HDD/Windows 10 Home) X515JA-EJ501T Thin and Light Lapto...,ASUS,44990,55990,19% off,3.9,1500 Ratings & 188 Reviews,['Intel Core i5 Processor (10th Gen)' '8 GB DDR4 RAM' '64 bit Windows 10 Operating System' '1 TB HDD' '39.62 cm (15.6 inch) Display' 'Splendid Tru2Life My Asus' '1 Year Onsite Warranty'],laptops
ASUS Core i7 10th Gen - (32 GB/1 TB SSD/Windows 10 Home/6 GB Graphics/NVIDIA GeForce RTX 2060) UX581LV...,ASUS,224990,272990,17% off,4.6,11 Ratings & 0 Reviews,['Intel Core i7 Processor (10th Gen)' '32 GB DDR4 RAM' '64 bit Windows 10 Operating System' '1 TB SSD' '39.62 cm (15.6 inch) Touchscreen Display' 'My Asus Splendid Tru2Life' '1 Year Onsite Warranty'],laptops
ASUS VivoBook Ultra 14 Core i3 11th Gen - (8 GB/512 GB SSD/Windows 10 Home) X413EA-EB323TS Thin and Li...,ASUS,44990,56990,21% off,4.4,2807 Ratings & 401 Reviews,['Intel Core i3 Processor (11th Gen)' '8 GB DDR4 RAM' '64 bit Windows 10 Operating System' '512 GB SSD' '35.56 cm (14 inch) Display' 'Microsoft Office Home and Student 2019 Tru2Life Splendid My Asus' '1 Year Onsite Warranty'],laptops
ALIENWARE Core i7 10th Gen - (16 GB/1 TB SSD/Windows 10 Home/8 GB Graphics/NVIDIA GeForce RTX 2070) m1...,ALIENWARE,250000,293080,14% off,4.0,5 Ratings & 2 Reviews,['NVIDIA GeForce RTX 2070' '15.6 inch Full HD LED Backlit Anti-glare IPS Display 300 Hz 300 Nits' 'Alienware Cryo-tech thermal technology to keep the system cool and running at highest performance' 'Tobii-eye tracking to track head pose presence fine gaze and eye position' 'In-built Alienware Command center software with enhanced control over system settings' 'Intel Core i7 Processor (10th Gen)' '16 GB DDR4 RAM' '64 bit Windows 10 Operating System' '1 TB SSD' '39.62 cm (15.6 inch) Display' 'Microsoft Office Home and Student 2019' '1 Year Limited Hardware Warranty In Home Service After Remote Diagnosis - Retail'],laptops
ALIENWARE Core i7 10th Gen - (16 GB/512 GB SSD/Windows 10 Home/6 GB Graphics/NVIDIA GeForce GTX 1660 T...,ALIENWARE,199990,223322,10% off,4.9,12 Ratings & 0 Reviews,['NVIDIA GeForce GTX 1660 Ti' '15.6 inch Full HD LED Backlit Anti-glare IPS Display 300 Hz 300 Nits' 'Alienware Cryo-tech thermal technology to keep the system cool and running at highest performance' 'Tobii-eye tracking to track head pose presence fine gaze and eye position' 'In-built Alienware Command center software with enhanced control over system settings' 'Intel Core i7 Processor (10th Gen)' '16 GB DDR4 RAM' '64 bit Windows 10 Operating System' '512 GB SSD' '39.62 cm (15.6 inch) Display' 'Microsoft Office Home and Student 2019' '1 Year Limited Hardware Warranty In Home Service After Remote Diagnosis - Retail'],laptops
Lenovo Ideapad Gaming 3 Ryzen 5 Hexa Core 4600H - (8 GB/1 TB HDD/Windows 10 Home/4 GB Graphics/NVIDIA ...,Lenovo,56990,76890,25% off,4.3,402 Ratings & 49 Reviews,['AMD Ryzen 5 Hexa Core Processor' '8 GB DDR4 RAM' '64 bit Windows 10 Operating System' '1 TB HDD' '39.62 cm (15.6 Inch) Display' 'Microsoft Office (Trial Only)' '1 Year Warranty + 1 Year Premium Care + 1 Year ADP'],laptops
ASUS ROG Zephyrus M16 (2022) with 90Whr Battery Core i7 12th Gen - (16 GB/1 TB SSD/Windows 11 Home/6 G...,ASUS,179990,227990,21% off,5.0,3 Ratings & 0 Reviews,['Intel Core i7 Processor (12th Gen)' '16 GB DDR5 RAM' '64 bit Windows 11 Operating System' '1 TB SSD' '40.64 cm (16 Inch) Display' '1 Year Onsite Warranty'],laptops
ASUS ROG Strix G15 (2022) Ryzen 7 Octa Core AMD R7-6800H - (16 GB/1 TB SSD/Windows 11 Home/4 GB Graphi...,ASUS,105990,137990,23% off,4.0,17 Ratings & 4 Reviews,['AMD Ryzen 7 Octa Core Processor' '16 GB DDR5 RAM' 'Windows 11 Operating System' '1 TB SSD' '39.62 cm (15.6 Inch) Display' 'Office Home and Student McAfee' '1 Year Onsite Warranty'],laptops
Lenovo Yoga Core i7 10th Gen - (16 GB/1 TB SSD/Windows 10 Home) Yoga S940-14IIL Thin and Light Laptop,Lenovo,169990,223890,24% off,2.5,2 Ratings & 1 Reviews,['Intel Core i7 Processor (10th Gen)' '16 GB LPDDR4X RAM' '64 bit Windows 10 Operating System' '1 TB SSD' '35.56 cm (14 inch) Display' '3 Years Warranty + 1 Year Premium Care + 1 Year ADP'],laptops
ASUS Ryzen 7 Dual Core 7th Gen - (16 GB/512 GB HDD/512 GB SSD/Windows 11 Home/4 GB Graphics/NVIDIA GeF...,ASUS,81990,103990,21% off,4.3,4 Ratings & 1 Reviews,['AMD Ryzen 7 Dual Core Processor (7th Gen)' '16 GB DDR4 RAM' 'Windows 11 Operating System' '512 GB HDD|512 GB SSD' '39.62 cm (15.6 inch) Display' '1 Year Warranty'],laptops
Lenovo Ideapad Slim 5i Core i5 11th Gen - (8 GB/1 TB HDD/256 GB SSD/Windows 10 Home/2 GB Graphics) ide...,Lenovo,62500,93690,33% off,4.2,106 Ratings & 9 Reviews,['Intel Core i5 Processor (11th Gen)' '8 GB DDR4 RAM' '64 bit Windows 10 Operating System' '1 TB HDD|256 GB SSD' '39.62 cm (15.6 inch) Display' 'Microsoft Office Home and Student 2019' '1 Year Warranty + 1 Year Premium Care + 1 Year ADP'],laptops
DELL Core i5 11th Gen - (8 GB/512 GB SSD/Windows 11 Home/4 GB Graphics/NVIDIA GeForce RTX 3050) G15-55...,DELL,72990,75826,3% off,4.4,42 Ratings & 4 Reviews,['NVIDIA RTX 3050 Graphics upto 90W TGP' '15.6 inch Full HD AG Display (250 nits Brightness 120Hz Narrow Border)' 'Alienware Command Center' 'Intel Core i5 Processor (11th Gen)' '8 GB DDR4 RAM' '64 bit Windows 11 Operating System' '512 GB SSD' '39.62 cm (15.6 inch) Display' 'Office Home and Student 2021' '1 Year Onsite Hardware Service'],laptops
acer Extensa 15 Pentium Quad Core - (4 GB/256 GB SSD/Windows 10 Home) EX215-31 Laptop,acer,23400,34990,33% off,4.3,480 Ratings & 90 Reviews,['Intel Pentium Quad Core Processor' '4 GB DDR4 RAM' '64 bit Windows 10 Operating System' '256 GB SSD' '39.62 cm (15.6 inches) Display' 'Acer Care Center Quick Access Acer Product Registration Acer Configuration Manager Norton Internet Security (Trial)' 'One-year International Travelers Warranty (ITW)'],laptops
HP 247 G8 Ryzen 3 Quad Core - (8 GB/512 GB SSD/DOS) 6B5R3PA#ACJ Notebook,HP,26990,40486,33% off,3.7,174 Ratings & 19 Reviews,['AMD Ryzen 3 Quad Core Processor' '8 GB DDR4 RAM' 'DOS Operating System' '512 GB SSD' '35.56 cm (14 inch) Display' '1Year'],laptops
HP 15s Intel Core i5 12th Gen - (16 GB/512 GB SSD/Windows 11 Home) 15s-fq5112TU Thin and Light Laptop,HP,62980,72210,12% off,4.1,88 Ratings & 6 Reviews,['Intel Core i5 Processor (12th Gen)' '16 GB DDR4 RAM' '64 bit Windows 11 Operating System' '512 GB SSD' '39.62 cm (15.6 inch) Display' '1 Year Onsite Warranty'],laptops
HP 15s Intel Core i5 11th Gen - (8 GB/512 GB SSD/Windows 11 Home) 15s-du3517TU Thin and Light Laptop,HP,54450,70171,22% off,4.3,909 Ratings & 77 Reviews,['Intel Core i5 Processor (11th Gen)' '8 GB DDR4 RAM' '64 bit Windows 11 Operating System' '512 GB SSD' '39.62 cm (15.6 inch) Display' 'Office Home and Student 2019' '1 Year Onsite Warranty'],laptops
DELL Inspiron Core i3 10th Gen - (8 GB/1 TB HDD/Windows 10 Home) Inspiron 3501 Laptop,DELL,42990,48900,12% off,4.1,238 Ratings & 26 Reviews,['Intel Core i3 Processor (10th Gen)' '8 GB DDR4 RAM' '64 bit Windows 10 Operating System' '1 TB HDD' '39.62 cm (15.6 inch) Display' 'Microsoft Office Home and Student 2019' '1 Year Limited Hardware Warranty In Home Service After Remote Diagnosis - Retail'],laptops
HP Pavilion Gaming Core i5 11th Gen - (8 GB/1 TB HDD/256 GB SSD/Windows 10 Home/4 GB Graphics/NVIDIA G...,HP,70960,87717,19% off,4.4,466 Ratings & 55 Reviews,['Intel Core i5 Processor (11th Gen)' '8 GB DDR4 RAM' '64 bit Windows 10 Operating System' '1 TB HDD|256 GB SSD' '39.62 cm (15.6 inches) Display' 'Microsoft Office Home & Student 2019 HP Documentation HP e-service HP BIOS recovery HP SSRM HP Smart HP Jumpstarts' '1 Year Onsite Warranty'],laptops
MSI Stealth Core i7 8th Gen - (16 GB/512 GB SSD/Windows 10 Home/6 GB Graphics/NVIDIA GeForce RTX 2060)...,MSI,184790,189990,2% off,4.8,5 Ratings & 1 Reviews,['NVIDIA GeForce RTX 2060' 'Intel Core i7 Processor (8th Gen)' '16 GB DDR4 RAM' '64 bit Windows 10 Operating System' '512 GB SSD' '39.62 cm (15.6 inch) Display' 'SteelSeries Engine 3 Cooler Boost Trinity Dragon Center 2.0 Nahimic 3 True Color 2.0' '2 Years Carry In Warranty'],laptops
Lenovo IdeaPad Flex 3 Chromebook Celeron Dual Core - (4 GB/128 GB EMMC Storage/Chrome OS) CB 11IJL6 Ch...,Lenovo,28490,40490,29% off,3.6,150 Ratings & 22 Reviews,['Intel Celeron Dual Core Processor' '4 GB LPDDR4X RAM' '64 bit Chrome Operating System' '29.46 cm (11.6 inch) Touchscreen Display' '1 Year Onsiteï¿½Warranty'],laptops
DELL Inspiron Core i5 11th Gen - (8 GB/256 GB SSD/Windows 11 Home) INSPIRON 3511 Thin and Light Laptop,DELL,56782,71578,20% off,4.0,21 Ratings & 3 Reviews,['Intel Core i5 Processor (11th Gen)' '8 GB DDR4 RAM' '64 bit Windows 11 Operating System' '256 GB SSD' '39.62 cm (15.6 Inch) Display' '1 Year Onsite Warranty'],laptops
ASUS VivoBook Pro 15 OLED Ryzen 7 Octa Core 5800H - (16 GB/1 TB SSD/Windows 11 Home/4 GB Graphics/NVID...,ASUS,94990,137990,31% off,5.0,7 Ratings & 0 Reviews,['AMD Ryzen 7 Octa Core Processor' '16 GB DDR4 RAM' '64 bit Windows 11 Operating System' '1 TB SSD' '39.62 cm (15.6 inch) Display' '1 Year Onsite Warranty'],laptops
HP Pavilion Intel Core i5 12th Gen - (16 GB/512 GB SSD/Windows 11 Home) EG2036TU Thin and Light Laptop,HP,74590,83553,10% off,4.3,28 Ratings & 2 Reviews,['Intel Core i5 Processor (12th Gen)' '16 GB DDR4 RAM' '64 bit Windows 11 Operating System' '512 GB SSD' '39.62 cm (15.6 inch) Display' 'Microsoft Office Home & Student 2021' '1 Year Onsite Warranty'],laptops
DELL Ryzen 5 Quad Core - (8 GB/1 TB HDD/256 GB SSD/Windows 10) 3515 Laptop,DELL,52990,66560,20% off,4.3,3 Ratings & 0 Reviews,['AMD Ryzen 5 Quad Core Processor' '8 GB DDR4 RAM' 'Windows 10 Operating System' '1 TB HDD|256 GB SSD' '39.62 cm (15.6 inch) Display' '1 year warranty'],laptops
Lenovo Legion 5 Pro Core i7 11th Gen - (16 GB/1 TB SSD/Windows 11 Home/6 GB Graphics/NVIDIA GeForce RT...,Lenovo,157990,224490,29% off,4.6,49 Ratings & 4 Reviews,['Intel Core i7 Processor (11th Gen)' '16 GB DDR4 RAM' '64 bit Windows 11 Operating System' '1 TB SSD' '40.64 cm (16 inch) Display' '3 Years Onsiteï¿½Warrantyï¿½+ 3 Years Legion Ultimate Support + 1 Year Accidental Damage Protection'],laptops
ASUS ZenBook S Core i7 8th Gen - (16 GB/512 GB SSD/Windows 10 Home) UX391UA-ET012T Thin and Light Lapt...,ASUS,99990,122990,18% off,4.3,30 Ratings & 7 Reviews,['Intel Core i7 Processor (8th Gen)' '16 GB DDR3 RAM' '64 bit Windows 10 Operating System' '512 GB SSD' '33.78 cm (13.3 inch) Display' 'Asus Smart Gesture Asus Splendid USB Charger+' '1 Year Onsite Warranty'],laptops
ASUS Vivobook 14 Core i3 11th Gen - (8 GB/256 GB SSD/Windows 10 Home) X415EA-EB342WS Notebook,ASUS,35990,51990,30% off,4.3,176 Ratings & 24 Reviews,['Intel Core i3 Processor (11th Gen)' '8 GB DDR4 RAM' '64 bit Windows 11 Operating System' '256 GB SSD' '35.56 cm (14 inch) Display' 'Windows 11 Home Microsoft Office Home & Student 2019 1 Year Mcafee' '1 Year Onsite Warranty'],laptops
ASUS ZenBook Classic Core i5 10th Gen - (8 GB/512 GB SSD/Windows 10 Home) UX333FA-A5822TS Thin and Lig...,ASUS,79990,98990,19% off,4.4,11 Ratings & 3 Reviews,['Intel Core i5 Processor (10th Gen)' '8 GB LPDDR3 RAM' '64 bit Windows 10 Operating System' '512 GB SSD' '33.78 cm (13.3 inch) Display' 'Asus Splendid Microsoft Office Home and Student 2019' '1 Year Onsite Warranty'],laptops
DELL Ryzen 7 Octa Core 5800H - (16 GB/512 GB SSD/Windows 11 Home/4 GB Graphics/NVIDIA GeForce RTX 3050...,DELL,98990,123850,20% off,5.0,5 Ratings & 0 Reviews,['AMD Ryzen 7 Octa Core Processor' '16 GB DDR4 RAM' '64 bit Windows 11 Operating System' '512 GB SSD' '39.62 cm (15.6 inch) Display' 'Office Home and Student 2021' '1 Year Premium Support'],laptops
DELL Inspiron Core i3 11th Gen - (8 GB/256 GB SSD/Windows 10) Inspiron 3511 Thin and Light Laptop,DELL,43090,56776,24% off,4.0,52 Ratings & 4 Reviews,['Intel Core i3 Processor (11th Gen)' '8 GB DDR4 RAM' '64 bit Windows 10 Operating System' '256 GB SSD' '39.62 cm (15.6 inch) Display' 'Office Home and Student 2019 included' '1 Year Onsite Warranty'],laptops
HP Pavilion x360 Core i3 11th Gen - (8 GB/512 GB SSD/Windows 10 Home) 14-dy0002TU Thin and Light Lapto...,HP,59990,66964,10% off,4.4,47 Ratings & 5 Reviews,['Intel Core i3 Processor (11th Gen)' '8 GB DDR4 RAM' '64 bit Windows 10 Operating System' '512 GB SSD' '35.56 cm (14 inch) Touchscreen Display' 'Microsoft Office Home & Student 2019' '1 Year Onsite Warranty'],laptops
HP Envy Intel Core i5 11th Gen - (16 GB/512 GB SSD/Windows 10 Home/2 GB Graphics) 13-ba1501TX Thin and...,HP,79990,99203,19% off,4.2,59 Ratings & 7 Reviews,['Intel Core i5 Processor (11th Gen)' '16 GB DDR4 RAM' '64 bit Windows 10 Operating System' '512 GB SSD' '33.78 cm (13.3 inch) Display' 'Microsoft Office 2019 Home & Student HP Documentation HP e-service HP BIOS recovery HP SSRM HP Jumpstart' '1 Year Onsite Warranty'],laptops
DELL Inspiron Ryzen 3 Dual Core 3250U - (8 GB/256 GB SSD/Windows 11 Home) Inspiron 3525 Thin and Light...,DELL,36690,52433,30% off,4.0,9 Ratings & 0 Reviews,['AMD Ryzen 3 Dual Core Processor' '8 GB DDR4 RAM' '64 bit Windows 11 Operating System' '256 GB SSD' '39.62 cm (15.6 inch) Display' 'Microsoft Office Home & Student 2021' '1 Year Onsite Hardware Service'],laptops
DELL Vostro Core i3 11th Gen - (8 GB/256 GB SSD/Windows 10) Vostro 3400 Thin and Light Laptop,DELL,42390,55448,23% off,4.3,1937 Ratings & 171 Reviews,['Intel Core i3 Processor (11th Gen)' '8 GB DDR4 RAM' '64 bit Windows 10 Operating System' '256 GB SSD' '35.56 cm (14 inch) Display' 'Microsoft Office Home & Student 2019' '1 Year Onsite Warranty'],laptops
ASUS Chromebook Celeron Dual Core - (4 GB/64 GB EMMC Storage/Chrome OS) C423NA-EC0521 Chromebook,ASUS,25990,29990,13% off,4.1,203 Ratings & 27 Reviews,['Intel Celeron Dual Core Processor' '4 GB LPDDR4 RAM' 'Chrome Operating System' '35.56 cm (14 inch) Touchscreen Display' '1 Year Onsite Warranty'],laptops
HP Pavilion Ryzen 5 Hexa Core 5500U - (16 GB/512 GB SSD/Windows 10 Home/2 GB Graphics) 14-ec0000AX Thi...,HP,68890,74839,7% off,4.2,121 Ratings & 17 Reviews,['AMD Ryzen 5 Hexa Core Processor' '16 GB DDR4 RAM' '64 bit Windows 10 Operating System' '512 GB SSD' '35.56 cm (14 inch) Display' 'Microsoft Office Home & Student 2019 HP Documentation' '1 Year Onsite Warranty'],laptops
DELL Inspiron Core i3 12th Gen - (8 GB/512 GB SSD/Windows 11 Home) Inspiron 7420 Thin and Light Laptop,DELL,69999,81585,14% off,3.6,10 Ratings & 4 Reviews,"['Processor: Intel i3-1215U (0.9 GHz up to 4.40 GHz) 6 Cores 10MB CPU Cache' 'RAM & Storage: 8GB 1x8GB DDR4 3200MHz 512GB SSD' 'Display: 14.0"" FHD+ WVA Truelife Touch Narrow Border 250 nits Dell Active Pen' 'Graphics: Integrated Keyboard: Backlit Keyboard + Fingerprint Reader' 'Ports: 1 HDMI out 1.4 1 USB 3.2 Gen 1 Type-A  2 USB 3.2 Gen 2x2 Type-C with PowerDelivery and Video 1 3.5mm Headphone/Microphone combination jack SD Card Reader' 'Headphone/Microphone combination jack SD Card Reader' 'Intel Core i3 Processor (12th Gen)' '8 GB DDR5 RAM' '64 bit Windows 11 Operating System' '512 GB SSD' '35.56 cm (14 inch) Touchscreen Display' '1 Year Onsite Hardware Service']",laptops
DELL 3511 Core i5 11th Gen - (8 GB/1 TB HDD/256 GB SSD/Windows 11 Home/2 GB Graphics) 3511 Laptop,DELL,59990,87000,31% off,4.7,3 Ratings & 0 Reviews,['Intel Core i5 Processor (11th Gen)' '8 GB DDR4 RAM' '64 bit Windows 11 Operating System' '1 TB HDD|256 GB SSD' '39.62 cm (15.6 inch) Display' 'Mc Afee Anti Virus 15 Months MS Office Home& Students 2021' '1 Year By Dell'],laptops
Lenovo IdeaPad 3 Core i3 11th Gen - (8 GB/256 GB SSD/Windows 10 Home) 15ITL6 Thin and Light Laptop,Lenovo,36990,56690,34% off,4.3,491 Ratings & 47 Reviews,['Intel Core i3 Processor (11th Gen)' '8 GB DDR4 RAM' '64 bit Windows 10 Operating System' '256 GB SSD' '39.62 cm (15.6 inch) Display' 'Office Home and Student 2019 included' '1 Year Warranty Term'],laptops
acer Predator Helios 300 Core i9 12th Gen - (16 GB/1 TB SSD/Windows 11 Home/6 GB Graphics/NVIDIA GeFor...,acer,146990,189990,22% off,4.6,91 Ratings & 18 Reviews,['Intel Core i9 Processor (12th Gen)' '16 GB DDR5 RAM' '64 bit Windows 11 Operating System' '1 TB SSD' '39.62 cm (15.6 Inch) Display' '1 Year International Travelers Warranty (ITW)'],laptops
ASUS Vivobook 14 Ryzen 3 Dual Core AMD Ryzen 3 3250U - (8 GB/256 GB SSD/Windows 10 Home) M415DA-EK322T...,ASUS,37490,46990,20% off,4.2,62 Ratings & 5 Reviews,['AMD Ryzen 3 Dual Core Processor' '8 GB DDR4 RAM' '64 bit Windows 10 Operating System' '256 GB SSD' '35.81 cm (14.1 inch) Display' 'Windows 10 Ms Office Home & Student 2019 1 Year Mcafee' '1 Year onsite warranty'],laptops
Lenovo Ideapad 3 Dual Core 3020e - (4 GB/1 TB HDD/Windows 10 Home) 15ADA05 Laptop,Lenovo,27490,29290,6% off,4.0,1167 Ratings & 145 Reviews,['AMD Dual Core Processor' '4 GB DDR4 RAM' '64 bit Windows 10 Operating System' '1 TB HDD' '39.62 cm (15.6 inch) Display' '1 Year Onsite Warranty'],laptops
Lenovo IdeaPad Gaming 3 Ryzen 7 Octa Core 4800H - (8 GB/512 GB SSD/Windows 10 Home/4 GB Graphics/NVIDI...,Lenovo,78500,89490,12% off,4.4,145 Ratings & 21 Reviews,['AMD Ryzen 7 Octa Core Processor' '8 GB DDR4 RAM' '64 bit Windows 10 Operating System' '512 GB SSD' '39.62 cm (15.6 inch) Display' 'Microsoft Office Home and Student 2019' '1 Year Onsite Warranty'],laptops
acer Aspire 3 Ryzen 3 Dual Core R33250U - (4 GB/1 TB HDD/Windows 10 Home) A315-23 Notebook,acer,34130,49999,31% off,3.6,135 Ratings & 20 Reviews,['AMD Ryzen 3 Dual Core Processor' '4 GB DDR4 RAM' '64 bit Windows 10 Operating System' '1 TB HDD' '39.62 cm (15.6 inch) Display' 'Acer Care Center Quick Access Acer Product Registration' '1 Year International Travelers Warranty (ITW)'],laptops
APPLE MacBook Pro Core i5 8th Gen - (8 GB/512 GB SSD/Mac OS Mojave) MV972HN/A,APPLE,162990,179900,9% off,4.2,107 Ratings & 13 Reviews,['Intel Core i5 Processor (8th Gen)' '8 GB DDR3 RAM' 'Mac OS Operating System' '512 GB SSD' '33.78 cm (13.3 inch) Display' 'Built-in Apps: Keynote Siri Safari FaceTime App Store iTunes Time Machine iMovie GarageBand Pages Notes' '1 Year Onsite Warranty'],laptops
acer Aspire 5 Ryzen 7 Octa Core 5700U - (8 GB/512 GB SSD/Windows 10 Home) A515-45-R9PX Thin and Light ...,acer,59990,79999,25% off,5.0,3 Ratings & 0 Reviews,['AMD Ryzen 7 Octa Core Processor' '8 GB DDR4 RAM' '64 bit Windows 10 Operating System' '512 GB SSD' '39.62 cm (15.6 inch) Display' 'Acer Care Center Acer Configuration Manager Quick Access Acer Product Registration' '1 Year International Travelers Warranty (ITW)'],laptops
Vaio E Series Ryzen 7 Quad Core 3700U - (8 GB/512 GB SSD/Windows 10 Home) NE15V2IN027P Thin and Light ...,Vaio,57990,76090,23% off,3.8,173 Ratings & 33 Reviews,['AMD Ryzen 7 Quad Core Processor' '8 GB DDR4 RAM' '64 bit Windows 10 Operating System' '512 GB SSD' '39.62 cm (15.6 inch) Display' 'Microsoft Office 365' '2 Years Onsite Warranty'],laptops
DELL Vostro Core i5 11th Gen - (8 GB/512 GB SSD/Windows 10) Vostro 3000 Thin and Light Laptop,DELL,56400,80700,30% off,4.1,395 Ratings & 26 Reviews,['Intel Core i5 Processor (11th Gen)' '8 GB DDR4 RAM' '64 bit Windows 10 Operating System' '512 GB SSD' '35.56 cm (14 inch) Display' 'Microsoft Office Home & Student 2019' '1 Year Onsite Warranty'],laptops
DELL Vostro 3405 Athlon Dual Core 3050 - (4 GB/256 GB SSD/Windows 10 Home) Vostro 3405 Thin and Light ...,DELL,28290,39874,29% off,4.1,487 Ratings & 54 Reviews,['AMD Athlon Dual Core Processor' '4 GB DDR4 RAM' '64 bit Windows 10 Operating System' '256 GB SSD' '35.56 cm (14 inch) Display' 'Microsoft Office Home and Student 2019' '1 Year Onsite Warranty'],laptops
Lenovo IdeaPad Gaming 3 Core i5 11th Gen - (8 GB/512 GB SSD/Windows 10 Home/4 GB Graphics/NVIDIA GeFor...,Lenovo,66990,93690,28% off,4.1,44 Ratings & 10 Reviews,['Intel Core i5 Processor (11th Gen)' '8 GB DDR4 RAM' '64 bit Windows 10 Operating System' '512 GB SSD' '39.62 cm (15.6 inch) Display' '1 Year Warranty + 1 Year Premium Care + 1 Year ADP'],laptops
ASUS Zenbook 14X (2022) Space Edition Core i7 12th Gen - (16 GB/1 TB SSD/Windows 11 Home) UX5401ZAS-KN...,ASUS,129990,164990,21% off,4.1,10 Ratings & 2 Reviews,['Intel Core i7 Processor (12th Gen)' '16 GB LPDDR5 RAM' 'Windows 11 Operating System' '1 TB SSD' '35.56 cm (14 inch) Touchscreen Display' 'Microsoft Office Home & Student 2021' '1 Year Onsite Warranty'],laptops
HP Intel Core i5 10th Gen - (16 GB/512 GB SSD/Windows 10 Home/4 GB Graphics) 15-ep0011TX Laptop,HP,97500,138366,29% off,3.7,3 Ratings & 0 Reviews,['Intel Core i5 Processor (10th Gen)' '16 GB DDR4 RAM' '64 bit Windows 10 Operating System' '512 GB SSD' '39.62 cm (15.6 inch) Display' 'Microsoft Office Home and Student 2019' '1 Year Onsite Warranty'],laptops
MSI Modern 14 Core i7 11th Gen - (8 GB/512 GB SSD/Windows 10 Home) Modern 14 B11MOU-473IN Notebook,MSI,64600,78990,18% off,4.2,100 Ratings & 15 Reviews,['Intel Core i7 Processor (11th Gen)' '8 GB DDR4 RAM' '64 bit Windows 10 Operating System' '512 GB SSD' '35.56 cm (14 inch) Display' '1 Year On-Site Warranty'],laptops
DELL Inspiron 15 3000 Pentium Quad Core - (4 GB/500 GB HDD/Windows 10 Home) 3552 Laptop,DELL,22990,24418,5% off,4.1,1299 Ratings & 186 Reviews,['Intel Pentium Quad Core Processor' '4 GB DDR3 RAM' '64 bit Windows 10 Operating System' '500 GB HDD' '39.62 cm (15.6 inch) Display' '1 Year Limited Hardware Warranty InHome Service After Remote Diagnosis'],laptops
Lenovo IdeaPad Ryzen 5 Hexa Core 5500U - (8 GB/512 GB SSD/Windows 10 Home) IdeaPad 5 15ALC05 Thin and ...,Lenovo,57990,78290,25% off,4.1,113 Ratings & 16 Reviews,['AMD Ryzen 5 Hexa Core Processor' '8 GB DDR4 RAM' '64 bit Windows 10 Operating System' '512 GB SSD' '39.62 cm (15.6 inch) Display' 'Microsoft Office 2019 Home & Student' '1 Year Onsiteï¿½Warrantyï¿½+ 1 Year Accidental Damage Protection + 1 Year premium Care'],laptops
ASUS Core i5 11th Gen - (8 GB/1 TB HDD/256 GB SSD/Windows 10 Home/2 GB Graphics) X513EP-BQ502TS Laptop,ASUS,59990,79990,25% off,4.5,4 Ratings & 1 Reviews,['Intel Core i5 Processor (11th Gen)' '8 GB LPDDR4 RAM' 'Windows 10 Operating System' '1 TB HDD|256 GB SSD' '39.62 cm (15.6 inch) Display' '1 Year Onsite Warranty'],laptops
HP Pavilion Gaming Ryzen 5 Hexa Core AMD R5-4600H - (8 GB/1 TB HDD/Windows 10 Home/4 GB Graphics/NVIDI...,HP,59990,68192,12% off,4.1,1609 Ratings & 165 Reviews,['AMD Ryzen 5 Hexa Core Processor' '8 GB DDR4 RAM' '64 bit Windows 10 Operating System' '1 TB HDD' '39.62 cm (15.6 inch) Display' 'HP Documentation HP e-service HP BIOS Recovery HP Smart HP Jumpstarts HP Audio Switch HP Audio Boost HP Support Assistant HP SSRM Dropbox' '1 Year Onsite Warranty'],laptops
ASUS Core i9 10th Gen - (32 GB/1 TB SSD/Windows 10 Home/6 GB Graphics/NVIDIA GeForce RTX 2060) UX581LV...,ASUS,269990,326990,17% off,4.8,8 Ratings & 1 Reviews,['Intel Core i9 Processor (10th Gen)' '32 GB DDR4 RAM' '64 bit Windows 10 Operating System' '1 TB SSD' '39.62 cm (15.6 inch) Touchscreen Display' 'My Asus Splendid Tru2Life' '1 Year Onsite Warranty'],laptops
HP 14s Intel Core i3 11th Gen - (8 GB/256 GB SSD/Windows 11 Home) 14s- dy2506TU Thin and Light Laptop,HP,43990,55562,20% off,4.3,2854 Ratings & 308 Reviews,['Intel Core i3 Processor (11th Gen)' '8 GB DDR4 RAM' '64 bit Windows 11 Operating System' '256 GB SSD' '35.56 cm (14 inch) Display' 'Microsoft Office Home & Student 2019' '1 Year Onsite Warranty'],laptops
DELL Inspiron Core i3 11th Gen - (8 GB/1 TB HDD/Windows 11 Home) Inspiron 3511 Thin and Light Laptop,DELL,37990,51493,26% off,3.7,670 Ratings & 85 Reviews,['Intel Core i3 Processor (11th Gen)' '8 GB DDR4 RAM' '64 bit Windows 11 Operating System' '1 TB HDD' '38.0 cm (14.96 inch) Display' 'NA' '1 Year Onsite Warranty'],laptops
DELL G15 Core i5 10th Gen - (8 GB/512 GB SSD/Windows 10/4 GB Graphics/NVIDIA GeForce GTX 1650/120 Hz) ...,DELL,62990,78014,19% off,4.3,333 Ratings & 29 Reviews,['NVIDIA GeForce GTX 1650' '15.6 inches Full HD 2-sided narrow bezel 120Hz 250 Nits' 'Improved thermal design with copper pipes & vents' 'Game shift key for Turbo boost of power' 'In-built Alienware Command center software with enhanced control over system settings' 'Intel Core i5 Processor (10th Gen)' '8 GB DDR4 RAM' '64 bit Windows 10 Operating System' '512 GB SSD' '39.62 cm (15.6 inch) Display' '1 Year Premium Support'],laptops
DELL Inspiron 3501 Core i5 11th Gen - (8 GB/1 TB HDD/256 GB SSD/Windows 10 Home/2 GB Graphics) Inspiro...,DELL,67990,69812,2% off,4.3,190 Ratings & 19 Reviews,['Intel Core i5 Processor (11th Gen)' '8 GB DDR4 RAM' '64 bit Windows 10 Operating System' '1 TB HDD|256 GB SSD' '39.62 cm (15.6 inch) Display' 'Microsoft Office Home and Student 2019' '1 Year Onsite Warranty'],laptops
DELL Inspiron Core i3 10th Gen - (8 GB/256 GB SSD/Windows 10) Inspiron 3511 Thin and Light Laptop,DELL,43590,55534,21% off,3.8,65 Ratings & 5 Reviews,['Intel Core i3 Processor (10th Gen)' '8 GB DDR4 RAM' '64 bit Windows 10 Operating System' '256 GB SSD' '39.62 cm (15.6 inch) Display' 'Office Home and Student 2019 included' '1 Year Onsite Warranty'],laptops
Infinix X1 Slim Series Core i7 10th Gen - (16 GB/512 GB SSD/Windows 11 Home) XL21 Thin and Light Lapto...,Infinix,49990,69999,28% off,3.6,98 Ratings & 23 Reviews,['Intel Core i7 Processor (10th Gen)' '16 GB LPDDR4X RAM' '64 bit Windows 11 Operating System' '512 GB SSD' '35.56 cm (14 Inch) Display' 'NA' '1 Year Onsite Warranty'],laptops
Nokia PureBook S14 Core i5 11th Gen - (16 GB/512 GB SSD/Windows 11 Home) NKi511TL165S Thin and Light L...,Nokia,52490,82990,36% off,4.0,765 Ratings & 181 Reviews,['Intel Core i5 Processor (11th Gen)' '16 GB DDR4 RAM' '64 bit Windows 11 Operating System' '512 GB SSD' '35.56 cm (14 inch) Display' '1 Year Onsite Warranty Commencing from the Date of Purchase'],laptops
DELL Inspiron Core i5 11th Gen - (8 GB/1 TB HDD/256 GB SSD/Windows 11 Home) INSPIRON 3511 Thin and Lig...,DELL,56990,75946,24% off,4.2,142 Ratings & 13 Reviews,['Intel Core i5 Processor (11th Gen)' '8 GB DDR4 RAM' '64 bit Windows 11 Operating System' '1 TB HDD|256 GB SSD' '39.62 cm (15.6 inch) Display' 'Office Home and Student 2021' '1 Year Onsite Warranty'],laptops
HP OMEN Core i7 11th Gen - (16 GB/1 TB SSD/Windows 11 Home/4 GB Graphics/NVIDIA GeForce RTX RTX 3050Ti...,HP,118000,138399,14% off,5.0,3 Ratings & 1 Reviews,['Intel Core i7 Processor (11th Gen)' '16 GB DDR4 RAM' '64 bit Windows 11 Operating System' '1 TB SSD' '40.89 cm (16.1 Inch) Display' '1 Year Onsite Warranty'],laptops
Lenovo Yoga Slim 7 Intel EVO Core i5 11th Gen - (16 GB/512 GB SSD/Windows 10 Home) 14ITL5 2 in 1 Lapto...,Lenovo,87990,125890,30% off,4.8,33 Ratings & 6 Reviews,['Intel Core i5 Processor (11th Gen)' '16 GB DDR4 RAM' '64 bit Windows 10 Operating System' '512 GB SSD' '35.56 cm (14 Inch) Touchscreen Display' 'Microsoft Office Home and Student 2019' '3 Years Warranty + 1 Year Premium Care + 1 Year ADP'],laptops
DELL Inspiron Core i3 10th Gen - (8 GB/512 GB SSD/Windows 11 Home) Inspiron 3511 Thin and Light Laptop,DELL,46790,63200,25% off,4.2,68 Ratings & 6 Reviews,['Intel Core i3 Processor (10th Gen)' '8 GB DDR4 RAM' '64 bit Windows 11 Operating System' '512 GB SSD' '39.62 cm (15.6 inch) Display' 'Office Home and Student 2021' '1 Year Onsite Warranty'],laptops
ASUS Vivobook S14 OLED (2022) Intel EVO Core i7 12th Gen - (16 GB/512 GB SSD/Windows 11 Home) S3402ZA-...,ASUS,86990,116990,25% off,3.8,31 Ratings & 7 Reviews,['Intel Core i7 Processor (12th Gen)' '16 GB DDR4 RAM' 'Windows 11 Operating System' '512 GB SSD' '35.56 cm (14 inch) Display' 'Office Home and Student 2021' '1 Year Onsite Warranty'],laptops
DELL G15 Ryzen 7 Octa Core 5800H - (16 GB/512 GB SSD/Windows 10/4 GB Graphics/NVIDIA GeForce RTX 3050)...,DELL,96890,113162,14% off,4.4,5 Ratings & 1 Reviews,['NVIDIA GEFORCE RTX 3050' '15.6 inches Full HD 2-sided narrow bezel 120Hz 250 Nits' 'Improved thermal design with copper pipes & vents' 'Game shift key for Turbo boost of power' 'In-built Alienware Command center software with enhanced control over system settings' 'AMD Ryzen 7 Octa Core Processor' '16 GB DDR4 RAM' '64 bit Windows 10 Operating System' '512 GB SSD' '39.62 cm (15.6 Inch) Display' '1 Year Premium Support'],laptops
HP Spectre x360 Core i7 10th Gen - (16 GB/512 GB SSD/Windows 10 Pro) 13-aw0205tu 2 in 1 Laptop,HP,162990,192977,15% off,3.3,3 Ratings & 1 Reviews,['Intel Core i7 Processor (10th Gen)' '16 GB DDR4 RAM' '64 bit Windows 10 Operating System' '512 GB SSD' '33.78 cm (13.3 inch) Touchscreen Display' 'HP Audio Switch HP Documentation HP e-Service HP JumpStart HP Support Assistant HP Connection Optimizer HP Command Center HP PC Hardware Diagnostics Windows' '1 Year Onsite Warranty'],laptops
MSI Summit E15 Core i7 11th Gen - (16 GB/1 TB SSD/Windows 10 Pro/4 GB Graphics) Summit E15 A11SCST-272...,MSI,134990,156990,14% off,4.0,3 Ratings & 2 Reviews,['Intel Core i7 Processor (11th Gen)' '16 GB DDR4 RAM' '64 bit Windows 10 Operating System' '1 TB SSD' '39.62 cm (15.6 inch) Touchscreen Display' 'Cooler Boost 3 True Color 2.0 Nahimic 3 MSI Center' '2 Years Carry In Warranty'],laptops
DELL Inspiron Ryzen 5 Quad Core 3450U - (8 GB/256 GB SSD/Windows 10) Inspiron 3515 Thin and Light Lapt...,DELL,44990,56573,20% off,4.0,319 Ratings & 29 Reviews,['AMD Ryzen 5 Quad Core Processor' '8 GB DDR4 RAM' '64 bit Windows 10 Operating System' '256 GB SSD' '39.62 cm (15.6 inch) Display' 'Office Home and Student 2019 included' '1 Year Onsite Warranty'],laptops
Lenovo Core i5 11th Gen - (16 GB/512 GB SSD/Windows 10 Home) E15 Laptop,Lenovo,77990,80366,2% off,4.3,34 Ratings & 4 Reviews,['Intel Core i5 Processor (11th Gen)' '16 GB DDR4 RAM' 'Windows 10 Operating System' '512 GB SSD' '39.62 cm (15.6 Inch) Display' 'Microsoft Office Home & Student 2019' '1 Year Onsite Warranty'],laptops
Lenovo Ideapad S145 Ryzen 3 Dual Core 3200U - (4 GB/1 TB HDD/Windows 10 Home) S145-15API Thin and Ligh...,Lenovo,30590,37190,17% off,3.9,6196 Ratings & 934 Reviews,['AMD Ryzen 3 Dual Core Processor' '4 GB DDR4 RAM' '64 bit Windows 10 Operating System' '1 TB HDD' '39.62 cm (15.6 inch) Display' 'Lenovo App Explorer Lenovo Companion 3.0 Lenovo Vantage Microsoft Office Home and Student 2019' '1 Year Onsite Warranty'],laptops
DELL Inspiron Core i5 11th Gen - (16 GB/512 GB SSD/Windows 10) Inspiron 5410 2 in 1 Laptop,DELL,79490,84900,6% off,3.6,17 Ratings & 1 Reviews,['Intel Core i5 Processor (11th Gen)' '16 GB DDR4 RAM' '64 bit Windows 10 Operating System' '512 GB SSD' '35.56 cm (14 Inch) Touchscreen Display' 'Microsoft Office Home & Student 2019' '1 Year Onsite Warranty'],laptops
DELL Inspiron Core i5 11th Gen - (8 GB/1 TB SSD/Windows 10 Home) Inspiron 5301 Thin and Light Laptop,DELL,78190,89887,13% off,4.5,21 Ratings & 3 Reviews,['Intel Core i5 Processor (11th Gen)' '8 GB LPDDR4X RAM' '64 bit Windows 10 Operating System' '1 TB SSD' '33.78 cm (13.3 inch) Display' '1 Year Onsite Warranty'],laptops
MSI GS Core i7 8th Gen - (16 GB/512 GB SSD/Windows 10 Home/6 GB Graphics/NVIDIA GeForce GTX 1060) GS65...,MSI,149990,169990,11% off,4.1,10 Ratings & 3 Reviews,['512 GB SSD for Reduced Boot Up Time and in Game Loading' 'Pre-installed Genuine Windows 10 Operating System (Includes Built-in Security Free Automated Updates Latest Features)' 'NVIDIA Geforce GTX 1060 for Desktop Level Performance' 'Per-Key RGB Gaming Keyboard Helps in Customizing Each Key' 'Intel Core i7 Processor (8th Gen)' '16 GB DDR4 RAM' '64 bit Windows 10 Operating System' '512 GB SSD' '39.62 cm (15.6 inch) Display' 'SHIFT Xsplit Gamecaster Nahimic 3 Cooler Boost Trinity Dragon Center 2.0 True Color 2.0' '2 Years Carry In Warranty'],laptops
DELL Inspiron Core i3 10th Gen - (8 GB/1 TB HDD/256 GB SSD/Windows 11 Home) Inspiron 3511 Thin and Lig...,DELL,44900,56200,20% off,4.2,44 Ratings & 3 Reviews,['Intel Core i3 Processor (10th Gen)' '8 GB DDR4 RAM' '64 bit Windows 11 Operating System' '1 TB HDD|256 GB SSD' '39.62 cm (15.6 inch) Display' 'Office Home and Student 2021' '1 Year Onsite Warranty'],laptops
Lenovo Ideapad S145 Core i3 10th Gen - (4 GB/256 GB SSD/Windows 10 Home) S145-15IIL Thin and Light Lap...,Lenovo,33990,51890,34% off,4.1,1114 Ratings & 140 Reviews,['Intel Core i3 Processor (10th Gen)' '4 GB DDR4 RAM' '64 bit Windows 10 Operating System' '256 GB SSD' '39.62 cm (15.6 inch) Display' 'Microsoft Office Home and Student 2019' '1 Year Onsite Warranty'],laptops
HP Pavilion Intel Core i7 11th Gen - (16 GB/512 GB SSD/Windows 11 Home) 14-dy1047TU Thin and Light Lap...,HP,91890,99999,8% off,3.8,12 Ratings & 0 Reviews,"['Intel Core i7 Processor (11th Gen)' '16 GB DDR4 RAM' '64 bit Windows 11 Operating System' '512 GB SSD' '35.56 cm (14 inch) Touchscreen Display' '""Microsoft Office Home & Student 2019 HP Documentation HP SSRM HP Smart ""' '1 Year Onsite Warranty']",laptops
DELL Inspiron Core i5 11th Gen - (8 GB/512 GB SSD/Windows 10) Inspiron 5410 2 in 1 Laptop,DELL,74990,82300,8% off,4.4,45 Ratings & 5 Reviews,['Intel Core i5 Processor (11th Gen)' '8 GB DDR4 RAM' '64 bit Windows 10 Operating System' '512 GB SSD' '35.56 cm (14 inch) Touchscreen Display' 'Microsoft Office Home and Student 2019' '1 Year Onsite Warranty'],laptops
Vaio E Series Ryzen 7 Quad Core 3700U - (8 GB/512 GB SSD/Windows 10 Home) NE15V2IN026P Thin and Light ...,Vaio,52990,76090,30% off,3.8,173 Ratings & 33 Reviews,['AMD Ryzen 7 Quad Core Processor' '8 GB DDR4 RAM' '64 bit Windows 10 Operating System' '512 GB SSD' '39.62 cm (15.6 inch) Display' 'Microsoft Office 365' '2 Years Onsite Warranty'],laptops
ASUS Vivobook 15 Core i5 10th Gen - (8 GB/512 GB SSD/Windows 11 Home) X515JA-EJ552WS Thin and Light La...,ASUS,50000,59999,16% off,4.2,98 Ratings & 4 Reviews,['Intel Core i5 Processor (10th Gen)' '8 GB DDR4 RAM' '64 bit Windows 11 Operating System' '512 GB SSD' '39.62 cm (15.6 Inch) Display' '1 Year Onsite Warranty'],laptops
HP Ryzen 5 Hexa Core 5500U - (8 GB/512 GB SSD/Windows 10 Home) 15s-EQ2040AU Thin and Light Laptop,HP,50990,56663,10% off,4.3,568 Ratings & 53 Reviews,['AMD Ryzen 5 Hexa Core Processor' '8 GB DDR4 RAM' '64 bit Windows 10 Operating System' '512 GB SSD' '39.62 cm (15.6 inch) Display' 'Microsoft Office 2019 & Office 365 HP Documentation HP BIOS Recovery HP Smart' '1 Year Onsite Warranty'],laptops
Lenovo IdeaPad 1 Celeron Dual Core 4th Gen - (4 GB/256 GB SSD/Windows 10 Home) 11IGL05 Thin and Light ...,Lenovo,23890,40490,40% off,3.9,403 Ratings & 38 Reviews,['Intel Celeron Dual Core Processor (4th Gen)' '4 GB DDR4 RAM' '64 bit Windows 10 Operating System' '256 GB SSD' '29.46 cm (11.6 inch) Display' 'Microsoft Office Home & Student 2019' '1 Year Warranty'],laptops
HP Omen Core i7 11th Gen - (16 GB/1 TB SSD/Windows 11 Home/6 GB Graphics/NVIDIA GeForce RTX RTX 3060) ...,HP,124999,157563,20% off,3.3,3 Ratings & 1 Reviews,['Intel Core i7 Processor (11th Gen)' '16 GB DDR4 RAM' '64 bit Windows 11 Operating System' '1 TB SSD' '40.89 cm (16.1 Inch) Display' 'Microsoft Office Home & Student 2019 HP Documentation HP e-service HP BIOS recovery HP SSRM HP Smart HP Jumpstarts' '1 Year onsite warranty'],laptops
Lenovo Ideapad 520 Core i5 8th Gen - (8 GB/2 TB HDD/Windows 10 Home/4 GB Graphics) 520-15IKB Laptop,Lenovo,64821,79090,18% off,3.3,4 Ratings & 0 Reviews,['Intel Core i5 Processor (8th Gen)' '8 GB DDR4 RAM' '64 bit Windows 10 Operating System' '2 TB HDD' '39.62 cm (15.6 inch) Display' 'Lenovo App Explorer Lenovo Companion 3.0 Microsoft Office Home and Student 2016' '1 Year Onsite Warranty'],laptops
HP Pavilion Gaming Core i5 11th Gen - (8 GB/512 GB SSD/Windows 10 Home/4 GB Graphics/NVIDIA GeForce RT...,HP,74660,89780,16% off,4.1,27 Ratings & 4 Reviews,['Intel Core i5 Processor (11th Gen)' '8 GB DDR4 RAM' '64 bit Windows 10 Operating System' '512 GB SSD' '39.62 cm (15.6 inch) Display' 'Microsoft Office Home & Student 2019' '1 Year Onsite Warranty'],laptops
Lenovo IdeaPad Gaming 3i Core i5 10th Gen - (8 GB/1 TB HDD/256 GB SSD/Windows 10 Home/4 GB Graphics/NV...,Lenovo,75090,109990,31% off,4.4,909 Ratings & 128 Reviews,['Intel Core i5 Processor (10th Gen)' '8 GB DDR4 RAM' '64 bit Windows 10 Operating System' '1 TB HDD|256 GB SSD' '39.62 cm (15.6 inch) Display' '1 Year Warranty + 1 Year Premium Care + 1 Year ADP'],laptops
ASUS VivoBook Gaming Core i7 9th Gen - (16 GB + 32 GB Optane/512 GB SSD/Windows 10 Home/4 GB Graphics/...,ASUS,79190,94990,16% off,4.3,883 Ratings & 142 Reviews,['120 Hz Refresh Rate- It can display upto 120 frames per second.' 'Intel Core i7 Processor (9th Gen)' '16 GB DDR4 RAM' '64 bit Windows 10 Operating System' '512 GB SSD' '39.62 cm (15.6 inch) Display' 'Asus GiftBox ICEsound Asus Splendid' '1 Year Limited International Hardware Warranty'],laptops
Nokia PureBook S14 Core i5 11th Gen - (8 GB/512 GB SSD/Windows 11 Home) NKi511TL85S Thin and Light Lap...,Nokia,47990,82990,42% off,4.0,96 Ratings & 19 Reviews,['Intel Core i5 Processor (11th Gen)' '8 GB DDR4 RAM' '64 bit Windows 11 Operating System' '512 GB SSD' '35.56 cm (14 inch) Display' '1 Year Onsite Warranty Commencing from the Date of Purchase'],laptops
acer Swift 5 Core i5 8th Gen - (8 GB/512 GB SSD/Windows 10 Home) SF514-52T -59JY Thin and Light Laptop,acer,69351,87999,21% off,3.8,4 Ratings & 1 Reviews,['Intel Core i5 Processor (8th Gen)' '8 GB DDR3 RAM' '64 bit Windows 10 Operating System' '512 GB SSD' '35.56 cm (14 inch) Display' 'Acer Care Center Acer Quick Access Acer Configuration Manager' '1 Year International Travelers Warranty (ITW)'],laptops
DELL Inspiron Core i5 11th Gen - (8 GB/512 GB SSD/Windows 11 Home) Inspiron 3511 Thin and Light Laptop,DELL,57990,71149,18% off,3.9,8 Ratings & 1 Reviews,['Intel Core i5 Processor (11th Gen)' '8 GB DDR4 RAM' '64 bit Windows 11 Operating System' '512 GB SSD' '39.62 cm (15.6 inch) Display' 'Microsoft Office Home & Student 2021' '1 Year Onsite Hardware Service'],laptops
HP Envy Core i7 10th Gen - (16 GB/1 TB SSD/Windows 10 Home/6 GB Graphics) 15-ep0123TX Laptop,HP,144690,173453,16% off,4.2,17 Ratings & 4 Reviews,['Intel Core i7 Processor (10th Gen)' '16 GB DDR4 RAM' '64 bit Windows 10 Operating System' '1 TB SSD' '39.62 cm (15.6 inch) Display' 'Microsoft Office Home and Student 2019' '1 Year Onsite Warranty'],laptops
HP Pavilion Intel Core i5 11th Gen - (16 GB/512 GB SSD/Windows 11 Home) 14-dy1010TU Thin and Light Lap...,HP,81000,85000,4% off,4.2,22 Ratings & 2 Reviews,['Intel Core i5 Processor (11th Gen)' '16 GB DDR4 RAM' '64 bit Windows 11 Operating System' '512 GB SSD' '35.56 cm (14 inch) Display' 'Microsoft Office Home & Student 2019' '1 Year Onsite Warranty'],laptops
DELL Inspiron Core i5 11th Gen - (16 GB/512 GB SSD/Windows 10/2 GB Graphics) Inspiron 5518 Thin and Li...,DELL,73890,82990,10% off,3.9,8 Ratings & 0 Reviews,['Intel Core i5 Processor (11th Gen)' '16 GB DDR4 RAM' '64 bit Windows 10 Operating System' '512 GB SSD' '39.62 cm (15.6 inch) Display' 'Microsoft Office Home and Student 2019' '1 Year Onsite Warranty'],laptops
Lenovo IdeaPad Gaming 3 Core i5 11th Gen - (8 GB/512 GB SSD/Windows 10 Home/4 GB Graphics/NVIDIA GeFor...,Lenovo,66499,93690,29% off,4.0,114 Ratings & 15 Reviews,['Intel Core i5 Processor (11th Gen)' '8 GB DDR4 RAM' '64 bit Windows 10 Operating System' '512 GB SSD' '39.62 cm (15.6 inch) Display' '1 Year Warranty + 1 Year Premium Care + 1 Year ADP'],laptops
Lenovo Core i3 10th Gen - (4 GB/256 GB SSD/Windows 10 Home) 81WB010XIN Laptop,Lenovo,37890,48900,22% off,5.0,1 Ratings & 1 Reviews,['Intel Core i3 Processor (10th Gen)' '4 GB DDR4 RAM' 'Windows 10 Operating System' '256 GB SSD' '39.62 cm (15.6 inch) Display' '1 Year Onsite Warranty'],laptops
ASUS TUF Gaming A17 Ryzen 7 Octa Core AMD R7-4800H - (16 GB/512 GB SSD/Windows 10 Home/4 GB Graphics/N...,ASUS,77898,106990,27% off,4.4,883 Ratings & 113 Reviews,['AMD Ryzen 7 Octa Core Processor' '16 GB DDR4 RAM' 'Windows 10 Operating System' '512 GB SSD' '43.94 cm (17.3 inch) Display' '1 Year Onsite Warranty'],laptops
HP Pavilion Intel Core i7 11th Gen - (16 GB/512 GB SSD/Windows 11 Home) 14-dy1050TU Thin and Light Lap...,HP,86100,100000,13% off,3.9,16 Ratings & 5 Reviews,['Intel Core i7 Processor (11th Gen)' '16 GB DDR4 RAM' '64 bit Windows 11 Operating System' '512 GB SSD' '35.56 cm (14 Inch) Touchscreen Display' '1 Year Onsite Warranty'],laptops
ASUS TUF Dash F15 Core i7 12th Gen - (16 GB/1 TB SSD/Windows 11 Home/8 GB Graphics/NVIDIA GeForce RTX ...,ASUS,150963,188990,20% off,4.8,5 Ratings & 1 Reviews,['Intel Core i7 Processor (12th Gen)' '16 GB DDR5 RAM' '64 bit Windows 11 Operating System' '1 TB SSD' '39.62 cm (15.6 inch) Display' '1 Year Onsite Warranty'],laptops
Lenovo IdeaPad 3 Core i3 10th Gen - (8 GB/1 TB HDD/Windows 10 Home) 15IML05 Thin and Light Laptop,Lenovo,35500,55190,35% off,4.0,1424 Ratings & 145 Reviews,['Intel Core i3 Processor (10th Gen)' '8 GB DDR4 RAM' '64 bit Windows 10 Operating System' '1 TB HDD' '39.62 cm (15.6 inch) Display' 'Microsoft Office Home and Student 2019' '1 Year Warranty Term'],laptops
ASUS TUF GAMING A15 Ryzen 7 Octa Core 4800H - (16 GB/512 GB SSD/Windows 11 Home/4 GB Graphics/NVIDIA G...,ASUS,82152,98990,17% off,4.7,3 Ratings & 0 Reviews,['AMD Ryzen 7 Octa Core Processor' '16 GB DDR4 RAM' '64 bit Windows 11 Operating System' '512 GB SSD' '39.62 cm (15.6 inch) Display' 'Windows 11 1 Year McAfee' '1 Year Onsite Warranty'],laptops
DELL Inspiron Core i3 11th Gen - (8 GB/1 TB HDD/256 GB SSD/Windows 11 Home) Inspiron 3511 Thin and Lig...,DELL,45890,58567,21% off,4.3,406 Ratings & 36 Reviews,['Intel Core i3 Processor (11th Gen)' '8 GB DDR4 RAM' '64 bit Windows 11 Operating System' '1 TB HDD|256 GB SSD' '39.62 cm (15.6 Inch) Display' '1 Year Onsite Warranty'],laptops
acer Swift 3 Core i5 11th Gen Intel EVO - (8 GB/512 GB SSD/Windows 10 Home) SF313-53-532J Thin and Lig...,acer,68500,72999,6% off,4.4,42 Ratings & 9 Reviews,['Intel Evo platform feat 11th Gen Intel Core i5 processor' 'Intel Core i5 Processor (11th Gen)' '8 GB LPDDR4X RAM' '64 bit Windows 10 Operating System' '512 GB SSD' '34.29 cm (13.5 inch) Display' 'Acer Care Center Quick Access Acer Product Registration Microsoft Office Home and Student 2019' '1 Year International Travelers Warranty (ITW)'],laptops
HP Pavilion Ryzen 7 Octa Core AMD R7-5800H - (16 GB/512 GB SSD/Windows 10 Home/4 GB Graphics/NVIDIA Ge...,HP,90000,103215,12% off,4.6,289 Ratings & 40 Reviews,['AMD Ryzen 7 Octa Core Processor' '16 GB DDR4 RAM' '64 bit Windows 10 Operating System' '512 GB SSD' '39.62 cm (15.6 inches) Display' 'HP Documentation HP e-service HP BIOS recovery HP SSRM HP Smart HP Jumpstarts' '1 Year Onsite Warranty'],laptops
ASUS VivoBook Ultra 14 Core i3 11th Gen - (8 GB/512 GB SSD/Windows 10 Home) X413EA-EB322TS Thin and Li...,ASUS,44490,56990,21% off,4.4,2807 Ratings & 401 Reviews,['Intel Core i3 Processor (11th Gen)' '8 GB DDR4 RAM' '64 bit Windows 10 Operating System' '512 GB SSD' '35.56 cm (14 inch) Display' 'Microsoft Office Home and Student 2019 Tru2Life Splendid My Asus' '1 Year Onsite Warranty'],laptops
DELL Inspiron Core i5 11th Gen - (8 GB/1 TB HDD/256 GB SSD/Windows 11 Home) INSPIRON 3511 Thin and Lig...,DELL,65990,82600,20% off,4.3,75 Ratings & 10 Reviews,['Intel Core i5 Processor (11th Gen)' '8 GB DDR4 RAM' '64 bit Windows 11 Operating System' '1 TB HDD|256 GB SSD' '39.62 cm (15.6 inch) Display' '1 Year Onsite Warranty'],laptops
SAMSUNG Galaxy F13 (Waterfall Blue 64 GB),SAMSUNG,11999,14999,20% off,4.4,101958 Ratings & 5654 Reviews,['4 GB RAM | 64 GB ROM | Expandable Upto 1 TB' '16.76 cm (6.6 inch) Full HD+ Display' '50MP + 5MP + 2MP | 8MP Front Camera' '6000 mAh Lithium Ion Battery' 'Exynos 850 Processor' '1 Year Warranty Provided By the Manufacturer from Date of Purchase'],mobiles
REDMI 9i Sport (Coral Green 64 GB),REDMI,7099,9999,29% off,4.3,195377 Ratings & 11204 Reviews,['4 GB RAM | 64 GB ROM | Expandable Upto 512 GB' '16.59 cm (6.53 inch) HD+ Display' '13MP Rear Camera | 5MP Front Camera' '5000 mAh Li-Polymer Battery' 'MediaTek Helio G25 Processor' 'Brand Warranty of 1 Year Available for Mobile and 6 Months for Accessories'],mobiles
POCO C31 (Shadow Gray 64 GB),POCO,7499,11999,37% off,4.3,173542 Ratings & 10798 Reviews,['4 GB RAM | 64 GB ROM | Expandable Upto 512 GB' '16.59 cm (6.53 inch) HD+ Display' '13MP + 2MP + 2MP | 5MP Front Camera' '5000 mAh Lithium-ion Polymer Battery' 'MediaTek Helio G35 Processor' '1 Year Warranty for Handset 6 Months for Accessories'],mobiles
I Kall Z7 Ultra Series (Blue 32 GB),I Kall,5999,6299,4% off,3.2,334 Ratings & 35 Reviews,['4 GB RAM | 32 GB ROM' '15.9 cm (6.26 inch) Display' '13MP Rear Camera | 8MP Front Camera' '4000 mAh Battery' '1 year manufacturing warranty for mobile and 6 months for box accessories'],mobiles
POCO C31 (Royal Blue 64 GB),POCO,7499,11999,37% off,4.3,173542 Ratings & 10798 Reviews,['4 GB RAM | 64 GB ROM | Expandable Upto 512 GB' '16.59 cm (6.53 inch) HD+ Display' '13MP + 2MP + 2MP | 5MP Front Camera' '5000 mAh Lithium-ion Polymer Battery' 'MediaTek G35 Processor' '1 Year Warranty for Handset 6 Months for Accessories'],mobiles
REDMI 9i Sport (Metallic Blue 64 GB),REDMI,7099,9999,29% off,4.3,195377 Ratings & 11204 Reviews,['4 GB RAM | 64 GB ROM | Expandable Upto 512 GB' '16.59 cm (6.53 inch) HD+ Display' '13MP Rear Camera | 5MP Front Camera' '5000 mAh Li-Polymer Battery' 'MediaTek Helio G25 Processor' 'Brand Warranty of 1 Year Available for Mobile and 6 Months for Accessories'],mobiles
REDMI 10 (Caribbean Green 64 GB),REDMI,9499,14999,36% off,4.3,155190 Ratings & 10183 Reviews,['4 GB RAM | 64 GB ROM | Expandable Upto 1 TB' '17.02 cm (6.7 inch) HD+ Display' '50MP + 2MP | 5MP Front Camera' '6000 mAh Lithium Polymer Battery' 'Qualcomm Snapdragon 680 Processor' '1 Year Warranty for Phone and 6 Months Warranty for In-Box Accessories'],mobiles
POCO M4 Pro (Power Black 128 GB),POCO,11999,19999,40% off,4.3,121221 Ratings & 11100 Reviews,['6 GB RAM | 128 GB ROM | Expandable Upto 1 TB' '16.33 cm (6.43 inch) Full HD+ AMOLED Display' '64MP + 8MP + 2MP | 16MP Front Camera' '5000 mAh Lithium-ion Polymer Battery' 'Mediatek Helio G96 Processor' 'One Year for Handset 6 Months for Accessories'],mobiles
POCO M4 Pro (Power Black 64 GB),POCO,10999,17999,38% off,4.3,121221 Ratings & 11100 Reviews,['6 GB RAM | 64 GB ROM | Expandable Upto 1 TB' '16.33 cm (6.43 inch) Full HD+ AMOLED Display' '64MP + 8MP + 2MP | 16MP Front Camera' '5000 mAh Lithium-ion Polymer Battery' 'Mediatek Helio G96 Processor' 'One Year for Handset 6 Months for Accessories'],mobiles
POCO M4 Pro (Cool Blue 64 GB),POCO,10999,17999,38% off,4.3,121221 Ratings & 11100 Reviews,['6 GB RAM | 64 GB ROM | Expandable Upto 1 TB' '16.33 cm (6.43 inch) Full HD+ AMOLED Display' '64MP + 8MP + 2MP | 16MP Front Camera' '5000 mAh Lithium-ion Polymer Battery' 'Mediatek Helio G96 Processor' 'One Year for Handset 6 Months for Accessories'],mobiles
MOTOROLA G60 (Moonless 128 GB),MOTOROLA,14999,21999,31% off,4.2,130355 Ratings & 13236 Reviews,['6 GB RAM | 128 GB ROM' '17.22 cm (6.78 inch) Full HD+ Display' '108MP + 8MP + 2MP | 32MP Front Camera' '6000 mAh Battery' 'Qualcomm Snapdragon 732G Processor' '120Hz Refresh Rate' 'Stock Android Experience' '1 Year on Handset and 6 Months on Accessories'],mobiles
realme C30 (Bamboo Green 32 GB),realme,5749,8499,32% off,4.3,59630 Ratings & 3026 Reviews,['2 GB RAM | 32 GB ROM | Expandable Upto 1 TB' '16.51 cm (6.5 inch) HD+ Display' '8MP Rear Camera | 5MP Front Camera' '5000 mAh Lithium Ion Battery' 'Unisoc T612 Processor' '1 Year Manufacturer Warranty for Phone and 6 Months Warranty for In-Box Accessories'],mobiles
REDMI 10 (Midnight Black 64 GB),REDMI,9499,14999,36% off,4.3,155190 Ratings & 10183 Reviews,['4 GB RAM | 64 GB ROM | Expandable Upto 1 TB' '17.02 cm (6.7 inch) HD+ Display' '50MP + 2MP | 5MP Front Camera' '6000 mAh Lithium Polymer Battery' 'Qualcomm Snapdragon 680 Processor' '1 Year Warranty for Phone and 6 Months Warranty for In-Box Accessories'],mobiles
POCO M4 Pro (Yellow 128 GB),POCO,11999,19999,40% off,4.3,121221 Ratings & 11100 Reviews,['6 GB RAM | 128 GB ROM | Expandable Upto 1 TB' '16.33 cm (6.43 inch) Full HD+ AMOLED Display' '64MP + 8MP + 2MP | 16MP Front Camera' '5000 mAh Lithium-ion Polymer Battery' 'Mediatek Helio G96 Processor' 'One Year for Handset 6 Months for Accessories'],mobiles
MOTOROLA e40 (Carbon Gray 64 GB),MOTOROLA,7999,10999,27% off,4.1,49922 Ratings & 4968 Reviews,['4 GB RAM | 64 GB ROM | Expandable Upto 1 TB' '16.51 cm (6.5 inch) HD+ Display' '48MP + 2MP + 2MP | 8MP Front Camera' '5000 mAh Battery' 'UNISOC T700 Processor' '1 Year on Handset and 6 Months on Accessories'],mobiles
REDMI 9i Sport (Carbon Black 64 GB),REDMI,7099,9999,29% off,4.3,195377 Ratings & 11204 Reviews,['4 GB RAM | 64 GB ROM | Expandable Upto 512 GB' '16.59 cm (6.53 inch) HD+ Display' '13MP Rear Camera | 5MP Front Camera' '5000 mAh Li-Polymer Battery' 'MediaTek Helio G25 Processor' 'Brand Warranty of 1 Year Available for Mobile and 6 Months for Accessories'],mobiles
SAMSUNG Galaxy F13 (Sunrise Copper 64 GB),SAMSUNG,11999,14999,20% off,4.4,101958 Ratings & 5654 Reviews,['4 GB RAM | 64 GB ROM | Expandable Upto 1 TB' '16.76 cm (6.6 inch) Full HD+ Display' '50MP + 5MP + 2MP | 8MP Front Camera' '6000 mAh Lithium Ion Battery' 'Exynos 850 Processor' '1 Year Warranty Provided By the Manufacturer from Date of Purchase'],mobiles
realme C30 (Lake Blue 32 GB),realme,5749,8499,32% off,4.3,59630 Ratings & 3026 Reviews,['2 GB RAM | 32 GB ROM | Expandable Upto 1 TB' '16.51 cm (6.5 inch) HD+ Display' '8MP Rear Camera | 5MP Front Camera' '5000 mAh Lithium Ion Battery' 'Unisoc T612 Processor' '1 Year Manufacturer Warranty for Phone and 6 Months Warranty for In-Box Accessories'],mobiles
MOTOROLA g52 (Charcoal Grey 128 GB),MOTOROLA,12999,19999,35% off,4.2,18113 Ratings & 2334 Reviews,['6 GB RAM | 128 GB ROM' '16.76 cm (6.6 inch) Full HD+ Display' '50MP + 8MP + 2MP | 16MP Front Camera' '5000 mAh Lithium Battery' 'Qualcomm Snapdragon 680 Processor' '1 Year on Handset and 6 Months on Accessories'],mobiles
realme C30 (Denim Black 32 GB),realme,5749,8499,32% off,4.3,59630 Ratings & 3026 Reviews,['2 GB RAM | 32 GB ROM | Expandable Upto 1 TB' '16.51 cm (6.5 inch) HD+ Display' '8MP Rear Camera | 5MP Front Camera' '5000 mAh Lithium Ion Battery' 'Unisoc T612 Processor' '1 Year Manufacturer Warranty for Phone and 6 Months Warranty for In-Box Accessories'],mobiles
POCO C31 (Royal Blue 32 GB),POCO,6499,10999,40% off,4.3,117508 Ratings & 7240 Reviews,['3 GB RAM | 32 GB ROM | Expandable Upto 512 GB' '16.59 cm (6.53 inch) HD+ Display' '13MP + 2MP + 2MP | 5MP Front Camera' '5000 mAh Lithium-ion Polymer Battery' 'MediaTek Helio G35 Processor' '1 Year Warranty for Handset 6 Months for Accessories'],mobiles
POCO C31 (Shadow Gray 32 GB),POCO,6499,10999,40% off,4.3,117508 Ratings & 7240 Reviews,['3 GB RAM | 32 GB ROM | Expandable Upto 512 GB' '16.59 cm (6.53 inch) HD+ Display' '13MP + 2MP + 2MP | 5MP Front Camera' '5000 mAh Lithium-ion Polymer Battery' 'MediaTek Helio G35 Processor' '1 Year Warranty for Handset 6 Months for Accessories'],mobiles
realme C30 (Denim Black 32 GB),realme,6749,9299,27% off,4.1,30246 Ratings & 1977 Reviews,['3 GB RAM | 32 GB ROM | Expandable Upto 1 TB' '16.51 cm (6.5 inch) HD+ Display' '8MP Rear Camera | 5MP Front Camera' '5000 mAh Lithium Ion Battery' 'Unisoc T612 Processor' '1 Year Manufacturer Warranty for Phone and 6 Months Warranty for In-Box Accessories'],mobiles
MOTOROLA e40 (Pink Clay 64 GB),MOTOROLA,7999,10999,27% off,4.1,49922 Ratings & 4968 Reviews,['4 GB RAM | 64 GB ROM | Expandable Upto 1 TB' '16.51 cm (6.5 inch) HD+ Display' '48MP + 2MP + 2MP | 8MP Front Camera' '5000 mAh Battery' 'UNISOC T700 Processor' '1 Year on Handset and 6 Months on Accessories'],mobiles
SAMSUNG Galaxy F23 5G (Forest Green 128 GB),SAMSUNG,16999,23999,29% off,4.3,131283 Ratings & 10694 Reviews,['6 GB RAM | 128 GB ROM | Expandable Upto 1 TB' '16.76 cm (6.6 inch) Full HD+ Display' '50MP + 8MP + 2MP | 8MP Front Camera' '5000 mAh Lithium Ion Battery' 'Qualcomm Snapdragon 750G Processor' '1 Year Warranty Provided by the Manufacturer from Date of Purchase'],mobiles
MOTOROLA G32 (Mineral Gray 64 GB),MOTOROLA,9999,16999,41% off,4.2,11742 Ratings & 1142 Reviews,['4 GB RAM | 64 GB ROM' '16.64 cm (6.55 inch) Full HD+ Display' '50MP + 8MP + 2MP | 16MP Front Camera' '5000 mAh Lithium Polymer Battery' 'Qualcomm Snapdragon 680 Processor' '1 Year on Handset and 6 Months on Accessories'],mobiles
APPLE iPhone 12 Mini 5G (Black 64 GB),APPLE,37999,59900,36% off,4.5,120853 Ratings & 9681 Reviews,['64 GB ROM' '13.72 cm (5.4 inch) Super Retina XDR Display' '12MP + 12MP | 12MP Front Camera' 'A14 Bionic Chip with Next Generation Neural Engine Processor' 'Ceramic Shield' 'Industry-leading IP68 Water Resistance' 'All Screen OLED Display' '12MP TrueDepth Front Camera with Night Mode 4K Dolby Vision HDR Recording' 'Brand Warranty for 1 Year'],mobiles
POCO M4 Pro (Cool Blue 128 GB),POCO,11999,19999,40% off,4.3,121221 Ratings & 11100 Reviews,['6 GB RAM | 128 GB ROM | Expandable Upto 1 TB' '16.33 cm (6.43 inch) Full HD+ AMOLED Display' '64MP + 8MP + 2MP | 16MP Front Camera' '5000 mAh Lithium-ion Polymer Battery' 'Mediatek Helio G96 Processor' 'One Year for Handset 6 Months for Accessories'],mobiles
Infinix Smart 6 HD (Aqua Sky 32 GB),Infinix,5599,8999,37% off,4.4,12975 Ratings & 659 Reviews,['2 GB RAM | 32 GB ROM | Expandable Upto 512 GB' '16.76 cm (6.6 inch) HD+ Display' '8MP Rear Camera | 5MP Front Camera' '5000 mAh Lithium-ion Polymer Battery' 'Mediatek Helio A22 Processor' '1 Year on Handset and 6 Months on Accessories'],mobiles
POCO M4 Pro (Yellow 64 GB),POCO,10999,17999,38% off,4.3,121221 Ratings & 11100 Reviews,['6 GB RAM | 64 GB ROM | Expandable Upto 1 TB' '16.33 cm (6.43 inch) Full HD+ AMOLED Display' '64MP + 8MP + 2MP | 16MP Front Camera' '5000 mAh Lithium-ion Polymer Battery' 'Mediatek Helio G96 Processor' 'One Year for Handset 6 Months for Accessories'],mobiles
SAMSUNG Galaxy F13 (Nightsky Green 64 GB),SAMSUNG,11999,14999,20% off,4.4,101958 Ratings & 5654 Reviews,['4 GB RAM | 64 GB ROM | Expandable Upto 1 TB' '16.76 cm (6.6 inch) Full HD+ Display' '50MP + 5MP + 2MP | 8MP Front Camera' '6000 mAh Lithium Ion Battery' 'Exynos 850 Processor' '1 Year Warranty Provided By the Manufacturer from Date of Purchase'],mobiles
APPLE iPhone 11 (Red 128 GB),APPLE,43999,48900,10% off,4.6,173956 Ratings & 10293 Reviews,['128 GB ROM' '15.49 cm (6.1 inch) Liquid Retina HD Display' '12MP + 12MP | 12MP Front Camera' 'A13 Bionic Chip Processor' 'Brand Warranty of 1 Year'],mobiles
SAMSUNG Galaxy F22 (Denim Blue 64 GB),SAMSUNG,11499,14999,23% off,4.3,100053 Ratings & 9621 Reviews,['4 GB RAM | 64 GB ROM | Expandable Upto 1 TB' '16.26 cm (6.4 inch) HD+ Display' '48MP + 8MP + 2MP + 2MP | 13MP Front Camera' '6000 mAh Lithium-ion Battery' 'MediaTek Helio G80 Processor' '1 Year Warranty Provided by the Manufacturer from Date of Purchase'],mobiles
SAMSUNG Galaxy F23 5G (Aqua Blue 128 GB),SAMSUNG,16999,23999,29% off,4.3,131283 Ratings & 10694 Reviews,['6 GB RAM | 128 GB ROM | Expandable Upto 1 TB' '16.76 cm (6.6 inch) Full HD+ Display' '50MP + 8MP + 2MP | 8MP Front Camera' '5000 mAh Lithium Ion Battery' 'Qualcomm Snapdragon 750G Processor' '1 Year Warranty Provided by the Manufacturer from Date of Purchase'],mobiles
realme 9i (Prism Black 128 GB),realme,11499,16999,32% off,4.5,109110 Ratings & 6387 Reviews,['4 GB RAM | 128 GB ROM | Expandable Upto 1 TB' '16.76 cm (6.6 inch) Full HD+ Display' '50MP + 2MP + 2MP | 16MP Front Camera' '5000 mAh Lithium ion Battery' 'Qualcomm Snapdragon 680 (SM6225) Processor' '1 Year Manufacturer Warranty for Phone and 6 Months Warranty for in the Box Accessories'],mobiles
realme 9i (Prism Blue 128 GB),realme,11499,16999,32% off,4.5,109110 Ratings & 6387 Reviews,['4 GB RAM | 128 GB ROM | Expandable Upto 1 TB' '16.76 cm (6.6 inch) Full HD+ Display' '50MP + 2MP + 2MP | 16MP Front Camera' '5000 mAh Lithium ion Battery' 'Qualcomm Snapdragon 680 (SM6225) Processor' '1 Year Manufacturer Warranty for Phone and 6 Months Warranty for in the Box Accessories'],mobiles
MOTOROLA g52 (Metallic White 128 GB),MOTOROLA,12999,19999,35% off,4.2,18113 Ratings & 2334 Reviews,['6 GB RAM | 128 GB ROM' '16.76 cm (6.6 inch) Full HD+ Display' '50MP + 8MP + 2MP | 16MP Front Camera' '5000 mAh Lithium Battery' 'Qualcomm Snapdragon 680 Processor' '1 Year on Handset and 6 Months on Accessories'],mobiles
POCO M4 5G (Power Black 128 GB),POCO,12999,18999,31% off,4.1,20870 Ratings & 1717 Reviews,['6 GB RAM | 128 GB ROM | Expandable Upto 512 GB' '16.71 cm (6.58 inch) Full HD+ Display' '50MP + 2MP | 8MP Front Camera' '5000 mAh Lithium Ion Polymer Battery' 'Mediatek Dimensity 700 Processor' '1 Year Warranty for Handset and 6 Months for Accessories'],mobiles
realme C31 (Dark Green 32 GB),realme,8799,10999,20% off,4.5,44681 Ratings & 1760 Reviews,['3 GB RAM | 32 GB ROM | Expandable Upto 1 TB' '16.56 cm (6.52 inch) HD Display' '13MP + 2MP + 0.3MP | 5MP Front Camera' '5000 mAh Battery' 'Unisoc T612 Processor' '1 Year Warranty for Phone and 6 Months Warranty for In-Box Accessories'],mobiles
realme C31 (Light Silver 32 GB),realme,8799,10999,20% off,4.5,44681 Ratings & 1760 Reviews,['3 GB RAM | 32 GB ROM | Expandable Upto 1 TB' '16.56 cm (6.52 inch) HD Display' '13MP + 2MP + 0.3MP | 5MP Front Camera' '5000 mAh Battery' 'Unisoc T612 Processor' '1 Year Warranty for Phone and 6 Months Warranty for In-Box Accessories'],mobiles
realme 9 (Sunburst Gold 128 GB),realme,14999,20999,28% off,4.4,50545 Ratings & 3566 Reviews,['6 GB RAM | 128 GB ROM | Expandable Upto 256 GB' '16.26 cm (6.4 inch) Full HD+ AMOLED Display' '108MP + 8MP + 2MP | 16MP Front Camera' '5000 mAh Lithium Ion Battery' 'Qualcomm Snapdragon 680 Processor' '1 Year Manufacturer Warranty for Phone and 6 Months Warranty for In-Box Accessories'],mobiles
realme 10 Pro 5G (Nebula Blue 128 GB),realme,18999,20999,9% off,4.8,5 Ratings & 1 Reviews,['6 GB RAM | 128 GB ROM | Expandable Upto 1 TB' '17.07 cm (6.72 inch) Full HD+ Display' '108MP + 2MP | 16MP Front Camera' '5000 mAh Battery' 'Qualcomm Snapdragon 695 5G Processor' '1 Year Manufacturer Warranty for Phone and 6 Months Warranty for In-Box Accessories'],mobiles
realme 10 Pro 5G (Dark Matter 128 GB),realme,18999,20999,9% off,4.8,5 Ratings & 1 Reviews,['6 GB RAM | 128 GB ROM | Expandable Upto 1 TB' '17.07 cm (6.72 inch) Full HD+ Display' '108MP + 2MP | 16MP Front Camera' '5000 mAh Battery' 'Qualcomm Snapdragon 695 5G Processor' '1 Year Manufacturer Warranty for Phone and 6 Months Warranty for In-Box Accessories'],mobiles
realme 9i (Prism Blue 128 GB),realme,13499,17999,25% off,4.5,24789 Ratings & 1479 Reviews,['6 GB RAM | 128 GB ROM | Expandable Upto 1 TB' '16.76 cm (6.6 inch) Full HD+ Display' '50MP + 2MP + 2MP | 16MP Front Camera' '5000 mAh Lithium ion Battery' 'Qualcomm Snapdragon 680 (SM6225) Processor' '1 Year Manufacturer Warranty for Phone and 6 Months Warranty for in the Box Accessories'],mobiles
realme 10 Pro 5G (Nebula Blue 128 GB),realme,19999,22999,13% off,4.6,153 Ratings & 24 Reviews,['8 GB RAM | 128 GB ROM | Expandable Upto 1 TB' '17.07 cm (6.72 inch) Full HD+ Display' '108MP + 2MP | 16MP Front Camera' '5000 mAh Battery' 'Qualcomm Snapdragon 695 5G Processor' '1 Year Manufacturer Warranty for Phone and 6 Months Warranty for In-Box Accessories'],mobiles
realme 10 Pro 5G (Hyperspace 128 GB),realme,19999,22999,13% off,4.6,153 Ratings & 24 Reviews,['8 GB RAM | 128 GB ROM | Expandable Upto 1 TB' '17.07 cm (6.72 inch) Full HD+ Display' '108MP + 2MP | 16MP Front Camera' '5000 mAh Battery' 'Qualcomm Snapdragon 695 5G Processor' '1 Year Manufacturer Warranty for Phone and 6 Months Warranty for In-Box Accessories'],mobiles
realme 10 Pro 5G (Hyperspace 128 GB),realme,18999,20999,9% off,4.8,5 Ratings & 1 Reviews,['6 GB RAM | 128 GB ROM | Expandable Upto 1 TB' '17.07 cm (6.72 inch) Full HD+ Display' '108MP + 2MP | 16MP Front Camera' '5000 mAh Battery' 'Qualcomm Snapdragon 695 5G Processor' '1 Year Manufacturer Warranty for Phone and 6 Months Warranty for In-Box Accessories'],mobiles
vivo T1X (Space Blue 64 GB),vivo,11999,16990,29% off,4.5,62724 Ratings & 3519 Reviews,['4 GB RAM | 64 GB ROM' '16.71 cm (6.58 inch) Full HD+ Display' '50MP + 2MP | 8MP Front Camera' '5000 mAh Battery' 'Qualcomm Snapdragon 680 Processor' '1 Year on Handset and 6 Months on Accessories'],mobiles
vivo T1X (Gravity Black 64 GB),vivo,11999,16990,29% off,4.5,62724 Ratings & 3519 Reviews,['4 GB RAM | 64 GB ROM' '16.71 cm (6.58 inch) Full HD+ Display' '50MP + 2MP | 8MP Front Camera' '5000 mAh Battery' 'Qualcomm Snapdragon 680 Processor' '1 Year on Handset and 6 Months on Accessories'],mobiles
realme C31 (Light Silver 64 GB),realme,9499,11999,20% off,4.4,54090 Ratings & 2572 Reviews,['4 GB RAM | 64 GB ROM | Expandable Upto 1 TB' '16.56 cm (6.52 inch) HD Display' '13MP + 2MP + 0.3MP | 5MP Front Camera' '5000 mAh Battery' 'Unisoc T612 Processor' '1 Year Warranty for Phone and 6 Months Warranty for In-Box Accessories'],mobiles
realme C31 (Dark Green 64 GB),realme,9499,11999,20% off,4.4,54090 Ratings & 2572 Reviews,['4 GB RAM | 64 GB ROM | Expandable Upto 1 TB' '16.56 cm (6.52 inch) HD Display' '13MP + 2MP + 0.3MP | 5MP Front Camera' '5000 mAh Battery' 'Unisoc T612 Processor' '1 Year Warranty for Phone and 6 Months Warranty for In-Box Accessories'],mobiles
APPLE iPhone 13 5G (Green 128 GB),APPLE,62999,69900,9% off,4.7,171261 Ratings & 9345 Reviews,['128 GB ROM' '15.49 cm (6.1 inch) Super Retina XDR Display' '12MP + 12MP | 12MP Front Camera' 'A15 Bionic Chip Processor' 'Brand Warranty for 1 Year'],mobiles
vivo T1 44W (Ice Dawn 128 GB),vivo,14499,19990,27% off,4.5,70407 Ratings & 5104 Reviews,['4 GB RAM | 128 GB ROM | Expandable Upto 1 TB' '16.36 cm (6.44 inch) Full HD+ AMOLED Display' '50MP + 2MP + 2MP | 16MP Front Camera' '5000 mAh Lithium Battery' 'Qualcomm Snapdragon 680 Processor' '1 Year Handset and 6 Months Accessories'],mobiles
vivo T1 44W (Starry Sky 128 GB),vivo,14499,19990,27% off,4.5,70407 Ratings & 5104 Reviews,['4 GB RAM | 128 GB ROM | Expandable Upto 1 TB' '16.36 cm (6.44 inch) Full HD+ AMOLED Display' '50MP + 2MP + 2MP | 16MP Front Camera' '5000 mAh Lithium Battery' 'Qualcomm Snapdragon 680 Processor' '1 Year Handset and 6 Months Accessories'],mobiles
vivo T1 44W (Midnight Galaxy 128 GB),vivo,14499,19990,27% off,4.5,70407 Ratings & 5104 Reviews,['4 GB RAM | 128 GB ROM | Expandable Upto 1 TB' '16.36 cm (6.44 inch) Full HD+ AMOLED Display' '50MP + 2MP + 2MP | 16MP Front Camera' '5000 mAh Lithium Battery' 'Qualcomm Snapdragon 680 Processor' '1 Year Handset and 6 Months Accessories'],mobiles
vivo T1X (Space Blue 128 GB),vivo,12999,17990,27% off,4.5,62724 Ratings & 3519 Reviews,['4 GB RAM | 128 GB ROM' '16.71 cm (6.58 inch) Full HD+ Display' '50MP + 2MP | 8MP Front Camera' '5000 mAh Battery' 'Qualcomm Snapdragon 680 Processor' '1 Year on Handset and 6 Months on Accessories'],mobiles
vivo T1X (Gravity Black 128 GB),vivo,12999,17990,27% off,4.5,62724 Ratings & 3519 Reviews,['4 GB RAM | 128 GB ROM' '16.71 cm (6.58 inch) Full HD+ Display' '50MP + 2MP | 8MP Front Camera' '5000 mAh Battery' 'Qualcomm Snapdragon 680 Processor' '1 Year on Handset and 6 Months on Accessories'],mobiles
realme 9 (Stargaze White 128 GB),realme,14999,20999,28% off,4.4,50545 Ratings & 3566 Reviews,['6 GB RAM | 128 GB ROM | Expandable Upto 256 GB' '16.26 cm (6.4 inch) Full HD+ AMOLED Display' '108MP + 8MP + 2MP | 16MP Front Camera' '5000 mAh Lithium Ion Battery' 'Qualcomm Snapdragon 680 Processor' '1 Year Manufacturer Warranty for Phone and 6 Months Warranty for In-Box Accessories'],mobiles
OPPO K10 (Blue Flame 128 GB),OPPO,14990,18999,21% off,4.4,88680 Ratings & 6417 Reviews,['6 GB RAM | 128 GB ROM | Expandable Upto 1 TB' '16.74 cm (6.59 inch) Full HD+ Display' '50MP + 2MP + 2MP | 16MP Front Camera' '5000 mAh Lithium Ion Battery' 'Qualcomm Snapdragon 680 Processor' '33W SUPERVOOC Charger | Dual Speaker | Super Adaptive Refresh Rate' 'AI Photo Suite | OPPO Glow Design with Dirt and Scratch Resistant' '1 Year Manufacturer Warranty for Phone and 6 Months Warranty for In-Box Accessories'],mobiles
vivo T1 44W (Midnight Galaxy 128 GB),vivo,15999,20990,23% off,4.4,41108 Ratings & 3208 Reviews,['6 GB RAM | 128 GB ROM | Expandable Upto 1 TB' '16.36 cm (6.44 inch) Full HD+ AMOLED Display' '50MP + 2MP + 2MP | 16MP Front Camera' '5000 mAh Lithium Battery' 'Qualcomm Snapdragon 680 Processor' '1 Year Handset and 6 Months Accessories'],mobiles
vivo T1X (Space Blue 128 GB),vivo,14999,18990,21% off,4.4,3088 Ratings & 188 Reviews,['6 GB RAM | 128 GB ROM' '16.71 cm (6.58 inch) Full HD+ Display' '50MP + 2MP | 8MP Front Camera' '5000 mAh Battery' 'Qualcomm Snapdragon 680 Processor' '1 Year on Handset and 6 Months on Accessories'],mobiles
Infinix Hot 12 (Turquoise Cyan 64 GB),Infinix,8599,12999,33% off,4.2,13046 Ratings & 963 Reviews,['4 GB RAM | 64 GB ROM' '17.32 cm (6.82 inch) HD+ Display' '50 MP + 2 MP Depth Lens + AI Lens | 8MP Front Camera' '6000 mAh Lithium-ion Polymer Battery' 'Meditek Helio G37 Processor' '1 Year on Handset and 6 Months on Accessories'],mobiles
Infinix Hot 12 (7° Purple 64 GB),Infinix,8599,12999,33% off,4.2,13046 Ratings & 963 Reviews,['4 GB RAM | 64 GB ROM' '17.32 cm (6.82 inch) HD+ Display' '50 MP + 2 MP Depth Lens + AI Lens | 8MP Front Camera' '6000 mAh Lithium-ion Polymer Battery' 'Meditek Helio G37 Processor' '1 Year on Handset and 6 Months on Accessories'],mobiles
Infinix Hot 12 (Exploratory Blue 64 GB),Infinix,8599,12999,33% off,4.2,13046 Ratings & 963 Reviews,['4 GB RAM | 64 GB ROM' '17.32 cm (6.82 inch) HD+ Display' '50 MP + 2 MP Depth Lens + AI Lens | 8MP Front Camera' '6000 mAh Lithium-ion Polymer Battery' 'Meditek Helio G37 Processor' '1 Year on Handset and 6 Months on Accessories'],mobiles
POCO M4 Pro 5G (Cool Blue 64 GB),POCO,12999,16999,23% off,4.3,30732 Ratings & 2739 Reviews,['4 GB RAM | 64 GB ROM | Expandable Upto 1 TB' '16.76 cm (6.6 inch) Full HD+ Display' '50MP + 8MP | 16MP Front Camera' '5000 mAh Lithium-ion Polymer Battery' 'Mediatek Dimensity 810 Processor' 'One Year for Handset 6 Months for Accessories'],mobiles
realme C33 (Sandy Gold 32 GB),realme,8999,11999,25% off,4.4,15470 Ratings & 625 Reviews,['3 GB RAM | 32 GB ROM | Expandable Upto 1 TB' '16.51 cm (6.5 inch) HD+ Display' '50MP + 0.3MP | 5MP Front Camera' '5000 mAh Lithium Ion Battery' 'Unisoc T612 Processor' '1 Year Manufacturer Warranty for Phone and 6 Months Warranty for In-Box Accessories'],mobiles
realme C33 (Night Sea 32 GB),realme,8999,11999,25% off,4.4,15470 Ratings & 625 Reviews,['3 GB RAM | 32 GB ROM | Expandable Upto 1 TB' '16.51 cm (6.5 inch) HD+ Display' '50MP + 0.3MP | 5MP Front Camera' '5000 mAh Lithium Ion Battery' 'Unisoc T612 Processor' '1 Year Manufacturer Warranty for Phone and 6 Months Warranty for In-Box Accessories'],mobiles
I Kall K25,I Kall,1242,1274,2% off,3.3,1010 Ratings & 170 Reviews,['32 MB RAM | 32 MB ROM' '6.1 cm (2.4 inch) Display' '0.3MP Rear Camera' '2500 mAh Battery' 'Brand Warranty of 1 Year Available for Mobile and 6 Months for Accessories'],mobiles
realme C33 (Aqua Blue 32 GB),realme,8999,11999,25% off,4.4,15470 Ratings & 625 Reviews,['3 GB RAM | 32 GB ROM | Expandable Upto 1 TB' '16.51 cm (6.5 inch) HD+ Display' '50MP + 0.3MP | 5MP Front Camera' '5000 mAh Lithium Ion Battery' 'Unisoc T612 Processor' '1 Year Manufacturer Warranty for Phone and 6 Months Warranty for In-Box Accessories'],mobiles
SAMSUNG Galaxy F23 5G (Copper Blush 128 GB),SAMSUNG,16999,23999,29% off,4.3,131283 Ratings & 10694 Reviews,['6 GB RAM | 128 GB ROM | Expandable Upto 1 TB' '16.76 cm (6.6 inch) Full HD+ Display' '50MP + 8MP + 2MP | 8MP Front Camera' '5000 mAh Lithium Ion Battery' 'Qualcomm Snapdragon 750G Processor' '1 Year Warranty Provided by the Manufacturer from Date of Purchase'],mobiles
realme 9i (Prism Black 128 GB),realme,13499,17999,25% off,4.5,24789 Ratings & 1479 Reviews,['6 GB RAM | 128 GB ROM | Expandable Upto 1 TB' '16.76 cm (6.6 inch) Full HD+ Display' '50MP + 2MP + 2MP | 16MP Front Camera' '5000 mAh Lithium ion Battery' 'Qualcomm Snapdragon 680 (SM6225) Processor' '1 Year Manufacturer Warranty for Phone and 6 Months Warranty for in the Box Accessories'],mobiles
APPLE iPhone 12 Mini 5G (White 64 GB),APPLE,37999,59900,36% off,4.5,120853 Ratings & 9681 Reviews,['64 GB ROM' '13.72 cm (5.4 inch) Super Retina XDR Display' '12MP + 12MP | 12MP Front Camera' 'A14 Bionic Chip with Next Generation Neural Engine Processor' 'Ceramic Shield' 'Industry-leading IP68 Water Resistance' 'All Screen OLED Display' '12MP TrueDepth Front Camera with Night Mode 4K Dolby Vision HDR Recording' 'Brand Warranty for 1 Year'],mobiles
SAMSUNG Galaxy F22 (Denim Blue 128 GB),SAMSUNG,13499,16999,20% off,4.3,63626 Ratings & 5869 Reviews,['6 GB RAM | 128 GB ROM | Expandable Upto 1 TB' '16.26 cm (6.4 inch) HD+ Display' '48MP + 8MP + 2MP + 2MP | 13MP Front Camera' '6000 mAh Lithium-ion Battery' 'MediaTek Helio G80 Processor' '1 Year Warranty Provided by the Manufacturer from Date of Purchase'],mobiles
APPLE iPhone 11 (White 128 GB),APPLE,45999,48900,5% off,4.6,173956 Ratings & 10293 Reviews,['128 GB ROM' '15.49 cm (6.1 inch) Liquid Retina HD Display' '12MP + 12MP | 12MP Front Camera' 'A13 Bionic Chip Processor' 'Brand Warranty of 1 Year'],mobiles
vivo T1 44W (Starry Sky 128 GB),vivo,15999,20990,23% off,4.4,41108 Ratings & 3208 Reviews,['6 GB RAM | 128 GB ROM | Expandable Upto 1 TB' '16.36 cm (6.44 inch) Full HD+ AMOLED Display' '50MP + 2MP + 2MP | 16MP Front Camera' '5000 mAh Lithium Battery' 'Qualcomm Snapdragon 680 Processor' '1 Year Handset and 6 Months Accessories'],mobiles
OPPO F19 Pro+ 5G (Fluid Black 128 GB),OPPO,19990,29990,33% off,4.3,21118 Ratings & 2179 Reviews,['8 GB RAM | 128 GB ROM | Expandable Upto 256 GB' '16.33 cm (6.43 inch) Full HD+ Display' '48MP + 8MP + 2MP + 2MP | 16MP Front Camera' '4310 mAh Lithium-ion Polymer Battery' 'MediaTek Dimensity 800U Processor' 'Brand Warranty of 1 Year Available for Mobile Including Battery and 6 Months for Accessories'],mobiles
realme C35 (Glowing Black 64 GB),realme,11999,13999,14% off,4.4,156054 Ratings & 9226 Reviews,['4 GB RAM | 64 GB ROM | Expandable Upto 1 TB' '16.76 cm (6.6 inch) Full HD+ Display' '50MP + 2MP + 0.3MP | 8MP Front Camera' '5000 mAh Lithium Polymer Battery' 'Unisoc Tiger T616 Processor' '1 Year Warranty for Phone and 6 Months Warranty for In-Box Accessories'],mobiles
OPPO F19 Pro+ 5G (Space Silver 128 GB),OPPO,19990,29990,33% off,4.3,21118 Ratings & 2179 Reviews,['8 GB RAM | 128 GB ROM | Expandable Upto 256 GB' '16.33 cm (6.43 inch) Full HD+ Display' '48MP + 8MP + 2MP + 2MP | 16MP Front Camera' '4310 mAh Lithium-ion Polymer Battery' 'MediaTek Dimensity 800U Processor' 'Brand Warranty of 1 Year Available for Mobile Including Battery and 6 Months for Accessories'],mobiles
vivo T1 5G (Rainbow Fantasy 128 GB),vivo,15990,19990,20% off,4.3,57544 Ratings & 4636 Reviews,['4 GB RAM | 128 GB ROM | Expandable Upto 1 TB' '16.71 cm (6.58 inch) Full HD+ Display' '50MP + 2MP + 2MP | 16MP Front Camera' '5000 mAh Lithium Battery' 'Turbo Processor Snapdragon 695 Processor' '1 Year Handset and 6 Months Accessories'],mobiles
vivo T1 5G (Rainbow Fantasy 128 GB),vivo,16990,20990,19% off,4.4,152161 Ratings & 12373 Reviews,['6 GB RAM | 128 GB ROM | Expandable Upto 1 TB' '16.71 cm (6.58 inch) Full HD+ Display' '50MP + 2MP + 2MP | 16MP Front Camera' '5000 mAh Lithium Battery' 'Qualcomm Snapdragon 695 Processor' '1 Year Handset and 6 Months Accessories'],mobiles
POCO M4 Pro 5G (Power Black 64 GB),POCO,12999,16999,23% off,4.3,30732 Ratings & 2739 Reviews,['4 GB RAM | 64 GB ROM | Expandable Upto 1 TB' '16.76 cm (6.6 inch) Full HD+ Display' '50MP + 8MP | 16MP Front Camera' '5000 mAh Lithium-ion Polymer Battery' 'Mediatek Dimensity 810 Processor' 'One Year for Handset 6 Months for Accessories'],mobiles
realme C30s (Stripe Blue 32 GB),realme,6499,9999,35% off,4.5,2977 Ratings & 106 Reviews,['2 GB RAM | 32 GB ROM | Expandable Upto 1 TB' '16.51 cm (6.5 inch) HD+ Display' '8MP Rear Camera | 5MP Front Camera' '5000 mAh Lithium Ion Battery' 'Unisoc SC9863A/ Unisoc SC9863A1 Processor' '1 Year Manufacturer Warranty for Phone and 6 Months Warranty for In-Box Accessories'],mobiles
Infinix Hot 12 (Polar Black 64 GB),Infinix,8599,12999,33% off,4.2,13046 Ratings & 963 Reviews,['4 GB RAM | 64 GB ROM' '17.32 cm (6.82 inch) HD+ Display' '50 MP + 2 MP Depth Lens + AI Lens | 8MP Front Camera' '6000 mAh Lithium-ion Polymer Battery' 'Meditek Helio G37 Processor' '1 Year on Handset and 6 Months on Accessories'],mobiles
realme C33 (Sandy Gold 64 GB),realme,9999,12999,23% off,4.5,48995 Ratings & 2074 Reviews,['4 GB RAM | 64 GB ROM | Expandable Upto 1 TB' '16.51 cm (6.5 inch) HD+ Display' '50MP + 0.3MP | 5MP Front Camera' '5000 mAh Lithium Ion Battery' 'Unisoc T612 Processor' '1 Year Manufacturer Warranty for Phone and 6 Months Warranty for In-Box Accessories'],mobiles
realme C33 (Night Sea 64 GB),realme,9999,12999,23% off,4.5,48995 Ratings & 2074 Reviews,['4 GB RAM | 64 GB ROM | Expandable Upto 1 TB' '16.51 cm (6.5 inch) HD+ Display' '50MP + 0.3MP | 5MP Front Camera' '5000 mAh Lithium Ion Battery' 'Unisoc T612 Processor' '1 Year Manufacturer Warranty for Phone and 6 Months Warranty for In-Box Accessories'],mobiles
realme C33 (Aqua Blue 64 GB),realme,9999,12999,23% off,4.5,48995 Ratings & 2074 Reviews,['4 GB RAM | 64 GB ROM | Expandable Upto 1 TB' '16.51 cm (6.5 inch) HD+ Display' '50MP + 0.3MP | 5MP Front Camera' '5000 mAh Lithium Ion Battery' 'Unisoc T612 Processor' '1 Year Manufacturer Warranty for Phone and 6 Months Warranty for In-Box Accessories'],mobiles
REDMI Note 11 SE (Bifrost Blue 64 GB),REDMI,11499,16999,32% off,4.3,24882 Ratings & 1515 Reviews,['6 GB RAM | 64 GB ROM | Expandable Upto 512 GB' '16.33 cm (6.43 inch) Full HD+ Display' '64MP + 8MP + 2MP + 2MP | 13MP Front Camera' '5000 mAh Lithium Polymer Battery' 'Mediatek Helio G95 Octa Core Processor' '1 Year Manufacturer Warranty for Phone and 6 Months Warranty for In the Box Accessories'],mobiles
MOTOROLA G51 5G (Indigo Blue 64 GB),MOTOROLA,12999,17999,27% off,4.1,15889 Ratings & 1981 Reviews,['4 GB RAM | 64 GB ROM | Expandable Upto 1 TB' '17.27 cm (6.8 inch) Full HD+ Display' '50MP + 8MP + 2MP | 13MP Front Camera' '5000 mAh Lithium Polymer Battery' 'Qualcomm Snapdragon 480 Pro Processor' '1 Year on Handset and 6 Months on Accessories'],mobiles
Nokia 105 SS,Nokia,1299,1599,18% off,4.2,22057 Ratings & 1584 Reviews,['32 MB RAM | 32 MB ROM' '4.5 cm (1.77 inch) QVGA Display' '0MP Front Camera' '800 mAh Lithium Ion Battery' 'SC6531E Processor' '1 Year Manufacturer Warranty for Device and 6 Months Manufacturer Warranty for In-box Accessories Including Battery from the Date of Purchase'],mobiles
MOTOROLA g72 (Polar Blue 128 GB),MOTOROLA,14999,21999,31% off,4.0,2545 Ratings & 438 Reviews,['6 GB RAM | 128 GB ROM | Expandable Upto 1 TB' '16.64 cm (6.55 inch) Full HD+ Display' '108MP + 8MP + 2MP | 16MP Front Camera' '5000 mAh Lithium Battery' 'Mediatek Helio G99 Processor' '1 Year on Handset and 6 Months on Accessories'],mobiles
vivo T1 5G (Starlight Black 128 GB),vivo,15990,19990,20% off,4.3,57544 Ratings & 4636 Reviews,['4 GB RAM | 128 GB ROM | Expandable Upto 1 TB' '16.71 cm (6.58 inch) Full HD+ Display' '50MP + 2MP + 2MP | 16MP Front Camera' '5000 mAh Lithium Battery' 'Qualcomm Snapdragon 695 Processor' '1 Year Handset and 6 Months Accessories'],mobiles
Infinix HOT 12 Play (Racing Black 64 GB),Infinix,8499,11999,29% off,4.3,105165 Ratings & 7797 Reviews,['4 GB RAM | 64 GB ROM | Expandable Upto 256 GB' '17.32 cm (6.82 inch) HD+ Display' '13MP + Depth Lens | 8MP Front Camera' '6000 mAh Li-ion Polymer Battery' 'Unisoc T610 Processor' '1 Year on Handset And 6 Months on Accessories'],mobiles
Infinix HOT 12 Play (Champagne Gold 64 GB),Infinix,8499,11999,29% off,4.3,105165 Ratings & 7797 Reviews,['4 GB RAM | 64 GB ROM | Expandable Upto 256 GB' '17.32 cm (6.82 inch) HD+ Display' '13MP + Depth Lens | 8MP Front Camera' '6000 mAh Li-ion Polymer Battery' 'Unisoc T610 Processor' '1 Year on Handset And 6 Months on Accessories'],mobiles
Infinix HOT 12 Play (Daylight Green 64 GB),Infinix,8499,11999,29% off,4.3,105165 Ratings & 7797 Reviews,['4 GB RAM | 64 GB ROM | Expandable Upto 256 GB' '17.32 cm (6.82 inch) HD+ Display' '13MP + Depth Lens | 8MP Front Camera' '6000 mAh Li-ion Polymer Battery' 'Unisoc T610 Processor' '1 Year on Handset And 6 Months on Accessories'],mobiles
APPLE iPhone 12 Mini 5G (Black 128 GB),APPLE,43999,64900,32% off,4.5,120853 Ratings & 9681 Reviews,['128 GB ROM' '13.72 cm (5.4 inch) Super Retina XDR Display' '12MP + 12MP | 12MP Front Camera' 'A14 Bionic Chip with Next Generation Neural Engine Processor' 'Ceramic Shield' 'Industry-leading IP68 Water Resistance' 'All Screen OLED Display' '12MP TrueDepth Front Camera with Night Mode 4K Dolby Vision HDR Recording' 'Brand Warranty for 1 Year'],mobiles
APPLE iPhone 11 (Black 128 GB),APPLE,45999,48900,5% off,4.6,173956 Ratings & 10293 Reviews,['128 GB ROM' '15.49 cm (6.1 inch) Liquid Retina HD Display' '12MP + 12MP | 12MP Front Camera' 'A13 Bionic Chip Processor' 'Brand Warranty of 1 Year'],mobiles
REDMI Note 11 SE (Space Black 64 GB),REDMI,11499,16999,32% off,4.3,24882 Ratings & 1515 Reviews,['6 GB RAM | 64 GB ROM | Expandable Upto 512 GB' '16.33 cm (6.43 inch) Full HD+ Display' '64MP + 8MP + 2MP + 2MP | 13MP Front Camera' '5000 mAh Lithium Polymer Battery' 'Mediatek Helio G95 Octa Core Processor' '1 Year Manufacturer Warranty for Phone and 6 Months Warranty for In the Box Accessories'],mobiles
realme C30s (Stripe Black 32 GB),realme,6499,9999,35% off,4.5,2977 Ratings & 106 Reviews,['2 GB RAM | 32 GB ROM | Expandable Upto 1 TB' '16.51 cm (6.5 inch) HD+ Display' '8MP Rear Camera | 5MP Front Camera' '5000 mAh Lithium Ion Battery' 'Unisoc SC9863A/ Unisoc SC9863A1 Processor' '1 Year Manufacturer Warranty for Phone and 6 Months Warranty for In-Box Accessories'],mobiles
POCO M4 Pro 5G (Power Black 128 GB),POCO,14999,19999,25% off,4.2,37916 Ratings & 3442 Reviews,['6 GB RAM | 128 GB ROM | Expandable Upto 1 TB' '16.76 cm (6.6 inch) Full HD+ Display' '50MP + 8MP | 16MP Front Camera' '5000 mAh Lithium-ion Polymer Battery' 'Mediatek Dimensity 810 Processor' 'One Year for Handset 6 Months for Accessories'],mobiles
realme 9 5G (Meteor Black 64 GB),realme,14999,18999,21% off,4.5,35588 Ratings & 2043 Reviews,['4 GB RAM | 64 GB ROM | Expandable Upto 1 TB' '16.51 cm (6.5 inch) Full HD+ Display' '48MP + 2MP + 2MP | 16MP Front Camera' '5000 mAh Lithium Polymer Battery' 'Mediatek Dimensity 810 Processor' '1 Year Warranty for Phone and 6 Months Warranty for In-Box Accessories'],mobiles
realme 9 5G (Supersonic Blue 64 GB),realme,14999,18999,21% off,4.5,35588 Ratings & 2043 Reviews,['4 GB RAM | 64 GB ROM | Expandable Upto 1 TB' '16.51 cm (6.5 inch) Full HD+ Display' '48MP + 2MP + 2MP | 16MP Front Camera' '5000 mAh Lithium Polymer Battery' 'Mediatek Dimensity 810 Processor' '1 Year Warranty for Phone and 6 Months Warranty for In-Box Accessories'],mobiles
realme 9 5G (Stargaze White 128 GB),realme,16499,20999,21% off,4.4,42573 Ratings & 2783 Reviews,['6 GB RAM | 128 GB ROM | Expandable Upto 1 TB' '16.51 cm (6.5 inch) Full HD+ Display' '48MP + 2MP + 2MP | 16MP Front Camera' '5000 mAh Lithium Polymer Battery' 'Mediatek Dimensity 810 Processor' '1 Year Warranty for Phone and 6 Months Warranty for In-Box Accessories'],mobiles
REDMI Note 11 SE (Thunder Purple 64 GB),REDMI,11499,16999,32% off,4.3,24882 Ratings & 1515 Reviews,['6 GB RAM | 64 GB ROM | Expandable Upto 512 GB' '16.33 cm (6.43 inch) Full HD+ Display' '64MP + 8MP + 2MP + 2MP | 13MP Front Camera' '5000 mAh Lithium Polymer Battery' 'Mediatek Helio G95 Octa Core Processor' '1 Year Manufacturer Warranty for Phone and 6 Months Warranty for In the Box Accessories'],mobiles
REDMI 9 Activ (Coral Green 64 GB),REDMI,8388,8948,6% off,4.2,8396 Ratings & 611 Reviews,['4 GB RAM | 64 GB ROM | Expandable Upto 512 GB' '16.59 cm (6.53 inch) HD+ Display' '13MP + 2MP | 5MP Front Camera' '5000 mAh Lithium Polymer Battery' 'Mediatek Helio G35 Processor' '1 Year Manufacturer Warranty for Phone and 6 Months Warranty for in the Box Accessories'],mobiles
POCO X4 Pro 5G (Yellow 128 GB),POCO,16999,23999,29% off,4.2,56785 Ratings & 5828 Reviews,['6 GB RAM | 128 GB ROM | Expandable Upto 1 TB' '16.94 cm (6.67 inch) Full HD+ Super AMOLED Display' '64MP + 8MP + 2MP | 16MP Front Camera' '5000 mAh Lithium-ion Polymer Battery' 'Qualcomm Snapdragon 695 5G Processor' 'One Year for Handset 6 Months for Accessories'],mobiles
Infinix Note 12 (Jewel Blue 64 GB),Infinix,9999,15999,37% off,4.2,20877 Ratings & 2116 Reviews,['4 GB RAM | 64 GB ROM | Expandable Upto 512 GB' '17.02 cm (6.7 inch) Full HD+ AMOLED Display' '50MP + 2MP Depth + AI Lens | 16MP Front Camera' '5000 mAh Li-ion Polymer Battery' 'MediaTek Helio G88 Processor' '1 Year on Handset and 6 Months on Accessories'],mobiles
SAMSUNG Galaxy F23 5G (Aqua Blue 128 GB),SAMSUNG,15999,22999,30% off,4.2,30881 Ratings & 2512 Reviews,['4 GB RAM | 128 GB ROM | Expandable Upto 1 TB' '16.76 cm (6.6 inch) Full HD+ Display' '50MP + 8MP + 2MP | 8MP Front Camera' '5000 mAh Lithium Ion Battery' 'Qualcomm Snapdragon 750G Processor' '1 Year Warranty Provided by the Manufacturer from Date of Purchase'],mobiles
vivo T1X (Gravity Black 128 GB),vivo,14999,18990,21% off,4.4,3088 Ratings & 188 Reviews,['6 GB RAM | 128 GB ROM' '16.71 cm (6.58 inch) Full HD+ Display' '50MP + 2MP | 8MP Front Camera' '5000 mAh Battery' 'Qualcomm Snapdragon 680 Processor' '1 Year on Handset and 6 Months on Accessories'],mobiles
Infinix Smart 6 Plus (Tranquil Sea Blue 64 GB),Infinix,7599,9999,24% off,4.2,8795 Ratings & 655 Reviews,['3 GB RAM | 64 GB ROM | Expandable Upto 512 GB' '17.32 cm (6.82 inch) HD+ Display' '8 MP + Depth Lens | 5MP Front Camera' '5000 mAh Lithium-ion Polymer Battery' 'Mediatek Helio G25 Processor' '1 Year on Handset and 6 Months on Accessories'],mobiles
Infinix HOT 20 5G (Space Blue 64 GB),Infinix,11999,17999,33% off,4.2,237 Ratings & 33 Reviews,['4 GB RAM | 64 GB ROM | Expandable Upto 1 TB' '16.76 cm (6.6 inch) Full HD+ Display' '50MP + AI Lens | 8MP Front Camera' '5000 mAh Li-ion Polymer Battery' 'Dimensity 810 Processor' '1 Year on Handset and 6 Months on Accessories'],mobiles
Infinix HOT 20 5G (Racing Black 64 GB),Infinix,11999,17999,33% off,4.2,237 Ratings & 33 Reviews,['4 GB RAM | 64 GB ROM | Expandable Upto 1 TB' '16.76 cm (6.6 inch) Full HD+ Display' '50MP + AI Lens | 8MP Front Camera' '5000 mAh Li-ion Polymer Battery' 'Dimensity 810 Processor' '1 Year on Handset and 6 Months on Accessories'],mobiles
Infinix HOT 20 5G (Blaster Green 64 GB),Infinix,11999,17999,33% off,4.2,237 Ratings & 33 Reviews,['4 GB RAM | 64 GB ROM | Expandable Upto 1 TB' '16.76 cm (6.6 inch) Full HD+ Display' '50MP + AI Lens | 8MP Front Camera' '5000 mAh Li-ion Polymer Battery' 'Dimensity 810 Processor' '1 Year on Handset and 6 Months on Accessories'],mobiles
SAMSUNG Galaxy F22 (Denim Black 64 GB),SAMSUNG,11499,14999,23% off,4.3,100053 Ratings & 9621 Reviews,['4 GB RAM | 64 GB ROM | Expandable Upto 1 TB' '16.26 cm (6.4 inch) HD+ Display' '48MP + 8MP + 2MP + 2MP | 13MP Front Camera' '6000 mAh Lithium-ion Battery' 'MediaTek Helio G80 Processor' '1 Year Warranty Provided by the Manufacturer from Date of Purchase'],mobiles
POCO M4 5G (Yellow 64 GB),POCO,10999,15999,31% off,4.2,42539 Ratings & 3504 Reviews,['4 GB RAM | 64 GB ROM | Expandable Upto 512 GB' '16.71 cm (6.58 inch) Full HD+ Display' '50MP + 2MP | 8MP Front Camera' '5000 mAh Lithium Ion Polymer Battery' 'Mediatek Dimensity 700 Processor' '1 Year Warranty for Handset and 6 Months for Accessories'],mobiles
SAMSUNG GALAXY M13 (Midnight Blue 64 GB),SAMSUNG,10064,13999,28% off,4.2,1523 Ratings & 101 Reviews,['4 GB RAM | 64 GB ROM' '16.76 cm (6.6 inch) Display' '50MP Rear Camera' '6000 mAh Battery' '12 MONTHS'],mobiles
realme 9 5G (Meteor Black 128 GB),realme,16499,20999,21% off,4.4,42573 Ratings & 2783 Reviews,['6 GB RAM | 128 GB ROM | Expandable Upto 1 TB' '16.51 cm (6.5 inch) Full HD+ Display' '48MP + 2MP + 2MP | 16MP Front Camera' '5000 mAh Lithium Polymer Battery' 'Mediatek Dimensity 810 Processor' '1 Year Warranty for Phone and 6 Months Warranty for In-Box Accessories'],mobiles
REDMI A1 (Light Green 32 GB),REDMI,6249,6330,1% off,4.2,1117 Ratings & 78 Reviews,"['2 GB RAM | 32 GB ROM' '16.56 cm (6.52 inch) Display' '5MP Rear Camera | 8MP Front Camera' '5000 mAh Battery' '"" 1 year manufacturer warranty for device and 6 months manufacturer warranty for in-box accessories including batteries from the date of purchase""']",mobiles
realme 9 5G (Supersonic Black 64 GB),realme,14999,18999,21% off,4.5,35588 Ratings & 2043 Reviews,['4 GB RAM | 64 GB ROM | Expandable Upto 1 TB' '16.51 cm (6.5 inch) Full HD+ Display' '48MP + 2MP + 2MP | 16MP Front Camera' '5000 mAh Lithium Polymer Battery' 'Mediatek Dimensity 810 Processor' '1 Year Warranty for Phone and 6 Months Warranty for In-Box Accessories'],mobiles
REDMI A1 (Black 32 GB),REDMI,6122,7998,23% off,4.2,1117 Ratings & 78 Reviews,"['2 GB RAM | 32 GB ROM' '16.56 cm (6.52 inch) Display' '5MP Rear Camera | 8MP Front Camera' '5000 mAh Battery' '"" 1 year manufacturer warranty for device and 6 months manufacturer warranty for in-box accessories including batteries from the date of purchase""']",mobiles
Nokia TA-1304/105 SS,Nokia,1459,1490,2% off,4.2,62863 Ratings & 4936 Reviews,['4 MB RAM | 4 MB ROM' '4.5 cm (1.77 inch) Display' '800 mAh Battery' '1 Year Manufacturer Warranty'],mobiles
realme 9 5G (Supersonic Blue 128 GB),realme,16499,20999,21% off,4.4,42573 Ratings & 2783 Reviews,['6 GB RAM | 128 GB ROM | Expandable Upto 1 TB' '16.51 cm (6.5 inch) Full HD+ Display' '48MP + 2MP + 2MP | 16MP Front Camera' '5000 mAh Lithium Polymer Battery' 'Mediatek Dimensity 810 Processor' '1 Year Warranty for Phone and 6 Months Warranty for In-Box Accessories'],mobiles
realme 9 5G (Stargaze White 64 GB),realme,14999,18999,21% off,4.5,35588 Ratings & 2043 Reviews,['4 GB RAM | 64 GB ROM | Expandable Upto 1 TB' '16.51 cm (6.5 inch) Full HD+ Display' '48MP + 2MP + 2MP | 16MP Front Camera' '5000 mAh Lithium Polymer Battery' 'Mediatek Dimensity 810 Processor' '1 Year Warranty for Phone and 6 Months Warranty for In-Box Accessories'],mobiles
REDMI 10 (Pacific Blue 128 GB),REDMI,11999,16999,29% off,4.2,20500 Ratings & 1543 Reviews,['6 GB RAM | 128 GB ROM | Expandable Upto 1 TB' '17.02 cm (6.7 inch) HD+ Display' '50MP + 2MP | 5MP Front Camera' '6000 mAh Lithium Polymer Battery' 'Qualcomm Snapdragon 680 Processor' '1 Year Warranty for Phone and 6 Months Warranty for In-Box Accessories'],mobiles
REDMI Note 11 SE (Cosmic White 64 GB),REDMI,11499,16999,32% off,4.3,24882 Ratings & 1515 Reviews,['6 GB RAM | 64 GB ROM | Expandable Upto 512 GB' '16.33 cm (6.43 inch) Full HD+ Display' '64MP + 8MP + 2MP + 2MP | 13MP Front Camera' '5000 mAh Lithium Polymer Battery' 'Mediatek Helio G95 Octa Core Processor' '1 Year Manufacturer Warranty for Phone and 6 Months Warranty for In the Box Accessories'],mobiles
POCO X4 Pro 5G (Laser Black 128 GB),POCO,16999,23999,29% off,4.2,56785 Ratings & 5828 Reviews,['6 GB RAM | 128 GB ROM | Expandable Upto 1 TB' '16.94 cm (6.67 inch) Full HD+ Super AMOLED Display' '64MP + 8MP + 2MP | 16MP Front Camera' '5000 mAh Lithium-ion Polymer Battery' 'Qualcomm Snapdragon 695 5G Processor' 'One Year for Handset 6 Months for Accessories'],mobiles
APPLE iPhone 13 5G ((PRODUCT)RED 128 GB),APPLE,62999,69900,9% off,4.7,171261 Ratings & 9345 Reviews,['128 GB ROM' '15.49 cm (6.1 inch) Super Retina XDR Display' '12MP + 12MP | 12MP Front Camera' 'A15 Bionic Chip Processor' 'Brand Warranty for 1 Year'],mobiles
REDMI 10 Prime (Phantom Black 128 GB),REDMI,12999,16999,23% off,4.2,9142 Ratings & 671 Reviews,['6 GB RAM | 128 GB ROM | Expandable Upto 512 GB' '16.51 cm (6.5 inch) Full HD Display' '50MP + 8MP + 2MP + 2MP | 8MP Front Camera' '6000 mAh Battery' 'Helio G88 Processor' '1 Year Manufacturer Warranty for Handset and 6 Months Warranty for In the Box Accessories'],mobiles
vivo T1 44W (Starry Sky 128 GB),vivo,17999,23990,24% off,4.3,4881 Ratings & 419 Reviews,['8 GB RAM | 128 GB ROM | Expandable Upto 1 TB' '16.36 cm (6.44 inch) Full HD+ AMOLED Display' '50MP + 2MP + 2MP | 16MP Front Camera' '5000 mAh Lithium Battery' 'Qualcomm Snapdragon 680 Processor' '1 Year Handset and 6 Months Accessories'],mobiles
Infinix Hot 11S (Polar Black 64 GB),Infinix,8999,13999,35% off,4.3,47349 Ratings & 5074 Reviews,['4 GB RAM | 64 GB ROM | Expandable Upto 256 GB' '17.22 cm (6.78 inch) Full HD+ Display' '50MP + 2MP + AI Lens | 8MP Front Camera' '5000 mAh Li-ion Polymer Battery' 'MediaTek Helio G88 Processor' '90Hz Refresh Rate' '18W Type C Fast Charger' '1 Year on Handset and 6 Months on Accessories'],mobiles
realme 9 5G SE (Azure Glow 128 GB),realme,20249,26999,25% off,4.3,2118 Ratings & 195 Reviews,['8 GB RAM | 128 GB ROM | Expandable Upto 1 TB' '16.76 cm (6.6 inch) Full HD+ Display' '48MP + 2MP + 2MP | 16MP Front Camera' '5000 mAh Lithium Polymer Battery' 'Qualcomm Snapdragon 778G Processor' '1 Year Warranty for Phone and 6 Months Warranty for In-Box Accessories'],mobiles
realme 9 5G SE (Starry Glow 128 GB),realme,20249,26999,25% off,4.3,2118 Ratings & 195 Reviews,['8 GB RAM | 128 GB ROM | Expandable Upto 1 TB' '16.76 cm (6.6 inch) Full HD+ Display' '48MP + 2MP + 2MP | 16MP Front Camera' '5000 mAh Lithium Polymer Battery' 'Qualcomm Snapdragon 778G Processor' '1 Year Warranty for Phone and 6 Months Warranty for In-Box Accessories'],mobiles
Micromax IN 2C (Brown 32 GB),Micromax,5999,9499,36% off,4.2,1592 Ratings & 212 Reviews,['3 GB RAM | 32 GB ROM | Expandable Upto 256 GB' '16.56 cm (6.52 inch) HD+ Display' '8MP Rear Camera | 5MP Front Camera' '5000 mAh Battery' 'Unisoc T610 Processor' '1 Year Warranty for Phone and 6 Months Warranty for In-Box Accessories'],mobiles
Micromax IN 2C (Silver 32 GB),Micromax,5999,9499,36% off,4.2,1592 Ratings & 212 Reviews,['3 GB RAM | 32 GB ROM | Expandable Upto 256 GB' '16.56 cm (6.52 inch) HD+ Display' '8MP Rear Camera | 5MP Front Camera' '5000 mAh Battery' 'Unisoc T610 Processor' '1 Year Warranty for Phone and 6 Months Warranty for In-Box Accessories'],mobiles
vivo T1 5G (Starlight Black 128 GB),vivo,19990,23990,16% off,4.3,14292 Ratings & 1240 Reviews,['8 GB RAM | 128 GB ROM | Expandable Upto 1 TB' '16.71 cm (6.58 inch) Full HD+ Display' '50MP + 2MP + 2MP | 16MP Front Camera' '5000 mAh Lithium Battery' 'Qualcomm Snapdragon 695 Processor' '1 Year Handset and 6 Months Accessories'],mobiles
vivo T1 5G (Starlight Black 128 GB),vivo,16990,20990,19% off,4.4,152161 Ratings & 12373 Reviews,['6 GB RAM | 128 GB ROM | Expandable Upto 1 TB' '16.71 cm (6.58 inch) Full HD+ Display' '50MP + 2MP + 2MP | 16MP Front Camera' '5000 mAh Lithium Battery' 'Qualcomm Snapdragon 695 Processor' '1 Year Handset and 6 Months Accessories'],mobiles
vivo T1 5G (Rainbow Fantasy 128 GB),vivo,19990,23990,16% off,4.3,14292 Ratings & 1240 Reviews,['8 GB RAM | 128 GB ROM | Expandable Upto 1 TB' '16.71 cm (6.58 inch) Full HD+ Display' '50MP + 2MP + 2MP | 16MP Front Camera' '5000 mAh Lithium Battery' 'Qualcomm Snapdragon 695 Processor' '1 Year Handset and 6 Months Accessories'],mobiles
Infinix Smart 6 (Light Sea Green 64 GB),Infinix,6499,8999,27% off,4.3,26175 Ratings & 1783 Reviews,['2 GB RAM | 64 GB ROM | Expandable Upto 512 GB' '16.76 cm (6.6 inch) HD+ Display' '8 MP + Depth Lens | 5MP Front Camera' '5000 mAh Li-ion Polymer Battery' 'Mediatek Helio A22 Processor' '1 Year on Handset and 6 Months on Accessories'],mobiles
Nokia 105 TA-1416 DS,Nokia,1449,1599,9% off,4.1,3994 Ratings & 297 Reviews,['32 MB RAM | 32 MB ROM' '4.5 cm (1.77 inch) QVGA Display' '0MP Front Camera' '800 mAh Lithium Ion Battery' 'SC6531E Processor' '1 Year Manufacturer Warranty for Device and 6 Months Manufacturer Warranty for In-box Accessories Including Battery from the Date of Purchase'],mobiles
realme 9 5G (Supersonic Black 128 GB),realme,16499,20999,21% off,4.4,42573 Ratings & 2783 Reviews,['6 GB RAM | 128 GB ROM | Expandable Upto 1 TB' '16.51 cm (6.5 inch) Full HD+ Display' '48MP + 2MP + 2MP | 16MP Front Camera' '5000 mAh Lithium Polymer Battery' 'Mediatek Dimensity 810 Processor' '1 Year Warranty for Phone and 6 Months Warranty for In-Box Accessories'],mobiles
MOTOROLA g52 (Metallic White 64 GB),MOTOROLA,11999,17999,33% off,4.2,7946 Ratings & 1017 Reviews,['4 GB RAM | 64 GB ROM' '16.76 cm (6.6 inch) Full HD+ Display' '50MP + 8MP + 2MP | 16MP Front Camera' '5000 mAh Lithium Battery' 'Qualcomm Snapdragon 680 Processor' '1 Year on Handset and 6 Months on Accessories'],mobiles
MOTOROLA G62 5G (Midnight Gray 128 GB),MOTOROLA,17999,24999,28% off,4.1,1613 Ratings & 193 Reviews,['8 GB RAM | 128 GB ROM' '16.64 cm (6.55 inch) Full HD+ Display' '50MP + 8MP + 2MP | 16MP Front Camera' '5000 mAh Lithium Polymer Battery' 'Qualcomm Snapdragon 695 5G Processor' '1 Year on Handset and 6 Months on Accessories'],mobiles
realme C35 (Glowing Green 64 GB),realme,11999,13999,14% off,4.4,156054 Ratings & 9226 Reviews,['4 GB RAM | 64 GB ROM | Expandable Upto 1 TB' '16.76 cm (6.6 inch) Full HD+ Display' '50MP + 2MP + 0.3MP | 8MP Front Camera' '5000 mAh Lithium Polymer Battery' 'Unisoc Tiger T616 Processor' '1 Year Warranty for Phone and 6 Months Warranty for In-Box Accessories'],mobiles
realme C35 (Glowing Black 128 GB),realme,12999,14999,13% off,4.4,156054 Ratings & 9226 Reviews,['4 GB RAM | 128 GB ROM | Expandable Upto 1 TB' '16.76 cm (6.6 inch) Full HD+ Display' '50MP + 2MP + 0.3MP | 8MP Front Camera' '5000 mAh Lithium Polymer Battery' 'Unisoc Tiger T616 Processor' '1 Year Warranty for Phone and 6 Months Warranty for In-Box Accessories'],mobiles
realme C35 (Glowing Black 128 GB),realme,13999,15999,12% off,4.2,12101 Ratings & 799 Reviews,['6 GB RAM | 128 GB ROM | Expandable Upto 1 TB' '16.76 cm (6.6 inch) Full HD+ Display' '50MP + 2MP + 0.3MP | 8MP Front Camera' '5000 mAh Lithium Polymer Battery' 'Unisoc Tiger T616 Processor' '1 Year Warranty for Phone and 6 Months Warranty for In-Box Accessories'],mobiles
MOTOROLA g31 (Meteorite Grey 128 GB),MOTOROLA,11999,16999,29% off,4.1,11912 Ratings & 1290 Reviews,['6 GB RAM | 128 GB ROM | Expandable Upto 1 TB' '16.26 cm (6.4 inch) Full HD+ Display' '50MP + 8MP + 2MP | 13MP Front Camera' '5000 mAh LiPo Battery' 'Mediatek Helio G85 Processor' '1 Year on Handset and 6 Months on Accessories'],mobiles
REDMI Note 10T 5G (Mint Green 64 GB),REDMI,12999,16999,23% off,4.3,43556 Ratings & 3156 Reviews,['4 GB RAM | 64 GB ROM' '16.66 cm (6.56 inch) Full HD+ Display' '48MP Primary Camera + 2MP Macro Lens + 2MP Depth Sensor | 8MP Front Camera' '5000 mAh Lithium Polymer Battery' 'Mediatek Dimensity 700 Processor' 'Max GPU Frequency: 950 MHz Supports GAME Turbo 3.0 UFS2.2 Storage Reading Mode 3.0 360 Degree Ambient Light Sensors Supports 18W Fast Charging' '1 Year Manufacturer Warranty for Phone and 6 Months Warranty for In the Box Accessories'],mobiles
Realme C30 - Locked with Airtel Prepaid (Bamboo Green 32 GB),Realme,5249,8499,38% off,4.3,59630 Ratings & 3026 Reviews,['2 GB RAM | 32 GB ROM | Expandable Upto 1 TB' '16.51 cm (6.5 inch) HD+ Display' '8MP Rear Camera | 5MP Front Camera' '5000 mAh Lithium Ion Battery' 'Unisoc T612 Processor' '1 Year Manufacturer Warranty for Phone and 6 Months Warranty for In-Box Accessories'],mobiles
POCO X4 Pro 5G (Laser Blue 64 GB),POCO,15999,22999,30% off,4.2,56785 Ratings & 5828 Reviews,['6 GB RAM | 64 GB ROM | Expandable Upto 1 TB' '16.94 cm (6.67 inch) Full HD+ Super AMOLED Display' '64MP + 8MP + 2MP | 16MP Front Camera' '5000 mAh Lithium-ion Polymer Battery' 'Qualcomm Snapdragon 695 5G Processor' 'One Year for Handset 6 Months for Accessories'],mobiles
Realme C30 - Locked with Airtel Prepaid (Lake Blue 32 GB),Realme,5249,8499,38% off,4.3,59630 Ratings & 3026 Reviews,['2 GB RAM | 32 GB ROM | Expandable Upto 1 TB' '16.51 cm (6.5 inch) HD+ Display' '8MP Rear Camera | 5MP Front Camera' '5000 mAh Lithium Ion Battery' 'Unisoc T612 Processor' '1 Year Manufacturer Warranty for Phone and 6 Months Warranty for In-Box Accessories'],mobiles
Infinix Smart 6 Plus (Crystal Violet 64 GB),Infinix,7599,9999,24% off,4.2,8795 Ratings & 655 Reviews,['3 GB RAM | 64 GB ROM | Expandable Upto 512 GB' '17.32 cm (6.82 inch) HD+ Display' '8 MP + Depth Lens | 5MP Front Camera' '5000 mAh Lithium-ion Polymer Battery' 'Mediatek Helio G25 Processor' '1 Year on Handset and 6 Months on Accessories'],mobiles
Infinix Smart 6 Plus (Miracle Black 64 GB),Infinix,7599,9999,24% off,4.2,8795 Ratings & 655 Reviews,['3 GB RAM | 64 GB ROM | Expandable Upto 512 GB' '17.32 cm (6.82 inch) HD+ Display' '8 MP + Depth Lens | 5MP Front Camera' '5000 mAh Lithium-ion Polymer Battery' 'Mediatek Helio G25 Processor' '1 Year on Handset and 6 Months on Accessories'],mobiles
Nokia 105 PLUS,Nokia,1549,1899,18% off,4.1,5141 Ratings & 359 Reviews,['4 MB RAM | 4 MB ROM' '4.5 cm (1.77 inch) Display' '0MP Front Camera' '1000 mAh Lithium Ion Battery' 'MTK6261D Processor' '1 Year Manufacturer Warranty For Device And 6 Months Manufacturer Warranty For In-Box Accessories Including Battery From The Date Of Purchase'],mobiles
Infinix Note 12 (Force Black 64 GB),Infinix,9999,15999,37% off,4.2,20877 Ratings & 2116 Reviews,['4 GB RAM | 64 GB ROM | Expandable Upto 512 GB' '17.02 cm (6.7 inch) Full HD+ AMOLED Display' '50MP + 2MP Depth + AI Lens | 16MP Front Camera' '5000 mAh Li-ion Polymer Battery' 'MediaTek Helio G88 Processor' '1 Year on Handset and 6 Months on Accessories'],mobiles
OPPO K10 5G (Ocean Blue 128 GB),OPPO,16499,20999,21% off,4.4,10530 Ratings & 739 Reviews,['6 GB RAM | 128 GB ROM | Expandable Upto 1 TB' '16.66 cm (6.56 inch) HD+ Display' '48MP + 2MP | 8MP Front Camera' '5000 mAh Lithium Ion Polymer Battery' 'Mediatek Dimensity 810 Processor' '1 Year Manufacturer Warranty for Phone and 6 Months Warranty for In-Box Accessories'],mobiles
SAMSUNG Galaxy F13 (Waterfall Blue 128 GB),SAMSUNG,12999,16999,23% off,4.4,101958 Ratings & 5654 Reviews,['4 GB RAM | 128 GB ROM | Expandable Upto 1 TB' '16.76 cm (6.6 inch) Full HD+ Display' '50MP + 5MP + 2MP | 8MP Front Camera' '6000 mAh Lithium Ion Battery' 'Exynos 850 Processor' '1 Year Warranty Provided By the Manufacturer from Date of Purchase'],mobiles
OPPO K10 5G (Ocean Blue 128 GB),OPPO,17499,25999,32% off,4.4,49830 Ratings & 3774 Reviews,['8 GB RAM | 128 GB ROM | Expandable Upto 1 TB' '16.66 cm (6.56 inch) HD+ Display' '48MP + 2MP | 8MP Front Camera' '5000 mAh Lithium Ion Polymer Battery' 'Mediatek Dimensity 810 Processor' '1 Year Manufacturer Warranty for Phone and 6 Months Warranty for In-Box Accessories'],mobiles
OPPO K10 5G (Midnight Black 128 GB),OPPO,17499,25999,32% off,4.4,49830 Ratings & 3774 Reviews,['8 GB RAM | 128 GB ROM | Expandable Upto 1 TB' '16.66 cm (6.56 inch) HD+ Display' '48MP + 2MP | 8MP Front Camera' '5000 mAh Lithium Ion Polymer Battery' 'Mediatek Dimensity 810 Processor' '1 Year Manufacturer Warranty for Phone and 6 Months Warranty for In-Box Accessories'],mobiles
Infinix Smart 6 (Heart Of Ocean 64 GB),Infinix,6499,8999,27% off,4.3,26175 Ratings & 1783 Reviews,['2 GB RAM | 64 GB ROM | Expandable Upto 512 GB' '16.76 cm (6.6 inch) HD+ Display' '8 MP + Depth Lens | 5MP Front Camera' '5000 mAh Li-ion Polymer Battery' 'Mediatek Helio A22 Processor' '1 Year on Handset and 6 Months on Accessories'],mobiles
Infinix Smart 6 (Starry Purple 64 GB),Infinix,6499,8999,27% off,4.3,26175 Ratings & 1783 Reviews,['2 GB RAM | 64 GB ROM | Expandable Upto 512 GB' '16.76 cm (6.6 inch) HD+ Display' '8 MP + Depth Lens | 5MP Front Camera' '5000 mAh Li-ion Polymer Battery' 'Mediatek Helio A22 Processor' '1 Year on Handset and 6 Months on Accessories'],mobiles
POCO X4 Pro 5G (Laser Black 64 GB),POCO,15999,22999,30% off,4.2,56785 Ratings & 5828 Reviews,['6 GB RAM | 64 GB ROM | Expandable Upto 1 TB' '16.94 cm (6.67 inch) Full HD+ Super AMOLED Display' '64MP + 8MP + 2MP | 16MP Front Camera' '5000 mAh Lithium-ion Polymer Battery' 'Qualcomm Snapdragon 695 5G Processor' 'One Year for Handset 6 Months for Accessories'],mobiles
POCO M4 5G (Yellow 128 GB),POCO,12999,18999,31% off,4.1,20870 Ratings & 1717 Reviews,['6 GB RAM | 128 GB ROM | Expandable Upto 512 GB' '16.71 cm (6.58 inch) Full HD+ Display' '50MP + 2MP | 8MP Front Camera' '5000 mAh Lithium Ion Polymer Battery' 'Mediatek Dimensity 700 Processor' '1 Year Warranty for Handset and 6 Months for Accessories'],mobiles
Infinix Hot 11S (Green Wave 128 GB),Infinix,9999,14999,33% off,4.3,47349 Ratings & 5074 Reviews,['4 GB RAM | 128 GB ROM | Expandable Upto 256 GB' '17.22 cm (6.78 inch) Full HD+ Display' '50 MP + 2 MP + AI Lens | 8MP Front Camera' '5000 mAh Li-ion Polymer Battery' 'Mediatek Helio G88 Processor' '1 Year on Handset and 6 Months on Accessories'],mobiles
Moto G71 5G (Arctic Blue 128 GB),Moto,16999,22999,26% off,4.2,21197 Ratings & 2465 Reviews,['6 GB RAM | 128 GB ROM' '16.26 cm (6.4 inch) Full HD+ AMOLED Display' '50MP + 8MP + 2MP | 16MP Front Camera' '5000 mAh Lithium-ion Polymer Battery' 'Qualcomm Snapdragon 695 Processor' '1 Year on Handset and 6 Months on Accessories'],mobiles
REDMI 9 Activ (Metallic Purple 64 GB),REDMI,8248,8670,4% off,4.2,8396 Ratings & 611 Reviews,['4 GB RAM | 64 GB ROM | Expandable Upto 512 GB' '16.59 cm (6.53 inch) HD+ Display' '13MP + 2MP | 5MP Front Camera' '5000 mAh Lithium Polymer Battery' 'Mediatek Helio G35 Processor' '1 Year Manufacturer Warranty for Phone and 6 Months Warranty for in the Box Accessories'],mobiles
REDMI 9 Activ (Carbon Black 64 GB),REDMI,8100,8349,2% off,4.2,8396 Ratings & 611 Reviews,['4 GB RAM | 64 GB ROM | Expandable Upto 512 GB' '16.59 cm (6.53 inch) HD+ Display' '13MP + 2MP | 5MP Front Camera' '5000 mAh Lithium Polymer Battery' 'Mediatek Helio G35 Processor' '1 Year Manufacturer Warranty for Phone and 6 Months Warranty for in the Box Accessories'],mobiles
POCO F4 5G (Night Black 128 GB),POCO,24999,32999,24% off,4.3,11251 Ratings & 1607 Reviews,['6 GB RAM | 128 GB ROM' '16.94 cm (6.67 inch) Full HD+ Display' '64MP + 8MP + 2MP | 20MP Front Camera' '4500 mAh Lithium-ion Polymer Battery' 'Qualcomm Snapdragon 870 Processor' '2 Years Brand Warranty'],mobiles
POCO M4 Pro 5G (Yellow 128 GB),POCO,14999,19999,25% off,4.2,37916 Ratings & 3442 Reviews,['6 GB RAM | 128 GB ROM | Expandable Upto 1 TB' '16.76 cm (6.6 inch) Full HD+ Display' '50MP + 8MP | 16MP Front Camera' '5000 mAh Lithium-ion Polymer Battery' 'Mediatek Dimensity 810 Processor' 'One Year for Handset 6 Months for Accessories'],mobiles
MOTOROLA g31 (Meteorite Grey 64 GB),MOTOROLA,10499,13999,25% off,4.2,31207 Ratings & 3654 Reviews,['4 GB RAM | 64 GB ROM | Expandable Upto 1 TB' '16.26 cm (6.4 inch) Full HD+ Display' '50MP + 8MP + 2MP | 13MP Front Camera' '5000 mAh LiPo Battery' 'Mediatek Helio G85 Processor' '1 Year on Handset and 6 Months on Accessories'],mobiles
Moto G71 5G (Neptune Green 128 GB),Moto,16999,22999,26% off,4.2,21197 Ratings & 2465 Reviews,['6 GB RAM | 128 GB ROM' '16.26 cm (6.4 inch) Full HD+ AMOLED Display' '50MP + 8MP + 2MP | 16MP Front Camera' '5000 mAh Lithium-ion Polymer Battery' 'Qualcomm Snapdragon 695 Processor' '1 Year on Handset and 6 Months on Accessories'],mobiles
Infinix Hot 11 2022 (Polar Black 64 GB),Infinix,7499,12999,42% off,4.2,14611 Ratings & 1210 Reviews,['4 GB RAM | 64 GB ROM | Expandable Upto 1 TB' '17.02 cm (6.7 inch) Full HD+ Display' '13 MP + 2 MP Depth Lens | 8MP Front Camera' '5000 mAh Li-ion Polymer Battery' 'UniSoc T610 Processor' '1 Year on Handset and 6 Months on Accessories'],mobiles
APPLE iPhone 11 (Black 64 GB),APPLE,40999,43900,6% off,4.6,173956 Ratings & 10293 Reviews,['64 GB ROM' '15.49 cm (6.1 inch) Liquid Retina HD Display' '12MP + 12MP | 12MP Front Camera' 'A13 Bionic Chip Processor' 'Brand Warranty of 1 Year'],mobiles
Infinix Smart 6 (Polar Black 64 GB),Infinix,6499,8999,27% off,4.3,26175 Ratings & 1783 Reviews,['2 GB RAM | 64 GB ROM | Expandable Upto 512 GB' '16.76 cm (6.6 inch) HD+ Display' '8 MP + Depth Lens | 5MP Front Camera' '5000 mAh Li-ion Polymer Battery' 'Mediatek Helio A22 Processor' '1 Year on Handset and 6 Months on Accessories'],mobiles
Realme C30 - Locked with Airtel Prepaid (Denim Black 32 GB),Realme,5249,8499,38% off,4.3,59630 Ratings & 3026 Reviews,['2 GB RAM | 32 GB ROM | Expandable Upto 1 TB' '16.51 cm (6.5 inch) HD+ Display' '8MP Rear Camera | 5MP Front Camera' '5000 mAh Lithium Ion Battery' 'Unisoc T612 Processor' '1 Year Manufacturer Warranty for Phone and 6 Months Warranty for In-Box Accessories'],mobiles
APPLE iPhone 13 5G (Midnight 256 GB),APPLE,69999,79900,12% off,4.7,171261 Ratings & 9345 Reviews,['256 GB ROM' '15.49 cm (6.1 inch) Super Retina XDR Display' '12MP + 12MP | 12MP Front Camera' 'A15 Bionic Chip Processor' 'Brand Warranty for 1 Year'],mobiles
REDMI 10A (Sea Blue 64 GB),REDMI,8496,8899,4% off,4.1,6487 Ratings & 414 Reviews,['4 GB RAM | 64 GB ROM' '16.59 cm (6.53 inch) Display' '13MP Rear Camera' '5000 mAh Battery' '1 Year Manufacturer Warranty for Handset and 6 Months Warranty for In the Box Accessories'],mobiles
REDMI 10A (Slate Grey 32 GB),REDMI,7607,7722,1% off,4.1,1430 Ratings & 96 Reviews,['3 GB RAM | 32 GB ROM' '16.59 cm (6.53 inch) Display' '13MP Rear Camera' '5000 mAh Battery' '12 months'],mobiles
REDMI 10A (Charcoal Black 64 GB),REDMI,8188,9200,11% off,4.1,6487 Ratings & 414 Reviews,['4 GB RAM | 64 GB ROM' '16.59 cm (6.53 inch) Display' '13MP Rear Camera' '5000 mAh Battery' '1 Year Manufacturer Warranty for Handset and 6 Months Warranty for In the Box Accessories'],mobiles
Infinix Hot 12 Pro (Lightsaber Green 64 GB),Infinix,9499,13999,32% off,4.2,4949 Ratings & 296 Reviews,['6 GB RAM | 64 GB ROM | Expandable Upto 256 GB' '16.76 cm (6.6 inch) HD+ Display' '50 MP + Depth Lens | 8MP Front Camera' '5000 mAh Lithium-ion Polymer Battery' 'Unisoc T616 Processor' '1 Year on Handset and 6 Months on Accessories'],mobiles
OPPO K10 (Black Carbon 128 GB),OPPO,16990,22999,26% off,4.3,4980 Ratings & 423 Reviews,['8 GB RAM | 128 GB ROM | Expandable Upto 1 TB' '16.74 cm (6.59 inch) Full HD+ Display' '50MP + 2MP + 2MP | 16MP Front Camera' '5000 mAh Lithium Ion Battery' 'Qualcomm Snapdragon 680 Processor' '33W SUPERVOOC Charger | Dual Speaker | Super Adaptive Refresh Rate' 'AI Photo Suite | OPPO Glow Design with Dirt and Scratch Resistant' '1 Year Manufacturer Warranty for Phone and 6 Months Warranty for In-Box Accessories'],mobiles
realme C35 (Glowing Green 128 GB),realme,13999,15999,12% off,4.2,12101 Ratings & 799 Reviews,['6 GB RAM | 128 GB ROM | Expandable Upto 1 TB' '16.76 cm (6.6 inch) Full HD+ Display' '50MP + 2MP + 0.3MP | 8MP Front Camera' '5000 mAh Lithium Polymer Battery' 'Unisoc Tiger T616 Processor' '1 Year Warranty for Phone and 6 Months Warranty for In-Box Accessories'],mobiles
vivo T1 44W (Midnight Galaxy 128 GB),vivo,17999,23990,24% off,4.3,4881 Ratings & 419 Reviews,['8 GB RAM | 128 GB ROM | Expandable Upto 1 TB' '16.36 cm (6.44 inch) Full HD+ AMOLED Display' '50MP + 2MP + 2MP | 16MP Front Camera' '5000 mAh Lithium Battery' 'Qualcomm Snapdragon 680 Processor' '1 Year Handset and 6 Months Accessories'],mobiles
MOTOROLA G62 5G (Frosted Blue 128 GB),MOTOROLA,17999,24999,28% off,4.1,1613 Ratings & 193 Reviews,['8 GB RAM | 128 GB ROM' '16.64 cm (6.55 inch) Full HD+ Display' '50MP + 8MP + 2MP | 16MP Front Camera' '5000 mAh Lithium Polymer Battery' 'Qualcomm Snapdragon 695 5G Processor' '1 Year on Handset and 6 Months on Accessories'],mobiles
POCO X4 Pro 5G (Laser Blue 128 GB),POCO,18999,25999,26% off,4.1,13377 Ratings & 1407 Reviews,['8 GB RAM | 128 GB ROM | Expandable Upto 1 TB' '16.94 cm (6.67 inch) Full HD+ Super AMOLED Display' '64MP + 8MP + 2MP | 16MP Front Camera' '5000 mAh Lithium-ion Polymer Battery' 'Qualcomm Snapdragon 695 5G Processor' 'One Year for Handset 6 Months for Accessories'],mobiles
Infinix Note 12 (Jewel Blue 128 GB),Infinix,11999,17999,33% off,4.2,10835 Ratings & 1056 Reviews,['6 GB RAM | 128 GB ROM | Expandable Upto 512 GB' '17.02 cm (6.7 inch) Full HD+ AMOLED Display' '50MP + 2MP Depth + AI Lens | 16MP Front Camera' '5000 mAh Li-ion Polymer Battery' 'MediaTek Helio G88 Processor' '1 Year on Handset and 6 Months on Accessories'],mobiles
Infinix Note 12 (Force Black 128 GB),Infinix,11999,17999,33% off,4.2,10835 Ratings & 1056 Reviews,['6 GB RAM | 128 GB ROM | Expandable Upto 512 GB' '17.02 cm (6.7 inch) Full HD+ AMOLED Display' '50MP + 2MP Depth + AI Lens | 16MP Front Camera' '5000 mAh Li-ion Polymer Battery' 'MediaTek Helio G88 Processor' '1 Year on Handset and 6 Months on Accessories'],mobiles
REDMI Note 10T 5G (Graphite Black 64 GB),REDMI,12999,16999,23% off,4.3,43556 Ratings & 3156 Reviews,['4 GB RAM | 64 GB ROM' '16.66 cm (6.56 inch) Full HD+ Display' '48MP Primary Camera + 2MP Macro Lens + 2MP Depth Sensor | 8MP Front Camera' '5000 mAh Lithium Polymer Battery' 'Mediatek Dimensity 700 Processor' 'Max GPU Frequency: 950 MHz Supports GAME Turbo 3.0 UFS2.2 Storage Reading Mode 3.0 360 Degree Ambient Light Sensors Supports 18W Fast Charging' '1 Year Manufacturer Warranty for Phone and 6 Months Warranty for In the Box Accessories'],mobiles
Infinix Note 12 TURBO (Snowfall 128 GB),Infinix,12999,19999,35% off,4.2,6620 Ratings & 866 Reviews,['8 GB RAM | 128 GB ROM | Expandable Upto 512 GB' '17.02 cm (6.7 inch) Full HD+ AMOLED Display' '50 MP + 2 MP Depth Lens + AI lens | 16MP Front Camera' '5000 mAh Li-ion Polymer Battery' 'Mediatek Helio G96 Processor' '1 Year on Handset and 6 Months on Accessories'],mobiles
MOTOROLA g82 5G (Meterorite Grey 128 GB),MOTOROLA,21499,25999,17% off,4.1,2817 Ratings & 367 Reviews,['8 GB RAM | 128 GB ROM | Expandable Upto 1 TB' '16.76 cm (6.6 inch) Full HD+ Display' '50MP + 8MP + 2MP | 16MP Front Camera' '5000 mAh Lithium Battery' 'Qualcomm Snapdragon 695 5G Processor' '1 Year on Handset and 6 Months on Accessories'],mobiles
SAMSUNG Galaxy F22 (Denim Black 128 GB),SAMSUNG,13499,16999,20% off,4.3,63626 Ratings & 5869 Reviews,['6 GB RAM | 128 GB ROM | Expandable Upto 1 TB' '16.26 cm (6.4 inch) HD+ Display' '48MP + 8MP + 2MP + 2MP | 13MP Front Camera' '6000 mAh Lithium-ion Battery' 'MediaTek Helio G80 Processor' '1 Year Warranty Provided by the Manufacturer from Date of Purchase'],mobiles
REDMI 10A (Sea Blue 32 GB),REDMI,7547,7675,1% off,4.1,688 Ratings & 49 Reviews,['3 GB RAM | 32 GB ROM' '16.59 cm (6.53 inch) Display' '13MP Rear Camera' '5000 mAh Battery' '12 months'],mobiles
REDMI 10A (Sea Blue 64 GB),REDMI,8280,8990,7% off,4.1,4615 Ratings & 298 Reviews,['4 GB RAM | 64 GB ROM' '16.59 cm (6.53 inch) Display' '13MP Rear Camera' '5000 mAh Battery' '12 months Warranty'],mobiles
APPLE iPhone 11 (White 64 GB),APPLE,40999,43900,6% off,4.6,173956 Ratings & 10293 Reviews,['64 GB ROM' '15.49 cm (6.1 inch) Liquid Retina HD Display' '12MP + 12MP | 12MP Front Camera' 'A13 Bionic Chip Processor' 'Brand Warranty of 1 Year'],mobiles
Infinix Note 11 (Glacier Green 64 GB),Infinix,11499,14999,23% off,4.3,38076 Ratings & 4596 Reviews,['4 GB RAM | 64 GB ROM | Expandable Upto 512 GB' '17.02 cm (6.7 inch) Full HD+ AMOLED Display' '50 MP + 2 MP + AI Lens | 16MP Front Camera' '5000 mAh Li-ion Polymer Battery' 'Mediatek Helio G88 Processor' '1 Year on Handset and 6 Months on Accessories'],mobiles
REDMI Note 10T 5G (Metallic Blue 64 GB),REDMI,12999,16999,23% off,4.3,43556 Ratings & 3156 Reviews,['4 GB RAM | 64 GB ROM' '16.66 cm (6.56 inch) Full HD+ Display' '48MP Primary Camera + 2MP Macro Lens + 2MP Depth Sensor | 8MP Front Camera' '5000 mAh Lithium Polymer Battery' 'Mediatek Dimensity 700 Processor' 'Max GPU Frequency: 950 MHz Supports GAME Turbo 3.0 UFS2.2 Storage Reading Mode 3.0 360 Degree Ambient Light Sensors Supports 18W Fast Charging' '1 Year Manufacturer Warranty for Phone and 6 Months Warranty for In the Box Accessories'],mobiles
Infinix Note 11 (Glacier Green 128 GB),Infinix,11499,16999,32% off,4.2,10072 Ratings & 1197 Reviews,['6 GB RAM | 128 GB ROM | Expandable Upto 512 GB' '17.02 cm (6.7 inch) Full HD+ AMOLED Display' '50 MP + 2 MP Depth Lens + AI Lens | 16MP Front Camera' '5000 mAh Li-ion Polymer Battery' 'Mediatek Helio G88 Processor' '1 Year on Handset and 6 Months on Accessories'],mobiles
POCO M4 Pro (Yellow 128 GB),POCO,13999,21999,36% off,4.3,11823 Ratings & 1035 Reviews,['8 GB RAM | 128 GB ROM | Expandable Upto 1 TB' '16.33 cm (6.43 inch) Full HD+ AMOLED Display' '64MP + 8MP + 2MP | 16MP Front Camera' '5000 mAh Lithium-ion Polymer Battery' 'Mediatek Helio G96 Processor' 'One Year for Handset 6 Months for Accessories'],mobiles
Redmi 9A Sport (Metallic Blue 32 GB),Redmi,7181,7930,9% off,4.2,5722 Ratings & 431 Reviews,['3 GB RAM | 32 GB ROM | Expandable Upto 512 GB' '16.59 cm (6.53 inch) HD+ Display' '13MP Rear Camera | 5MP Front Camera' '5000 mAh Battery' 'MediaTek Helio G25 Processor' '1 year manufacturer warranty for device and 6 months manufacturer warranty for in-box accessories including batteries from the date of purchase'],mobiles
realme C30s (Stripe Black 64 GB),realme,7999,11999,33% off,4.3,2609 Ratings & 145 Reviews,['4 GB RAM | 64 GB ROM | Expandable Upto 1 TB' '16.51 cm (6.5 inch) HD+ Display' '8MP Rear Camera | 5MP Front Camera' '5000 mAh Lithium Ion Battery' 'Unisoc SC9863A/ Unisoc SC9863A1 Processor' '1 Year Manufacturer Warranty for Phone and 6 Months Warranty for In-Box Accessories'],mobiles
MOTOROLA g22 (Iceberg Blue 64 GB),MOTOROLA,9999,13999,28% off,3.7,25743 Ratings & 3103 Reviews,['4 GB RAM | 64 GB ROM | Expandable Upto 1 TB' '16.51 cm (6.5 inch) HD+ Display' '50MP + 8MP + 2MP + 2MP | 16MP Front Camera' '5000 mAh Lithium Ion Battery' 'Mediatek Helio G37 Processor' '1 Year on Handset and 6 Months on Accessories'],mobiles
Infinix Note 12 Pro 5G (Force Black 128 GB),Infinix,16199,24999,35% off,4.1,13558 Ratings & 1808 Reviews,['8 GB RAM | 128 GB ROM | Expandable Upto 2 TB' '17.02 cm (6.7 inch) Full HD+ AMOLED Display' '108MP + 2MP (Depth) + 2MP (Macro) | 16MP Front Camera' '5000 mAh Li-ion Polymer Battery' 'Mediatek Dimensity 810 5G Processor' '1 Year on Handset and 6 Months on Accessories'],mobiles
SAMSUNG GALAXY M13 5G (?Stardust Brown 128 GB),SAMSUNG,14225,15989,11% off,4.1,247 Ratings & 16 Reviews,['6 GB RAM | 128 GB ROM' '16.51 cm (6.5 inch) Display' '50MP Rear Camera' '5000 mAh Battery' '12 MONTHS'],mobiles
vivo T1 Pro 5G (Turbo Black 128 GB),vivo,23999,28990,17% off,4.3,7020 Ratings & 676 Reviews,['6 GB RAM | 128 GB ROM' '16.36 cm (6.44 inch) Full HD+ AMOLED Display' '64MP + 8MP + 2MP | 16MP Front Camera' '4700 mAh Lithium Battery' 'Qualcomm Snapdragon 778G 5G Mobile Platform Processor' '1 Year Handset and 6 Months Accessories'],mobiles
MOTOROLA g72 (Meteorite Grey 128 GB),MOTOROLA,14999,21999,31% off,4.0,2545 Ratings & 438 Reviews,['6 GB RAM | 128 GB ROM | Expandable Upto 1 TB' '16.64 cm (6.55 inch) Full HD+ Display' '108MP + 8MP + 2MP | 16MP Front Camera' '5000 mAh Lithium Battery' 'Mediatek Helio G99 Processor' '1 Year on Handset and 6 Months on Accessories'],mobiles
LAVA A3,LAVA,1212,1319,8% off,4.2,26963 Ratings & 2780 Reviews,['4 MB RAM | 3 MB ROM | Expandable Upto 32 GB' '4.5 cm (1.77 inch) Display' '0.3MP Rear Camera' '1750 mAh Battery' '1 year manufacturer Replacement for device and 6 months manufacturer warranty for in-box accessories including batteries from the date of purchase'],mobiles
DIZO Star 500,DIZO,1799,1999,10% off,4.0,11972 Ratings & 1437 Reviews,['32 MB RAM | 32 MB ROM | Expandable Upto 64 GB' '7.11 cm (2.8 inch) QVGA Display' '0.3MP Rear Camera' '1900 mAh Battery' 'SC6531E Processor' '1 Year Warranty'],mobiles
Xiaomi 11i Hypercharge 5G (Purple Mist 128 GB),Xiaomi,26999,33999,20% off,4.2,6278 Ratings & 699 Reviews,['8 GB RAM | 128 GB ROM | Expandable Upto 1 TB' '16.94 cm (6.67 inch) Full HD+ AMOLED Display' '108MP + 8MP + 2MP | 16MP Front Camera' '4500 mAh Li-Polymer Battery' 'Mediatek Dimensity 920 Processor' '1 Year Manufacturer Warranty for Phone and 6 Months Warranty for In the Box Accessories'],mobiles
REDMI Note 10T 5G (Mint Green 128 GB),REDMI,14999,18999,21% off,4.2,30151 Ratings & 2337 Reviews,['6 GB RAM | 128 GB ROM' '16.66 cm (6.56 inch) Full HD+ Display' '48MP Primary Camera + 2MP Macro Lens + 2MP Depth Sensor | 8MP Front Camera' '5000 mAh Lithium Polymer Battery' 'Mediatek Dimensity 700 Processor' 'Max GPU Frequency: 950 MHz Supports GAME Turbo 3.0 UFS2.2 Storage Reading Mode 3.0 360 Degree Ambient Light Sensors Supports 18W Fast Charging' '1 Year Manufacturer Warranty for Phone and 6 Months Warranty for In the Box Accessories'],mobiles
REDMI 9 Activ (Carbon Black 128 GB),REDMI,10499,12999,19% off,4.2,4326 Ratings & 287 Reviews,['6 GB RAM | 128 GB ROM | Expandable Upto 512 GB' '16.59 cm (6.53 inch) HD+ Display' '13MP + 2MP | 5MP Front Camera' '5000 mAh Lithium Polymer Battery' 'Mediatek Helio G35 Processor' '1 Year Warranty on Mobile Device and 6 months on Accessories'],mobiles
MOTOROLA Edge 30 (Aurora Green 128 GB),MOTOROLA,24999,34999,28% off,4.1,3232 Ratings & 488 Reviews,['8 GB RAM | 128 GB ROM' '16.64 cm (6.55 inch) Full HD+ Display' '50MP + 50MP + 2MP | 32MP Front Camera' '4020 mAh Lithium Battery' 'Qualcomm Snapdragon 778G Plus Processor' '1 Year on Handset and 6 Months on Accessories'],mobiles
Infinix Hot 11S (Silver Wave 128 GB),Infinix,9999,14999,33% off,4.3,47349 Ratings & 5074 Reviews,['4 GB RAM | 128 GB ROM | Expandable Upto 256 GB' '17.22 cm (6.78 inch) Full HD+ Display' '50 MP + 2 MP + AI Lens | 8MP Front Camera' '5000 mAh Li-ion Polymer Battery' 'Mediatek Helio G88 Processor' '1 Year on Handset and 6 Months on Accessories'],mobiles
OPPO F19 (Midnight Blue 128 GB),OPPO,15490,20990,26% off,4.3,21450 Ratings & 1580 Reviews,['6 GB RAM | 128 GB ROM | Expandable Upto 256 GB' '16.33 cm (6.43 inch) Full HD+ Display' '48MP + 2MP + 2MP | 16MP Front Camera' '5000 mAh Battery' 'Qualcomm Snapdragon 662 Processor' 'Brand Warranty of 1 Year Available for Mobile Including Battery and 6 Months for Accessories'],mobiles
Infinix Note 12 Pro 5G (Snowfall 128 GB),Infinix,16199,24999,35% off,4.1,13558 Ratings & 1808 Reviews,['8 GB RAM | 128 GB ROM | Expandable Upto 2 TB' '17.02 cm (6.7 inch) Full HD+ AMOLED Display' '108MP + 2MP (Depth) + 2MP (Macro) | 16MP Front Camera' '5000 mAh Li-ion Polymer Battery' 'Mediatek Dimensity 810 5G Processor' '1 Year on Handset and 6 Months on Accessories'],mobiles
Xiaomi 11i Hypercharge 5G (Pacific Pearl 128 GB),Xiaomi,26999,33999,20% off,4.2,6278 Ratings & 699 Reviews,['8 GB RAM | 128 GB ROM | Expandable Upto 1 TB' '16.94 cm (6.67 inch) Full HD+ AMOLED Display' '108MP + 8MP + 2MP | 16MP Front Camera' '4500 mAh Li-Polymer Battery' 'Mediatek Dimensity 920 Processor' '1 Year Manufacturer Warranty for Phone and 6 Months Warranty for In the Box Accessories'],mobiles
Itel Ace 2N,Itel,899,915,1% off,4.1,303 Ratings & 17 Reviews,['4 MB RAM | 4 MB ROM | Expandable Upto 32 GB' '4.57 cm (1.8 inch) Quarter QVGA Display' '0MP Front Camera' '1000 mAh Lithium Ion Battery' 'Mediatek MT6261D Processor' '12+1 Month Warranty on Device and 6 Months on Accessories'],mobiles
realme 9 5G SE (Starry Glow 128 GB),realme,17249,24999,31% off,4.4,24457 Ratings & 2026 Reviews,['6 GB RAM | 128 GB ROM | Expandable Upto 1 TB' '16.76 cm (6.6 inch) Full HD+ Display' '48MP + 2MP + 2MP | 16MP Front Camera' '5000 mAh Lithium Polymer Battery' 'Qualcomm Snapdragon 778G Processor' '1 Year Warranty for Phone and 6 Months Warranty for In-Box Accessories'],mobiles
Infinix Note 12 5G (Snowfall 64 GB),Infinix,13999,19999,30% off,4.2,9846 Ratings & 1154 Reviews,['6 GB RAM | 64 GB ROM | Expandable Upto 2 TB' '17.02 cm (6.7 inch) Full HD+ AMOLED Display' '50 MP + 2 MP Depth Lens + AI Lens | 16MP Front Camera' '5000 mAh Li-ion Polymer Battery' 'Mediatek Dimensity 810 5G Processor' '1 Year on Handset and 6 Months on Accessories'],mobiles
Infinix Note 12 5G (Force Black 64 GB),Infinix,13999,19999,30% off,4.2,9846 Ratings & 1154 Reviews,['6 GB RAM | 64 GB ROM | Expandable Upto 2 TB' '17.02 cm (6.7 inch) Full HD+ AMOLED Display' '50 MP + 2 MP Depth Lens + AI Lens | 16MP Front Camera' '5000 mAh Li-ion Polymer Battery' 'Mediatek Dimensity 810 5G Processor' '1 Year on Handset and 6 Months on Accessories'],mobiles
POCO X4 Pro 5G (Yellow 128 GB),POCO,18999,25999,26% off,4.1,13377 Ratings & 1407 Reviews,['8 GB RAM | 128 GB ROM | Expandable Upto 1 TB' '16.94 cm (6.67 inch) Full HD+ Super AMOLED Display' '64MP + 8MP + 2MP | 16MP Front Camera' '5000 mAh Lithium-ion Polymer Battery' 'Qualcomm Snapdragon 695 5G Processor' 'One Year for Handset 6 Months for Accessories'],mobiles
REDMI Note 10S (Frost White 64 GB),REDMI,12999,16999,23% off,4.4,82035 Ratings & 5584 Reviews,['6 GB RAM | 64 GB ROM | Expandable Upto 512 GB' '16.33 cm (6.43 inch) Full HD+ Super AMOLED Display' '64MP + 8MP + 2MP + 2MP | 13MP Front Camera' '5000 mAh Lithium-Ploymer Battery' 'Mediatek Helio G95 Processor' '1 Year Manufacturer Warranty for Phone and 6 Months Warranty for In the Box Accessories'],mobiles
Infinix HOT 20 Play (Fantasy Purple 64 GB),Infinix,8999,11999,25% off,4.4,159 Ratings & 20 Reviews,['4 GB RAM | 64 GB ROM | Expandable Upto 256 GB' '17.32 cm (6.82 inch) HD+ Display' '13Mp + AI Lens | 8MP Front Camera' '6000 mAh Li-ion Polymer Battery' 'MediaTek G37 Processor' '1 Year on Handset and 6 Months on Accessories'],mobiles
Infinix HOT 20 Play (Racing Black 64 GB),Infinix,8999,11999,25% off,4.4,159 Ratings & 20 Reviews,['4 GB RAM | 64 GB ROM | Expandable Upto 256 GB' '17.32 cm (6.82 inch) HD+ Display' '13Mp + AI Lens | 8MP Front Camera' '6000 mAh Li-ion Polymer Battery' 'MediaTek G37 Processor' '1 Year on Handset and 6 Months on Accessories'],mobiles
Infinix HOT 20 Play (Luna Blue 64 GB),Infinix,8999,11999,25% off,4.4,159 Ratings & 20 Reviews,['4 GB RAM | 64 GB ROM | Expandable Upto 256 GB' '17.32 cm (6.82 inch) HD+ Display' '13Mp + AI Lens | 8MP Front Camera' '6000 mAh Li-ion Polymer Battery' 'MediaTek G37 Processor' '1 Year on Handset and 6 Months on Accessories'],mobiles
Infinix HOT 20 Play (Aurora Green 64 GB),Infinix,8999,11999,25% off,4.4,159 Ratings & 20 Reviews,['4 GB RAM | 64 GB ROM | Expandable Upto 256 GB' '17.32 cm (6.82 inch) HD+ Display' '13Mp + AI Lens | 8MP Front Camera' '6000 mAh Li-ion Polymer Battery' 'MediaTek G37 Processor' '1 Year on Handset and 6 Months on Accessories'],mobiles
APPLE iPhone 12 Mini 5G (Blue 64 GB),APPLE,37999,59900,36% off,4.5,120853 Ratings & 9681 Reviews,['64 GB ROM' '13.72 cm (5.4 inch) Super Retina XDR Display' '12MP + 12MP | 12MP Front Camera' 'A14 Bionic Chip with Next Generation Neural Engine Processor' 'Ceramic Shield' 'Industry-leading IP68 Water Resistance' 'All Screen OLED Display' '12MP TrueDepth Front Camera with Night Mode 4K Dolby Vision HDR Recording' 'Brand Warranty for 1 Year'],mobiles
Redmi Note 11 (Horizon Blue 64 GB),Redmi,13930,14359,2% off,4.2,8681 Ratings & 690 Reviews,['6 GB RAM | 64 GB ROM' '16.33 cm (6.43 inch) Display' '50MP Rear Camera' '5000 mAh Battery' '12 months'],mobiles
Redmi Note 11 (Horizon Blue 128 GB),Redmi,14294,19999,28% off,4.2,8681 Ratings & 690 Reviews,['6 GB RAM | 128 GB ROM' '16.33 cm (6.43 inch) Display' '50MP Rear Camera' '5000 mAh Battery' '12 months'],mobiles
LAVA A1 Super 2021,LAVA,1199,1340,10% off,4.0,2013 Ratings & 157 Reviews,['32 MB RAM | 24 MB ROM | Expandable Upto 32 GB' '4.5 cm (1.77 inch) Quarter QVGA Display' '0.3MP Rear Camera' '800 mAh Li-ion Battery' '1 Year Manufacturer Replacement Guarantee for Phone and 6 months Replacement for Accessories in the Box'],mobiles
realme C11 2021 (Cool Grey 32 GB),realme,7499,7999,6% off,4.4,232910 Ratings & 10157 Reviews,['2 GB RAM | 32 GB ROM | Expandable Upto 256 GB' '16.51 cm (6.5 inch) HD+ Display' '8MP Rear Camera | 5MP Front Camera' '5000 mAh Battery' 'Octa-core Processor' '1 Year Warranty for Mobile and 6 Months for Accessories'],mobiles
realme C11 2021 (Cool Blue 32 GB),realme,7499,7999,6% off,4.4,232910 Ratings & 10157 Reviews,['2 GB RAM | 32 GB ROM | Expandable Upto 256 GB' '16.51 cm (6.5 inch) HD+ Display' '8MP Rear Camera | 5MP Front Camera' '5000 mAh Battery' 'Octa-core Processor' '1 Year Warranty for Mobile and 6 Months for Accessories'],mobiles
vivo Y15s (Mystic Blue 32 GB),vivo,9499,13990,32% off,4.3,3320 Ratings & 244 Reviews,['3 GB RAM | 32 GB ROM | Expandable Upto 1 TB' '16.54 cm (6.51 inch) HD+ Display' '13MP + 2MP | 8MP Front Camera' '5000 mAh Lithium Battery Battery' 'Mediatek Helio P35 Processor' '1 Year for Device & 6 Months for In-Box Accessories'],mobiles
REDMI 10A (Charcoal Black 64 GB),REDMI,8095,8678,6% off,4.1,4615 Ratings & 298 Reviews,['4 GB RAM | 64 GB ROM' '16.59 cm (6.53 inch) Display' '13MP Rear Camera' '5000 mAh Battery' '12 months'],mobiles
Tecno Spark 8T (Atlantic Blue 64 GB),Tecno,8999,10290,12% off,4.2,302 Ratings & 31 Reviews,['4 GB RAM | 64 GB ROM | Expandable Upto 256 GB' '16.76 cm (6.6 inch) HD+ Display' '50MP Rear Camera | 8MP Front Camera' '5000 mAh Battery' 'MediaTek Helio G35 Processor' '1 Year Manufacturer Warranty for Handset and 6 Months Warranty for In the Box Accessories'],mobiles
SAMSUNG Guru Music 2,SAMSUNG,1850,1950,5% off,4.3,195471 Ratings & 18271 Reviews,['NA ROM | Expandable Upto 16 GB' '5.08 cm (2 inch) QVGA Display' '0MP Front Camera' '800 mAh Li-Ion Battery' 'NA 0 Single Core 208MHz Processor' '1 Year Manufacturer Warranty'],mobiles
Nothing Phone (1) (Black 256 GB),Nothing,29499,39999,26% off,4.3,36407 Ratings & 4965 Reviews,['8 GB RAM | 256 GB ROM' '16.64 cm (6.55 inch) Full HD+ Display' '50MP + 50MP | 16MP Front Camera' '4500 mAh Lithium-ion Battery' 'Qualcomm Snapdragon 778G+ Processor' 'Meet the Glyph Interface. A New Way to Communicate' '1 Billion Colours True-to-Life Full HD Flexible OLED Display with HDR10+ for Richer Colour and Deeper Contrasts.' '1 Year Warranty'],mobiles
REDMI K50i 5G (Stealth Black 128 GB),REDMI,22890,24989,8% off,4.2,775 Ratings & 118 Reviews,['6 GB RAM | 128 GB ROM' '16.76 cm (6.6 inch) Display' '64MP Rear Camera' '5080 mAh Battery' '12 months'],mobiles
MOTOROLA g31 (Baby Blue 64 GB),MOTOROLA,10499,13999,25% off,4.2,31207 Ratings & 3654 Reviews,['4 GB RAM | 64 GB ROM | Expandable Upto 1 TB' '16.26 cm (6.4 Inch) Full HD+ Display' '50MP + 8MP + 2MP | 13MP Front Camera' '5000 mAh LiPo Battery' 'Mediatek Helio G85 Processor' '1 Year on Handset and 6 Months on Accessories'],mobiles
MOTOROLA g42 (Atlantic Green 64 GB),MOTOROLA,10999,16999,35% off,4.1,2443 Ratings & 322 Reviews,['4 GB RAM | 64 GB ROM' '16.43 cm (6.47 inch) Full HD+ AMOLED Display' '50MP + 8MP + 2MP | 16MP Front Camera' '5000 mAh Lithium polymer Battery' 'Qualcomm Snapdragon 680 Processor' '1 Year on Handset and 6 Months on Accessories'],mobiles
SAMSUNG GT-E1215ZWAINS,SAMSUNG,1299,1410,7% off,4.3,33772 Ratings & 2915 Reviews,['NA ROM' '3.81 cm (1.5 inch) NA Display' '800 mAh Battery' '0 0 0 0 Processor Processor' '1 Year for Mobile & 6 Months for Accessories'],mobiles
REDMI 10A (Charcoal Black 32 GB),REDMI,7989,10999,27% off,4.1,1430 Ratings & 96 Reviews,['3 GB RAM | 32 GB ROM' '16.59 cm (6.53 inch) Display' '13MP Rear Camera' '5000 mAh Battery' '12 months'],mobiles
vivo T1 Pro 5G (Turbo Cyan 128 GB),vivo,24999,30990,19% off,4.3,13998 Ratings & 1501 Reviews,['8 GB RAM | 128 GB ROM' '16.36 cm (6.44 inch) Full HD+ AMOLED Display' '64MP + 8MP + 2MP | 16MP Front Camera' '4700 mAh Lithium Battery' 'Qualcomm Snapdragon 778G 5G Mobile Platform Processor' '1 Year Handset and 6 Months Accessories'],mobiles
Redmi 9A Sport (Carbon Black 32 GB),Redmi,7019,7889,11% off,4.2,5722 Ratings & 431 Reviews,['3 GB RAM | 32 GB ROM | Expandable Upto 512 GB' '16.59 cm (6.53 inch) HD+ Display' '13MP Rear Camera | 5MP Front Camera' '5000 mAh Battery' 'MediaTek Helio G25 Processor' '1 year manufacturer warranty for device and 6 months manufacturer warranty for in-box accessories including batteries from the date of purchase'],mobiles
Google Pixel 6a (Charcoal 128 GB),Google,29999,43999,31% off,4.3,20424 Ratings & 2638 Reviews,['6 GB RAM | 128 GB ROM' '15.6 cm (6.14 inch) Full HD+ Display' '12.2MP + 12MP | 8MP Front Camera' '4410 mAh Battery' 'Google Tensor Processor' '1 Year Brand Warranty'],mobiles
Google Pixel 6a (Chalk 128 GB),Google,29999,43999,31% off,4.3,20424 Ratings & 2638 Reviews,['6 GB RAM | 128 GB ROM' '15.6 cm (6.14 inch) Full HD+ Display' '12.2MP + 12MP | 8MP Front Camera' '4410 mAh Battery' 'Google Tensor Processor' '1 Year Brand Warranty'],mobiles
Kechaoda K115,Kechaoda,1199,1249,4% off,4.1,28433 Ratings & 2208 Reviews,['32 MB RAM | 32 MB ROM' '3.66 cm (1.44 inch) QVGA Display' '0.3MP Rear Camera' '1000 mAh Battery' '6 Months'],mobiles
APPLE iPhone 12 Mini 5G (White 128 GB),APPLE,43999,64900,32% off,4.5,120853 Ratings & 9681 Reviews,['128 GB ROM' '13.72 cm (5.4 inch) Super Retina XDR Display' '12MP + 12MP | 12MP Front Camera' 'A14 Bionic Chip with Next Generation Neural Engine Processor' 'Ceramic Shield' 'Industry-leading IP68 Water Resistance' 'All Screen OLED Display' '12MP TrueDepth Front Camera with Night Mode 4K Dolby Vision HDR Recording' 'Brand Warranty for 1 Year'],mobiles
REDMI Note 10S (Deep Sea Blue 64 GB),REDMI,12999,16999,23% off,4.4,82035 Ratings & 5584 Reviews,['6 GB RAM | 64 GB ROM | Expandable Upto 512 GB' '16.33 cm (6.43 inch) Full HD+ Super AMOLED Display' '64MP + 8MP + 2MP + 2MP | 13MP Front Camera' '5000 mAh Lithium-Ploymer Battery' 'Mediatek Helio G95 Processor' '1 Year Manufacturer Warranty for Phone and 6 Months Warranty for In the Box Accessories'],mobiles
POCO F4 5G (Night Black 128 GB),POCO,26999,34999,22% off,4.3,4074 Ratings & 566 Reviews,['8 GB RAM | 128 GB ROM' '16.94 cm (6.67 inch) Full HD+ Display' '64MP + 8MP + 2MP | 20MP Front Camera' '4500 mAh Lithium-ion Polymer Battery' 'Qualcomm Snapdragon 870 Processor' '2 Years Brand Warranty'],mobiles
Kechaoda K112,Kechaoda,1608,1799,10% off,4.0,18863 Ratings & 2012 Reviews,['32 MB RAM | 64 MB ROM | Expandable Upto 32 GB' '6.1 cm (2.4 inch) QVGA Display' '0.3MP Rear Camera' '3600 mAh Battery' '1 Year Manufacturer Warranty'],mobiles
POCO M5 (Power Black 64 GB),POCO,12499,15999,21% off,4.3,2557 Ratings & 193 Reviews,['4 GB RAM | 64 GB ROM | Expandable Upto 512 GB' '16.71 cm (6.58 inch) Full HD+ Display' '50MP + 2MP Depth Sensor + 2MP Macro Sensor | 8MP Front Camera' '5000 mAh Lithium-ion Polymer Battery' 'Mediatek Helio G99 Processor' '1 Year for Handset 6 Months for Accessories'],mobiles
Itel Power 410,Itel,1499,1559,3% off,4.1,1639 Ratings & 158 Reviews,['4 MB RAM | 4 MB ROM | Expandable Upto 32 GB' '6.1 cm (2.4 inch) Display' '0.3MP Rear Camera' '2500 mAh Lithium-ion Battery' 'SC6531E Processor' '1 Year Manufacturer Warranty for Device and 6 Months Manufacturer Warranty for In-box Accessories Including Batteries from the Date of Purchase'],mobiles
REDMI 9 Activ (Coral Green 128 GB),REDMI,10499,12999,19% off,4.2,4326 Ratings & 287 Reviews,['6 GB RAM | 128 GB ROM | Expandable Upto 512 GB' '16.59 cm (6.53 inch) HD+ Display' '13MP + 2MP | 5MP Front Camera' '5000 mAh Lithium Polymer Battery' 'Mediatek Helio G35 Processor' '1 Year Manufacturer Warranty for Phone and 6 Months Warranty for in the Box Accessories'],mobiles
realme 9 Pro 5G (Aurora Green 128 GB),realme,18999,21999,13% off,4.4,77297 Ratings & 6550 Reviews,['6 GB RAM | 128 GB ROM | Expandable Upto 256 GB' '16.76 cm (6.6 inch) Full HD+ Display' '64MP + 8MP + 2MP | 16MP Front Camera' '5000 mAh Li-ion Battery' 'Qualcomm Snapdragon 695 Processor' '1 Year Warranty for Phone and 6 Months Warranty for In-Box Accessories'],mobiles
LAVA Flip,LAVA,1999,2048,2% off,4.2,1336 Ratings & 110 Reviews,['56 MB RAM | 56 MB ROM' '6.1 cm (2.4 inch) Display' '0.08MP Rear Camera' '1200 mAh Battery' '1 Year Manufacturer Replacement Guarantee for Phone and 6 Months Replacement for Accessories in the Box'],mobiles
SAMSUNG Galaxy A33 (Awesome Peach 128 GB),SAMSUNG,25999,32990,21% off,4.1,1368 Ratings & 141 Reviews,['6 GB RAM | 128 GB ROM | Expandable Upto 1 TB' '16.26 cm (6.4 inch) Full HD+ Display' '48MP + 8MP + 5MP + 2MP | 13MP Front Camera' '5000 mAh Li-ion Battery' 'Exynos 1280 Processor' '1 Year Manufacturer Warranty for Device and 6 Months Manufacturer Warranty for In-Box'],mobiles
Nothing Phone (1) (White 256 GB),Nothing,33499,42999,22% off,4.3,5601 Ratings & 644 Reviews,['12 GB RAM | 256 GB ROM' '16.64 cm (6.55 inch) Full HD+ Display' '50MP + 50MP | 16MP Front Camera' '4500 mAh Lithium-ion Battery' 'Qualcomm Snapdragon 778G+ Processor' 'Meet the Glyph Interface. A New Way to Communicate' '1 Billion Colours True-to-Life Full HD Flexible OLED Display with HDR10+ for Richer Colour and Deeper Contrasts.' '1 Year Warranty'],mobiles
Micromax X708,Micromax,1259,1325,4% off,3.9,1630 Ratings & 120 Reviews,['32 MB RAM | 32 MB ROM' '6.1 cm (2.4 inch) Display' '0.3MP Rear Camera' '1450 mAh Battery' 'One Year manufacturer Warranty'],mobiles
SAMSUNG GALAXY M13 (Stardust Brown 64 GB),SAMSUNG,10295,10699,3% off,4.2,1523 Ratings & 101 Reviews,['4 GB RAM | 64 GB ROM' '16.76 cm (6.6 inch) Display' '50MP Rear Camera' '6000 mAh Battery' '1 year for phone & 6 months for accessories'],mobiles
REDMI 10A (Slate grey 64 GB),REDMI,8228,9200,10% off,4.1,6487 Ratings & 414 Reviews,['4 GB RAM | 64 GB ROM' '16.59 cm (6.53 inch) Display' '13MP Rear Camera' '5000 mAh Battery' '12 months'],mobiles
Infinix Note 12 TURBO (Jewel Blue 128 GB),Infinix,12999,19999,35% off,4.2,6620 Ratings & 866 Reviews,['8 GB RAM | 128 GB ROM | Expandable Upto 512 GB' '17.02 cm (6.7 inch) Full HD+ AMOLED Display' '50 MP + 2 MP Depth Lens + AI lens | 16MP Front Camera' '5000 mAh Li-ion Polymer Battery' 'Mediatek Helio G96 Processor' '1 Year on Handset and 6 Months on Accessories'],mobiles
vivo Y16 (Drizzling Gold 32 GB),vivo,9999,12999,23% off,4.2,502 Ratings & 34 Reviews,['3 GB RAM | 32 GB ROM | Expandable Upto 1 TB' '16.54 cm (6.51 inch) HD+ Display' '13MP + 2MP | 5MP Front Camera' '5000 mAh Lithium Battery' 'Mediatek Helio P35 Processor' '1 Year of Device & 6 Months for In-Box Accessories'],mobiles
Itel It2171,Itel,1069,1149,6% off,4.1,3468 Ratings & 319 Reviews,['32 MB RAM | 32 MB ROM | Expandable Upto 32 GB' '4.57 cm (1.8 inch) Quarter QVGA Display' '0.3MP Rear Camera' '1000 mAh Battery' '100 Days Replacement Warranty 1 year warranty for Handset & 6 Months Warranty for Accessories'],mobiles
Xiaomi 11i 5G (Stealth Black 128 GB),Xiaomi,26999,31999,15% off,4.2,20066 Ratings & 2544 Reviews,['8 GB RAM | 128 GB ROM | Expandable Upto 1 TB' '16.94 cm (6.67 inch) Full HD+ AMOLED Display' '108MP Rear Camera | 16MP Front Camera' '5160 mAh Li-Polymer Battery' 'Mediatek Dimensity 920 Processor' '1 Year Manufacturer Warranty for Phone and 6 Months Warranty for in the Box Accessories'],mobiles
Nokia 150 DS 2020,Nokia,2728,2788,2% off,4.1,19860 Ratings & 1569 Reviews,['4 MB RAM | 4 MB ROM | Expandable Upto 32 GB' '6.1 cm (2.4 inch) Display' '0.3MP Rear Camera' '1020 mAh Lithium-ion Battery' 'MediaTek Processor' '1 Year Manufacturer Warranty for Device and 6 Months Manufacturer Warranty for In-box Accessories Including Batteries from the Date of Purchase'],mobiles
POCO M5 (Icy Blue 64 GB),POCO,12499,15999,21% off,4.3,2557 Ratings & 193 Reviews,['4 GB RAM | 64 GB ROM | Expandable Upto 512 GB' '16.71 cm (6.58 inch) Full HD+ Display' '50MP + 2MP Depth Sensor + 2MP Macro Sensor | 8MP Front Camera' '5000 mAh Lithium-ion Polymer Battery' 'Mediatek Helio G99 Processor' '1 Year for Handset 6 Months for Accessories'],mobiles
realme C11 2021 (Cool Grey 64 GB),realme,8999,9999,10% off,4.3,204123 Ratings & 11085 Reviews,['4 GB RAM | 64 GB ROM | Expandable Upto 256 GB' '16.51 cm (6.5 inch) HD+ Display' '8MP Rear Camera | 5MP Front Camera' '5000 mAh Battery' 'Octa-core Processor' '1 Year Warranty for Mobile and 6 Months for Accessories'],mobiles
APPLE iPhone 11 (Purple 64 GB),APPLE,40999,43900,6% off,4.6,173956 Ratings & 10293 Reviews,['64 GB ROM' '15.49 cm (6.1 inch) Liquid Retina HD Display' '12MP + 12MP | 12MP Front Camera' 'A13 Bionic Chip Processor' 'Brand Warranty of 1 Year'],mobiles
GREENBERRI F1,GREENBERRI,1299,1499,13% off,3.9,1414 Ratings & 102 Reviews,['64 MB RAM | 64 MB ROM | Expandable Upto 32 GB' '4.57 cm (1.8 inch) Display' '2MP Rear Camera' '1050 mAh Battery' '1 Year'],mobiles
REDMI Note 11 Pro (Phantom White 128 GB),REDMI,19554,20459,4% off,4.1,597 Ratings & 41 Reviews,['8 GB RAM | 128 GB ROM' '16.94 cm (6.67 inch) Display' '108MP Rear Camera' '5000 mAh Battery' '12 months'],mobiles
REDMI NOTE 10 LITE (Aurora Blue 64 GB),REDMI,12990,13315,2% off,4.3,2082 Ratings & 166 Reviews,['4 GB RAM | 64 GB ROM' '16.94 cm (6.67 inch) Display' '48MP Rear Camera' '5020 mAh Battery' '1 Year Manufacturer Warranty'],mobiles
Kechaoda K55 Pro,Kechaoda,1299,1399,7% off,3.9,556 Ratings & 32 Reviews,['32 MB RAM | 64 MB ROM' '4.57 cm (1.8 inch) Quarter QVGA Display' '1.3MP Rear Camera' '400 mAh Battery' '1 Year Brand Service Center Warranty'],mobiles
realme 9 Pro+ 5G (Aurora Green 128 GB),realme,24999,27999,10% off,4.4,30229 Ratings & 3700 Reviews,['6 GB RAM | 128 GB ROM' '16.26 cm (6.4 inch) Full HD+ AMOLED Display' '50MP + 8MP + 2MP | 16MP Front Camera' '4500 mAh Li-ion Battery' 'Mediatek Dimensity 920 Processor' '1 Year Warranty for Phone and 6 Months Warranty for In-Box Accessories'],mobiles
vivo Y21G (Diamond Glow 64 GB),vivo,13499,17990,24% off,4.3,1913 Ratings & 156 Reviews,['4 GB RAM | 64 GB ROM | Expandable Upto 1 TB' '16.54 cm (6.51 inch) HD+ Display' '13MP + 2MP | 8MP Front Camera' '5000 mAh Lithium Battery' 'Mediatek MT6769 Helio G70 Processor' '1 Year for Device & 6 Months for In-Box Accessories'],mobiles
APPLE iPhone 13 5G (Starlight 128 GB),APPLE,62999,69900,9% off,4.7,171261 Ratings & 9345 Reviews,['128 GB ROM' '15.49 cm (6.1 inch) Super Retina XDR Display' '12MP + 12MP | 12MP Front Camera' 'A15 Bionic Chip Processor' 'Brand Warranty for 1 Year'],mobiles
APPLE iPhone 13 5G (Blue 512 GB),APPLE,83999,99900,15% off,4.7,171261 Ratings & 9345 Reviews,['512 GB ROM' '15.49 cm (6.1 inch) Super Retina XDR Display' '12MP + 12MP | 12MP Front Camera' 'A15 Bionic Chip Processor' 'Brand Warranty for 1 Year'],mobiles
Kechaoda A26,Kechaoda,1099,1190,7% off,4.1,13911 Ratings & 1005 Reviews,['32 MB RAM | 32 MB ROM | Expandable Upto 16 GB' '1.68 cm (0.66 inch) Display' '800 mAh Battery' '1 Year Company Warranty'],mobiles
APPLE iPhone 13 5G (Midnight 512 GB),APPLE,83999,99900,15% off,4.7,171261 Ratings & 9345 Reviews,['512 GB ROM' '15.49 cm (6.1 inch) Super Retina XDR Display' '12MP + 12MP | 12MP Front Camera' 'A15 Bionic Chip Processor' 'Brand Warranty for 1 Year'],mobiles
APPLE iPhone 13 5G ((PRODUCT)RED 256 GB),APPLE,69999,79900,12% off,4.7,171261 Ratings & 9345 Reviews,['256 GB ROM' '15.49 cm (6.1 inch) Super Retina XDR Display' '12MP + 12MP | 12MP Front Camera' 'A15 Bionic Chip Processor' 'Brand Warranty for 1 Year'],mobiles
SAMSUNG Galaxy S21 FE 5G (Olive 128 GB),SAMSUNG,39999,74999,46% off,4.3,27560 Ratings & 2832 Reviews,['8 GB RAM | 128 GB ROM' '16.26 cm (6.4 inch) Full HD+ Display' '12MP + 12MP + 8MP (OIS) | 32MP Front Camera' '4500 mAh Lithium-ion Battery' '1 Year Manufacturer Warranty for Device and 6 Months Manufacturer Warranty for In-Box Accessories'],mobiles
APPLE iPhone 13 5G (Starlight 512 GB),APPLE,83999,99900,15% off,4.7,171261 Ratings & 9345 Reviews,['512 GB ROM' '15.49 cm (6.1 inch) Super Retina XDR Display' '12MP + 12MP | 12MP Front Camera' 'A15 Bionic Chip Processor' 'Brand Warranty for 1 Year'],mobiles
APPLE iPhone 14 5G (Blue 128 GB),APPLE,78740,79900,1% off,4.6,773 Ratings & 57 Reviews,['128 GB ROM' '15.49 cm (6.1 inch) Super Retina XDR Display' '12MP + 12MP | 12MP Front Camera' 'A15 Bionic Chip 6 Core Processor Processor' '1 Year Warranty for Phone and 6 Months Warranty for In-Box Accessories'],mobiles
vivo Y22 (Metaverse Green 64 GB),vivo,14499,17990,19% off,4.3,377 Ratings & 26 Reviews,['4 GB RAM | 64 GB ROM | Expandable Upto 1 TB' '16.64 cm (6.55 inch) HD+ Display' '50MP + 2MP | 8MP Front Camera' '5000 mAh Lithium Battery' 'Mediatek Helio G70 Processor' '1 Year of Device & 6 Months for In-Box Accessories'],mobiles
vivo Y75 (Moonlight Shadow 128 GB),vivo,20999,25990,19% off,4.2,1356 Ratings & 117 Reviews,['8 GB RAM | 128 GB ROM | Expandable Upto 1 TB' '16.36 cm (6.44 inch) Full HD+ AMOLED Display' '50MP + 8MP + 2MP | 44MP Front Camera' '4050 mAh Lithium Battery' 'Mediatek G96 Processor' '1 Year on Handset and 6 Months on Accessories'],mobiles
Tecno Pova 3 (Tech Silver 64 GB),Tecno,11220,11349,1% off,4.2,205 Ratings & 13 Reviews,['4 GB RAM | 64 GB ROM | Expandable Upto 512 GB' '17.53 cm (6.9 inch) Full HD+ Display' '50MP + 2MP + 2MP | 8MP Front Camera' '7000 mAh Battery' 'MediaTek Helio G88 Processor' 'One Year Warranty for Handset 6 Months for Accessories'],mobiles
MOTOROLA Edge 30 (Meteor Grey 128 GB),MOTOROLA,24999,34999,28% off,4.1,3232 Ratings & 488 Reviews,['8 GB RAM | 128 GB ROM' '16.64 cm (6.55 inch) Full HD+ Display' '50MP + 50MP + 2MP | 32MP Front Camera' '4020 mAh Lithium Battery' 'Qualcomm Snapdragon 778G Plus Processor' '1 Year on Handset and 6 Months on Accessories'],mobiles
SAMSUNG Galaxy M33 5G (Mystique Green 128 GB),SAMSUNG,16987,17999,5% off,4.2,6740 Ratings & 581 Reviews,['6 GB RAM | 128 GB ROM' '16.74 cm (6.59 inch) Display' '50MP Rear Camera' '6000 mAh Battery' '12 months'],mobiles
OPPO Reno8 5G (Shimmer Black 128 GB),OPPO,29999,38999,23% off,4.3,30784 Ratings & 4052 Reviews,['8 GB RAM | 128 GB ROM' '16.33 cm (6.43 inch) Full HD Display' '50MP + 8MP + 2MP | 32MP Front Camera' '4500 mAh Lithium-ion Polymer Battery' 'Mediatek Dimensity 1300 Processor' '1 Year Warranty for Phone and 6 Months Warranty for In-Box Accessories'],mobiles
OPPO Reno8 5G (Shimmer Gold 128 GB),OPPO,29999,38999,23% off,4.3,30784 Ratings & 4052 Reviews,['8 GB RAM | 128 GB ROM' '16.33 cm (6.43 inch) Full HD Display' '50MP + 8MP + 2MP | 32MP Front Camera' '4500 mAh Lithium-ion Polymer Battery' 'Mediatek Dimensity 1300 Processor' '1 Year Warranty for Phone and 6 Months Warranty for In-Box Accessories'],mobiles
REDMI 9 Activ (Metallic Purple 128 GB),REDMI,10499,12999,19% off,4.2,4326 Ratings & 287 Reviews,['6 GB RAM | 128 GB ROM | Expandable Upto 512 GB' '16.59 cm (6.53 inch) HD+ Display' '13MP + 2MP | 5MP Front Camera' '5000 mAh Lithium Polymer Battery' 'Mediatek Helio G35 Processor' '1 Year Manufacturer Warranty for Phone and 6 Months Warranty for in the Box Accessories'],mobiles
APPLE iPhone 11 (Green 64 GB),APPLE,40999,43900,6% off,4.6,173956 Ratings & 10293 Reviews,['64 GB ROM' '15.49 cm (6.1 inch) Liquid Retina HD Display' '12MP + 12MP | 12MP Front Camera' 'A13 Bionic Chip Processor' 'Brand Warranty of 1 Year'],mobiles
MOTOROLA edge 30 (Aurora Green 128 GB),MOTOROLA,22999,30999,25% off,4.1,5903 Ratings & 861 Reviews,['6 GB RAM | 128 GB ROM' '16.64 cm (6.55 inch) Full HD+ Display' '50MP + 50MP + 2MP | 32MP Front Camera' '4020 mAh Lithium Battery' 'Qualcomm Snapdragon 778G Plus Processor' '1 Year on Handset and 6 Months on Accessories'],mobiles
realme C20 (Cool Grey 32 GB),realme,7499,7999,6% off,4.4,295689 Ratings & 14065 Reviews,['2 GB RAM | 32 GB ROM | Expandable Upto 256 GB' '16.51 cm (6.5 inch) HD+ Display' '8MP Rear Camera | 5MP Front Camera' '5000 mAh Battery' 'MediaTek Helio G35 Processor' '1 Year Warranty for Mobile and 6 Months for Accessories'],mobiles
APPLE iPhone 11 (Purple 128 GB),APPLE,45999,48900,5% off,4.6,173956 Ratings & 10293 Reviews,['128 GB ROM' '15.49 cm (6.1 inch) Liquid Retina HD Display' '12MP + 12MP | 12MP Front Camera' 'A13 Bionic Chip Processor' 'Brand Warranty of 1 Year'],mobiles
Infinix Smart 5A (Ocean Wave 32 GB),Infinix,6699,7999,16% off,4.3,78160 Ratings & 5368 Reviews,['2 GB RAM | 32 GB ROM | Expandable Upto 256 GB' '16.56 cm (6.52 inch) HD+ Display' '8MP + Depth Sensor | 8MP Front Camera' '5000 mAh Li-ion Polymer Battery' 'MediaTek Helio A20 Processor' '1 Year on Handset and 6 Months on Accessories'],mobiles
Infinix Smart 5A (Quetzal Cyan 32 GB),Infinix,6699,7999,16% off,4.3,78160 Ratings & 5368 Reviews,['2 GB RAM | 32 GB ROM | Expandable Upto 256 GB' '16.56 cm (6.52 inch) HD+ Display' '8MP + Depth Sensor | 8MP Front Camera' '5000 mAh Li-ion Polymer Battery' 'MediaTek Helio A20 Processor' '1 Year on Handset and 6 Months on Accessories'],mobiles
Infinix Note 11 (Graphite Black 64 GB),Infinix,11499,14999,23% off,4.3,38076 Ratings & 4596 Reviews,['4 GB RAM | 64 GB ROM | Expandable Upto 512 GB' '17.02 cm (6.7 inch) Full HD+ AMOLED Display' '50 MP + 2 MP + AI Lens | 16MP Front Camera' '5000 mAh Li-ion Polymer Battery' 'Mediatek Helio G88 Processor' '1 Year on Handset and 6 Months on Accessories'],mobiles
Tecno Camon 19 (Memphis Green 128 GB),Tecno,14970,15280,2% off,4.2,145 Ratings & 16 Reviews,['6 GB RAM | 128 GB ROM | Expandable Upto 512 GB' '17.27 cm (6.8 inch) Full HD+ Display' '64MP + 2MP | 16MP Front Camera' '5000 mAh Battery' 'MediaTek Helio G85 Processor' '1 Year Warranty for Handset 6 Months for Accessories'],mobiles
REDMI Note 10S (Cosmic Purple 64 GB),REDMI,12999,16999,23% off,4.4,82035 Ratings & 5584 Reviews,['6 GB RAM | 64 GB ROM | Expandable Upto 512 GB' '16.33 cm (6.43 inch) Full HD+ Super AMOLED Display' '64MP + 8MP + 2MP + 2MP | 13MP Front Camera' '5000 mAh Lithium-Ploymer Battery' 'Mediatek Helio G95 Processor' '1 Year Manufacturer Warranty for Phone and 6 Months Warranty for In the Box Accessories'],mobiles
Micromax IN 2B (Black 64 GB),Micromax,6999,11999,41% off,3.9,4155 Ratings & 652 Reviews,['6 GB RAM | 64 GB ROM | Expandable Upto 256 GB' '16.56 cm (6.52 inch) HD+ Display' '13MP + 2MP | 5MP Front Camera' '5000 mAh Battery' 'ARM Cortex A75 Octa Core Processor' 'Unisoc T610 Processor' '1 Year Warranty for Handset and 6 Months for Accessories'],mobiles
SAMSUNG Galaxy M32 (Black 64 GB),SAMSUNG,12449,13699,9% off,4.2,4083 Ratings & 412 Reviews,['4 GB RAM | 64 GB ROM' '16.26 cm (6.4 inch) Display' '64MP Rear Camera' '6000 mAh Battery' '1 year manufacturer warranty'],mobiles
Micromax X512,Micromax,1180,1199,1% off,3.9,9676 Ratings & 881 Reviews,['56 MB RAM | 24 MB ROM' '4.5 cm (1.77 inch) Display' '0.3MP Rear Camera' '1750 mAh Battery' '1 Year Warranty'],mobiles
Micromax X512,Micromax,1199,1299,7% off,3.9,9676 Ratings & 881 Reviews,['56 MB RAM | 24 MB ROM' '4.5 cm (1.77 inch) Display' '0.3MP Rear Camera' '1750 mAh Battery' '1 Year Warranty'],mobiles
MOTOROLA g42 (Metallic Rose 64 GB),MOTOROLA,10999,16999,35% off,4.1,2443 Ratings & 322 Reviews,['4 GB RAM | 64 GB ROM' '16.43 cm (6.47 inch) Full HD+ AMOLED Display' '50MP + 8MP + 2MP | 16MP Front Camera' '5000 mAh Lithium polymer Battery' 'Qualcomm Snapdragon 680 Processor' '1 Year on Handset and 6 Months on Accessories'],mobiles
SAMSUNG Galaxy F13 (Sunrise Copper 128 GB),SAMSUNG,12999,16999,23% off,4.4,101958 Ratings & 5654 Reviews,['4 GB RAM | 128 GB ROM | Expandable Upto 1 TB' '16.76 cm (6.6 inch) Full HD+ Display' '50MP + 5MP + 2MP | 8MP Front Camera' '6000 mAh Lithium Ion Battery' 'Exynos 850 Processor' '1 Year Warranty Provided By the Manufacturer from Date of Purchase'],mobiles
MTR Ferrari,MTR,1300,1390,6% off,4.1,6185 Ratings & 450 Reviews,['64 MB RAM | 64 MB ROM' '4.5 cm (1.77 inch) Display' '0.3MP Rear Camera' '800 mAh Battery' '12 Months'],mobiles
vivo Y35 (Agate Black 128 GB),vivo,18499,22999,19% off,4.4,1017 Ratings & 71 Reviews,['8 GB RAM | 128 GB ROM' '16.71 cm (6.58 inch) Full HD+ Display' '50MP + 2MP + 2MP | 16MP Front Camera' '5000 mAh Lithium Battery' 'Qualcomm Snapdragon 680 Processor' '1 Year of Device & 6 Months for In-Box Accessories'],mobiles
Itel Magic2 4G( WiFiHotspot Tethering),Itel,2199,2389,7% off,3.9,17950 Ratings & 2626 Reviews,['64 MB RAM | 128 MB ROM | Expandable Upto 64 GB' '6.1 cm (2.4 inch) QVGA Display' '1.3MP Rear Camera' '1900 mAh Lithium ion Battery' 'Unisoc T117 Processor' '1 Year Warranty 100 Days Replacement within 1 Year of Phone Warranty 6 Months on Accessories and One time Screen Replacement within 365 Days.'],mobiles
REDMI Note 11S (Horizon Blue 128 GB),REDMI,15840,16999,6% off,4.2,798 Ratings & 80 Reviews,['8 GB RAM | 128 GB ROM' '16.33 cm (6.43 inch) Display' '108MP Rear Camera' '5000 mAh Battery' '1 Year Manufacturer Warranty for Phone and 6 Months Warranty for In the Box Accessories'],mobiles
REDMI Note 11S (Horizon Blue 128 GB),REDMI,15990,16345,2% off,4.2,798 Ratings & 80 Reviews,['8 GB RAM | 128 GB ROM' '16.33 cm (6.43 inch) Display' '108MP Rear Camera' '5000 mAh Battery' '1 Year Manufacturer Warranty for Handset and 6 Months Warranty for In the Box Accessories'],mobiles
SAMSUNG Metro 313 Dual Sim,SAMSUNG,2250,2340,3% off,4.3,23375 Ratings & 2400 Reviews,['4 MB RAM | 2.27 MB ROM | Expandable Upto 16 GB' '5.16 cm (2.03 inch) QVGA Display' '0.3MP Rear Camera' '1000 mAh Battery' 'NA Processor' '1 Year on Tablet 6 Months on Accessories'],mobiles
realme 9 Pro 5G (Midnight Black 128 GB),realme,20999,23999,12% off,4.3,13589 Ratings & 1091 Reviews,['8 GB RAM | 128 GB ROM | Expandable Upto 256 GB' '16.76 cm (6.6 inch) Full HD+ Display' '64MP + 8MP + 2MP | 16MP Front Camera' '5000 mAh Li-ion Battery' 'Qualcomm Snapdragon 695 Processor' '1 Year Warranty for Phone and 6 Months Warranty for In-Box Accessories'],mobiles
Itel IT2163,Itel,999,1099,9% off,4.1,12515 Ratings & 1041 Reviews,['4 MB RAM | 4 MB ROM | Expandable Upto 32 GB' '4.57 cm (1.8 inch) Display' '1000 mAh Lithium-ion Battery' 'SC6531E Processor' '1 Year Manufacturer Warranty for Device and 6 Months Manufacturer Warranty for In-box Accessories Including Batteries from the Date of Purchase'],mobiles
realme Narzo 50 (Speed Blue 128 GB),realme,15499,17999,13% off,4.4,6765 Ratings & 500 Reviews,['6 GB RAM | 128 GB ROM | Expandable Upto 256 GB' '16.76 cm (6.6 inch) Full HD+ Display' '50MP + 2MP + 2MP | 16MP Front Camera' '5000 mAh Lithium Polymer Battery' 'Mediatek Helio G96 Processor' '1 Year Warranty for Phone and 6 Months Warranty for In-Box Accessories'],mobiles
realme Narzo 50 (Speed Black 64 GB),realme,12999,15999,18% off,4.5,14521 Ratings & 923 Reviews,['4 GB RAM | 64 GB ROM | Expandable Upto 256 GB' '16.76 cm (6.6 inch) Full HD+ Display' '50MP + 2MP + 2MP | 16MP Front Camera' '5000 mAh Lithium Polymer Battery' 'Mediatek Helio G96 Processor' '1 Year Warranty for Phone and 6 Months Warranty for In-Box Accessories'],mobiles
Infinix Smart 5A (Midnight Black 32 GB),Infinix,6699,7999,16% off,4.3,78160 Ratings & 5368 Reviews,['2 GB RAM | 32 GB ROM | Expandable Upto 256 GB' '16.56 cm (6.52 inch) HD+ Display' '8MP + Depth Sensor | 8MP Front Camera' '5000 mAh Li-ion Polymer Battery' 'MediaTek Helio A20 Processor' '1 Year on Handset and 6 Months on Accessories'],mobiles
APPLE iPhone 11 (Yellow 64 GB),APPLE,40999,43900,6% off,4.6,173956 Ratings & 10293 Reviews,['64 GB ROM' '15.49 cm (6.1 inch) Liquid Retina HD Display' '12MP + 12MP | 12MP Front Camera' 'A13 Bionic Chip Processor' 'Brand Warranty of 1 Year'],mobiles
realme Narzo 50 (Speed Blue 64 GB),realme,12999,15999,18% off,4.5,14521 Ratings & 923 Reviews,['4 GB RAM | 64 GB ROM | Expandable Upto 256 GB' '16.76 cm (6.6 inch) Full HD+ Display' '50MP + 2MP + 2MP | 16MP Front Camera' '5000 mAh Lithium Polymer Battery' 'Mediatek Helio G96 Processor' '1 Year Warranty for Phone and 6 Months Warranty for In-Box Accessories'],mobiles
OPPO A77s (Sunset Orange 128 GB),OPPO,17999,22999,21% off,4.5,63 Ratings & 9 Reviews,['8 GB RAM | 128 GB ROM | Expandable Upto 1 TB' '16.66 cm (6.56 inch) HD+ Display' '50MP + 2MP | 8MP Front Camera' '5000 mAh Lithium-ion Polymer Battery' 'Qualcomm Snapdragon 680 Processor' '1 Year on Handset and 6 Months on Accessories'],mobiles
realme Narzo 50A (Oxygen Green 64 GB),realme,11499,12999,11% off,4.4,337315 Ratings & 22042 Reviews,['4 GB RAM | 64 GB ROM | Expandable Upto 256 GB' '16.51 cm (6.5 inch) HD+ Display' '50MP + 2MP + 2MP | 8MP Front Camera' '6000 mAh Battery' 'MediaTek Helio G85 Processor' '1 Year Warranty for Mobile and 6 Months for Accessories'],mobiles
realme Narzo 50A (Oxygen Blue 64 GB),realme,11499,12999,11% off,4.4,337315 Ratings & 22042 Reviews,['4 GB RAM | 64 GB ROM | Expandable Upto 256 GB' '16.51 cm (6.5 inch) HD+ Display' '50MP + 2MP + 2MP | 8MP Front Camera' '6000 mAh Battery' 'MediaTek Helio G85 Processor' '1 Year Warranty for Mobile and 6 Months for Accessories'],mobiles
realme GT 2 (Paper White 256 GB),realme,38999,44999,13% off,4.3,1109 Ratings & 150 Reviews,['12 GB RAM | 256 GB ROM' '16.81 cm (6.62 inch) Full HD+ AMOLED Display' '50MP + 8MP + 2MP | 16MP Front Camera' '5000 mAh Lithium Ion Battery' 'Qualcomm Snapdragon 888 Processor' '1 Year Manufacturer Warranty for Phone and 6 Months Warranty for In-Box Accessories'],mobiles
realme GT 2 (Steel Black 256 GB),realme,38999,44999,13% off,4.3,1109 Ratings & 150 Reviews,['12 GB RAM | 256 GB ROM' '16.81 cm (6.62 inch) Full HD+ AMOLED Display' '50MP + 8MP + 2MP | 16MP Front Camera' '5000 mAh Lithium Ion Battery' 'Qualcomm Snapdragon 888 Processor' '1 Year Manufacturer Warranty for Phone and 6 Months Warranty for In-Box Accessories'],mobiles
Micromax J2,Micromax,927,980,5% off,3.7,218 Ratings & 11 Reviews,['32 MB RAM | 32 MB ROM' '4.5 cm (1.77 inch) Display' '800 mAh Battery' 'One Year Manufacture Warranty'],mobiles
SAMSUNG Galaxy S22 Plus 5G (Phantom White 128 GB),SAMSUNG,59999,101999,41% off,4.5,1788 Ratings & 209 Reviews,['8 GB RAM | 128 GB ROM' '16.76 cm (6.6 inch) Full HD+ Display' '50MP + 12MP + 10MP | 10MP Front Camera' '4500 mAh Lithium-ion Battery' 'Qualcomm Snapdragon 8 Gen 1 Processor' '1 Year Manufacturer Warranty for Device and 6 Months Manufacturer Warranty for In-Box Accessories'],mobiles
Nothing Phone (1) (Black 128 GB),Nothing,27499,37999,27% off,4.3,36407 Ratings & 4965 Reviews,['8 GB RAM | 128 GB ROM' '16.64 cm (6.55 inch) Full HD+ Display' '50MP + 50MP | 16MP Front Camera' '4500 mAh Lithium-ion Battery' 'Qualcomm Snapdragon 778G+ Processor' 'Meet the Glyph Interface. A New Way to Communicate' '1 Billion Colours True-to-Life Full HD Flexible OLED Display with HDR10+ for Richer Colour and Deeper Contrasts.' '1 Year Warranty'],mobiles
BlackZone ECO X,BlackZone,1449,1470,1% off,4.0,7718 Ratings & 501 Reviews,['32 MB RAM | 32 MB ROM | Expandable Upto 32 GB' '3.66 cm (1.44 inch) Display' '0.3MP Rear Camera' '1000 mAh Battery' 'Brand Warranty of 1 Year Available for Mobile'],mobiles
Infinix Hot 12 Pro (Lightsaber Green 128 GB),Infinix,11499,15999,28% off,4.0,3594 Ratings & 317 Reviews,['8 GB RAM | 128 GB ROM | Expandable Upto 256 GB' '16.76 cm (6.6 inch) HD+ Display' '50 MP + Depth Lens | 8MP Front Camera' '5000 mAh Lithium-ion Polymer Battery' 'Unisoc T616 Processor' '1 Year on Handset and 6 Months on Accessories'],mobiles
Infinix Hot 12 Pro (Racing Black 64 GB),Infinix,9499,13999,32% off,4.2,4949 Ratings & 296 Reviews,['6 GB RAM | 64 GB ROM | Expandable Upto 256 GB' '16.76 cm (6.6 inch) HD+ Display' '50 MP + Depth Lens | 8MP Front Camera' '5000 mAh Lithium-ion Polymer Battery' 'Unisoc T616 Processor' '1 Year on Handset and 6 Months on Accessories'],mobiles
Nothing Phone (1) (White 256 GB),Nothing,30499,39999,23% off,4.3,36407 Ratings & 4965 Reviews,['8 GB RAM | 256 GB ROM' '16.64 cm (6.55 inch) Full HD+ Display' '50MP + 50MP | 16MP Front Camera' '4500 mAh Lithium-ion Battery' 'Qualcomm Snapdragon 778G+ Processor' 'Meet the Glyph Interface. A New Way to Communicate' '1 Billion Colours True-to-Life Full HD Flexible OLED Display with HDR10+ for Richer Colour and Deeper Contrasts.' '1 Year Warranty'],mobiles
SAMSUNG Galaxy A23 (Black 128 GB),SAMSUNG,19999,25490,21% off,4.3,405 Ratings & 28 Reviews,['8 GB RAM | 128 GB ROM | Expandable Upto 1 TB' '16.76 cm (6.6 inch) Full HD+ Display' '50MP Rear Camera | 8MP Front Camera' '5000 mAh Li-Ion Battery' 'Octa-core(EXYNOS) Processor' '1 year manufacturer warranty for device and 6 months manufacturer warranty for in-box'],mobiles
vivo Y22 (Starlit Blue 64 GB),vivo,14499,17990,19% off,4.3,377 Ratings & 26 Reviews,['4 GB RAM | 64 GB ROM | Expandable Upto 1 TB' '16.64 cm (6.55 inch) HD+ Display' '50MP + 2MP | 8MP Front Camera' '5000 mAh Lithium Battery' 'Mediatek Helio G70 Processor' '1 Year of Device & 6 Months for In-Box Accessories'],mobiles
Nothing Phone (1) (Black 256 GB),Nothing,33499,42999,22% off,4.3,5601 Ratings & 644 Reviews,['12 GB RAM | 256 GB ROM' '16.64 cm (6.55 inch) Full HD+ Display' '50MP + 50MP | 16MP Front Camera' '4500 mAh Lithium-ion Battery' 'Qualcomm Snapdragon 778G+ Processor' 'Meet the Glyph Interface. A New Way to Communicate' '1 Billion Colours True-to-Life Full HD Flexible OLED Display with HDR10+ for Richer Colour and Deeper Contrasts.' '1 Year Warranty'],mobiles
REDMI 9i (Midnight Black 64 GB),REDMI,8999,9999,10% off,4.3,575420 Ratings & 33976 Reviews,['4 GB RAM | 64 GB ROM | Expandable Upto 512 GB' '16.59 cm (6.53 inch) HD+ Display' '13MP Rear Camera | 5MP Front Camera' '5000 mAh Lithium Polymer Battery' 'MediaTek Helio G25 Processor' 'Brand Warranty of 1 Year Available for Mobile and 6 Months for Accessories'],mobiles
Infinix Hot 11 (Emerald Green 64 GB),Infinix,8999,11999,25% off,4.3,15921 Ratings & 1369 Reviews,['4 GB RAM | 64 GB ROM | Expandable Upto 256 GB' '16.76 cm (6.6 inch) Full HD+ Display' '13MP + Depth Lens | 8MP Front Camera' '5200 mAh Li-ion Polymer Battery' 'MediaTek Helio G70 Processor' '1 Year on Handset and 6 Months on Accessories'],mobiles
Micromax S115,Micromax,944,992,4% off,3.9,71 Ratings & 4 Reviews,['32 MB RAM | 32 MB ROM' '4.5 cm (1.77 inch) Display' '800 mAh Battery' '1 Year Manufacturer Warranty'],mobiles
Tecno Pop 6 Pro (Polar Black 32 GB),Tecno,6697,6778,1% off,4.2,31 Ratings & 2 Reviews,['2 GB RAM | 32 GB ROM' '16.66 cm (6.56 inch) HD+ Display' '8MP Rear Camera' '5000 mAh Battery' 'Unisoc SC9863A Processor' '1 Year'],mobiles
IQOO 9 SE 5G (Space Fusion 128 GB),IQOO,30990,33999,8% off,4.1,140 Ratings & 15 Reviews,['8 GB RAM | 128 GB ROM' '16.81 cm (6.62 inch) Display' '48MP + 48MP + 13MP + 2MP | 16MP + 16MP Dual Front Camera' '4500 mAh Battery' '1 Year'],mobiles
realme C11 2021 (Cool Blue 64 GB),realme,8999,9999,10% off,4.3,204123 Ratings & 11085 Reviews,['4 GB RAM | 64 GB ROM | Expandable Upto 256 GB' '16.51 cm (6.5 inch) HD+ Display' '8MP Rear Camera | 5MP Front Camera' '5000 mAh Battery' 'Octa-core Processor' '1 Year Warranty for Mobile and 6 Months for Accessories'],mobiles
APPLE iPhone 14 5G (Midnight 128 GB),APPLE,78740,79900,1% off,4.6,773 Ratings & 57 Reviews,['128 GB ROM' '15.49 cm (6.1 inch) Super Retina XDR Display' '12MP + 12MP | 12MP Front Camera' 'A15 Bionic Chip 6 Core Processor Processor' '1 Year Warranty for Phone and 6 Months Warranty for In-Box Accessories'],mobiles
vivo Y16 (Steller Black 64 GB),vivo,12499,15999,21% off,4.3,520 Ratings & 36 Reviews,['4 GB RAM | 64 GB ROM | Expandable Upto 1 TB' '16.54 cm (6.51 inch) HD+ Display' '13MP + 2MP | 5MP Front Camera' '5000 mAh Lithium Battery' 'Mediatek Helio P35 Processor' '1 Year of Device & 6 Months for In-Box Accessories'],mobiles
APPLE iPhone 12 5G (Blue 256 GB),APPLE,69999,74900,6% off,4.6,185381 Ratings & 12652 Reviews,['256 GB ROM' '15.49 cm (6.1 inch) Super Retina XDR Display' '12MP + 12MP | 12MP Front Camera' 'A14 Bionic Chip with Next Generation Neural Engine Processor' 'Ceramic Shield' 'Industry-leading IP68 Water Resistance' 'All Screen OLED Display' '12MP TrueDepth Front Camera with Night Mode 4K Dolby Vision HDR Recording' 'Brand Warranty for 1 Year'],mobiles
SAMSUNG Galaxy A03s (Black 32 GB),SAMSUNG,8999,13499,33% off,4.0,318 Ratings & 27 Reviews,['3 GB RAM | 32 GB ROM | Expandable Upto 1 TB' '16.51 cm (6.5 inch) HD+ Display' '13MP + 2MP + 2MP | 5MP Front Camera' '5000 mAh Lithium-ion Battery' 'Mediatek Helio P35 (MT6765) Processor' '1 Year Warranty Provided by the Manufacturer From Date of Purchase'],mobiles
Redmi 9A Sport (Metallic Blue 32 GB),Redmi,6625,6858,3% off,4.1,23800 Ratings & 1827 Reviews,['2 GB RAM | 32 GB ROM | Expandable Upto 512 GB' '16.59 cm (6.53 inch) HD+ Display' '13MP Rear Camera | 5MP Front Camera' '5000 mAh Battery' 'MediaTek Helio G25 Processor' '1 year manufacturer warranty for device and 6 months manufacturer warranty for in-box accessories including batteries from the date of purchase'],mobiles
Redmi 9A Sport (Carbon Black 32 GB),Redmi,6639,6797,2% off,4.1,23800 Ratings & 1827 Reviews,['2 GB RAM | 32 GB ROM | Expandable Upto 512 GB' '16.59 cm (6.53 inch) HD+ Display' '13MP Rear Camera | 5MP Front Camera' '5000 mAh Battery' 'MediaTek Helio G25 Processor' '1 year manufacturer warranty for device and 6 months manufacturer warranty for in-box accessories including batteries from the date of purchase'],mobiles
Kechaoda K115,Kechaoda,1149,1199,4% off,4.1,28433 Ratings & 2208 Reviews,['32 MB RAM | 32 MB ROM' '3.66 cm (1.44 inch) QVGA Display' '0.3MP Rear Camera' '850 mAh Battery' '6 Months'],mobiles
REDMI Note 11 Pro (Stealth Black 128 GB),REDMI,19695,22285,11% off,4.1,597 Ratings & 41 Reviews,['8 GB RAM | 128 GB ROM' '16.94 cm (6.67 inch) Display' '108MP Rear Camera' '5000 mAh Battery' '12 months'],mobiles
REDMI Note 11 Pro (Phantom White 128 GB),REDMI,18098,20998,13% off,4.2,918 Ratings & 76 Reviews,['6 GB RAM | 128 GB ROM' '16.94 cm (6.67 inch) Display' '108MP Rear Camera' '5000 mAh Battery' '12 months'],mobiles
MTR Ferrari,MTR,1300,1340,2% off,4.1,6185 Ratings & 450 Reviews,['64 MB RAM | 64 MB ROM' '4.5 cm (1.77 inch) Display' '0.3MP Rear Camera' '800 mAh Battery' '12 Months'],mobiles
Lava Pulse1- with contactless Talking Thermometer,Lava,1521,2200,30% off,4.1,444 Ratings & 43 Reviews,['32 MB RAM | 32 MB ROM | Expandable Upto 32 GB' '6.1 cm (2.4 inch) Display' '0.3MP Rear Camera' '1800 mAh Lithium-ion Battery' '1 Year Manufacturer Replacement Guarantee for Phone and 6 Months Replacement for Accessories in the Box'],mobiles
MOTOROLA e32 (Arctic Blue 64 GB),MOTOROLA,9499,11999,20% off,4.1,109 Ratings & 14 Reviews,['4 GB RAM | 64 GB ROM | Expandable Upto 1 TB' '16.51 cm (6.5 inch) HD+ Display' '50MP + 2MP | 8MP Front Camera' '5000 mAh Battery' 'Mediatek Helio G37 Processor' '1 Year on Handset and 6 Months on Accessories'],mobiles
SAMSUNG Galaxy M33 5G (Deep Ocean Blue 128 GB),SAMSUNG,16449,16789,2% off,4.2,6740 Ratings & 581 Reviews,['6 GB RAM | 128 GB ROM' '16.76 cm (6.6 inch) Display' '50MP Rear Camera' '6000 mAh Battery' '12 months'],mobiles
SAMSUNG Galaxy M33 5G (Mystique Green 128 GB),SAMSUNG,19717,25990,24% off,4.2,657 Ratings & 47 Reviews,['8 GB RAM | 128 GB ROM' '16.76 cm (6.6 inch) Display' '50MP Rear Camera' '6000 mAh Battery' '12 months'],mobiles
realme Narzo 50A (Oxygen Blue 128 GB),realme,12499,13999,10% off,4.4,337315 Ratings & 22042 Reviews,['4 GB RAM | 128 GB ROM | Expandable Upto 256 GB' '16.51 cm (6.5 inch) HD+ Display' '50MP + 2MP + 2MP | 8MP Front Camera' '6000 mAh Battery' 'MediaTek Helio G85 Processor' '1 Year Warranty for Mobile and 6 Months for Accessories'],mobiles
APPLE iPhone 14 5G (Purple 128 GB),APPLE,78740,79900,1% off,4.6,773 Ratings & 57 Reviews,['128 GB ROM' '15.49 cm (6.1 inch) Super Retina XDR Display' '12MP + 12MP | 12MP Front Camera' 'A15 Bionic Chip 6 Core Processor Processor' '1 Year Warranty for Phone and 6 Months Warranty for In-Box Accessories'],mobiles
REDMI Note 10 Pro Max (Dark Nebula 128 GB),REDMI,19999,22999,13% off,4.3,16111 Ratings & 1203 Reviews,['6 GB RAM | 128 GB ROM | Expandable Upto 512 GB' '16.94 cm (6.67 inch) Full HD+ Display' '108MP Rear Camera | 16MP Front Camera' '5020 mAh Battery' 'Qualcomm Snapdragon 732G Processor' '1 Year Manufacturer Warranty for Phone and 6 Months Warranty for In the Box Accessories'],mobiles
SAMSUNG Galaxy S21 FE 5G (Lavender 128 GB),SAMSUNG,39999,74999,46% off,4.3,27560 Ratings & 2832 Reviews,['8 GB RAM | 128 GB ROM' '16.26 cm (6.4 inch) Full HD+ Display' '12MP + 12MP + 8MP (OIS) | 32MP Front Camera' '4500 mAh Lithium-ion Battery' '1 Year Manufacturer Warranty for Device and 6 Months Manufacturer Warranty for In-Box Accessories'],mobiles
OPPO Reno8 Pro 5G - House of The Dragon (House of The Dragon 256 GB),OPPO,45999,52999,13% off,4.8,6 Ratings & 1 Reviews,['12 GB RAM | 256 GB ROM' '17.02 cm (6.7 inch) Full HD+ AMOLED Display' '50MP + 8MP + 2MP | 32MP Front Camera' '4500 mAh Lithium-ion Polymer Battery' 'Mediatek Dimensity 8100 Max Processor' '1 Year Warranty for Phone and 6 Months Warranty for In-Box Accessories'],mobiles
realme 9i 5G (Metallica Gold 128 GB),realme,16999,19999,15% off,4.3,4605 Ratings & 335 Reviews,['6 GB RAM | 128 GB ROM | Expandable Upto 1 TB' '16.76 cm (6.6 inch) Full HD+ Display' '50MP + 2MP + 2MP | 8MP Front Camera' '5000 mAh Lithium Ion Battery' 'Mediatek Dimensity 810 5G Processor' '1 Year Manufacturer Warranty for Phone and 6 Months Warranty for In-Box Accessories'],mobiles
realme 8s 5G (Universe Purple 128 GB),realme,17999,20999,14% off,4.4,76125 Ratings & 6177 Reviews,['6 GB RAM | 128 GB ROM | Expandable Upto 1 TB' '16.51 cm (6.5 inch) Full HD+ Display' '64MP + 2MP + 2MP | 16MP Front Camera' '5000 mAh Battery' 'MediaTek Dimensity 810 5G Processor' '33 W Charger' '1 Year Warranty for Mobile and 6 Months for Accessories'],mobiles
Micromax J2,Micromax,945,968,2% off,3.7,218 Ratings & 11 Reviews,['32 MB RAM | 32 MB ROM' '4.5 cm (1.77 inch) Display' '800 mAh Battery' 'One Year Manufacture Warranty'],mobiles
Micromax X708,Micromax,1250,1265,1% off,3.9,1630 Ratings & 120 Reviews,['32 MB RAM | 32 MB ROM' '6.1 cm (2.4 inch) Display' '0.3MP Rear Camera' '1450 mAh Battery' 'One Year manufacturer Warranty'],mobiles
APPLE iPhone 12 Pro (Graphite 256 GB),APPLE,88199,119900,26% off,4.5,1186 Ratings & 86 Reviews,['256 GB ROM' '15.49 cm (6.1 inch) Super Retina XDR Display' '12MP + 12MP + 12MP | 12MP Front Camera' 'A14 Bionic Chip with Next Generation Neural Engine Processor' 'Ceramic Shield | Industry-leading IP68 Water Resistance' 'All Screen OLED Display' 'LiDAR Scanner for Improved AR Experiences Night Mode Portraits' 'Brand Warranty for 1 Year'],mobiles
Itel VISION1 (GRADATION GREEN 32 GB),Itel,5990,6990,14% off,4.1,231 Ratings & 18 Reviews,['2 GB RAM | 32 GB ROM | Expandable Upto 128 GB' '15.46 cm (6.088 inch) HD+ Display' '8MP Rear Camera | 5MP Front Camera' '4000 mAh Battery' 'UNISOC SC9863A OCTA CORE Processor' '1 YEAR ON HANDSET WITH 100 DAYS REPLESSMENT'],mobiles
SAMSUNG Galaxy F12 (Sky Blue 64 GB),SAMSUNG,10499,12999,19% off,4.3,296790 Ratings & 23488 Reviews,['4 GB RAM | 64 GB ROM | Expandable Upto 512 GB' '16.55 cm (6.515 inch) HD+ Display' '48MP + 5MP + 2MP + 2MP | 8MP Front Camera' '6000 mAh Lithium-ion Battery' 'Exynos 850 Processor' '1 Year Warranty Provided by the Manufacturer from Date of Purchase'],mobiles
MOTOROLA e32 (Eco Black 64 GB),MOTOROLA,9499,11999,20% off,4.1,109 Ratings & 14 Reviews,['4 GB RAM | 64 GB ROM | Expandable Upto 1 TB' '16.51 cm (6.5 inch) HD+ Display' '50MP + 2MP | 8MP Front Camera' '5000 mAh Battery' 'Mediatek Helio G37 Processor' '1 Year on Handset and 6 Months on Accessories'],mobiles
realme Narzo 30 5G (Racing Blue 128 GB),realme,16999,17999,5% off,4.3,83936 Ratings & 7326 Reviews,['6 GB RAM | 128 GB ROM | Expandable Upto 1 TB' '16.51 cm (6.5 inch) Full HD+ Display' '48MP + 2MP + 2MP | 16MP Front Camera' '5000 mAh Battery' 'MediaTek Dimensity 700 (MT6833) Processor' '1 Year Warranty for Mobile and 6 Months for Accessories'],mobiles
realme Narzo 50i (Mint Green 32 GB),realme,7499,7999,6% off,4.5,120813 Ratings & 4809 Reviews,['2 GB RAM | 32 GB ROM | Expandable Upto 256 GB' '16.51 cm (6.5 inch) Display' '8MP Rear Camera | 5MP Front Camera' '5000 mAh Battery' 'SC9863A Processor' '1 Year Warranty for Mobile and 6 Months for Accessories'],mobiles
SAMSUNG Galaxy A53 (Awesome Peach 128 GB),SAMSUNG,33499,39990,16% off,4.1,1201 Ratings & 139 Reviews,['8 GB RAM | 128 GB ROM | Expandable Upto 1 TB' '16.51 cm (6.5 inch) Full HD+ Display' '64MP + 12MP + 5MP + 5MP | 32MP Front Camera' '5000 mAh Lithium Ion Battery' 'Exynos Octa Core Processor Processor' '1 Year Manufacturer Warranty for Device and 6 Months Manufacturer Warranty for In-Box'],mobiles
MOTOROLA Edge 30 Ultra (Interstellar Black 256 GB),MOTOROLA,59999,74999,20% off,4.3,144 Ratings & 39 Reviews,['12 GB RAM | 256 GB ROM' '16.94 cm (6.67 inch) Full HD+ Display' '200MP + 50MP + 12MP | 60MP Front Camera' '4610 mAh Lithium Battery' 'Qualcomm Snapdragon 8+ Gen 1 Processor' '1 Year on Handset and 6 Months on Accessories'],mobiles
Kechaoda K-9,Kechaoda,1395,1449,3% off,4.0,1293 Ratings & 135 Reviews,['64 MB RAM | 64 MB ROM' '5.59 cm (2.2 inch) Display' '0.3MP Rear Camera' '2000 mAh Battery' '1 Year Manufacturer Warranty'],mobiles
SAMSUNG Galaxy S22 Plus 5G (Green 128 GB),SAMSUNG,59999,101999,41% off,4.5,1788 Ratings & 209 Reviews,['8 GB RAM | 128 GB ROM' '16.76 cm (6.6 inch) Full HD+ Display' '50MP + 12MP + 10MP | 10MP Front Camera' '4500 mAh Lithium-ion Battery' 'Qualcomm Snapdragon 8 Gen 1 Processor' '1 Year Manufacturer Warranty for Device and 6 Months Manufacturer Warranty for In-Box Accessories'],mobiles
SAMSUNG Galaxy A73 5G (Awesome Gray 128 GB),SAMSUNG,41999,47490,11% off,4.2,1204 Ratings & 162 Reviews,['8 GB RAM | 128 GB ROM | Expandable Upto 1 TB' '17.02 cm (6.7 inch) Full HD+ Display' '108MP + 12MP + 5MP + 5MP | 32MP Front Camera' '5000 mAh Li-ion Battery' 'Qualcomm Snapdragon 778G Processor' '1 Year Manufacturer Warranty for Device and 6 Months Manufacturer Warranty for In-Box'],mobiles
SAMSUNG Galaxy A53 (Awesome Peach 128 GB),SAMSUNG,31999,38990,17% off,4.0,537 Ratings & 62 Reviews,['6 GB RAM | 128 GB ROM | Expandable Upto 1 TB' '16.51 cm (6.5 inch) Full HD+ Display' '64MP + 12MP + 5MP + 5MP | 32MP Front Camera' '5000 mAh Lithium Ion Battery' 'Exynos Octa Core Processor Processor' '1 Year Manufacturer Warranty for Device and 6 Months Manufacturer Warranty for In-Box'],mobiles
REDMI A1+ (Light Blue 32 GB),REDMI,7499,9999,25% off,4.2,484 Ratings & 37 Reviews,['2 GB RAM | 32 GB ROM | Expandable Upto 512 GB' '16.56 cm (6.52 inch) HD+ Display' '8MP Rear Camera | 5MP Front Camera' '5000 mAh Lithium Polymer Battery' 'Mediatek Helio A22 Processor' '1 Year Manufacturer Warranty for Phone and 6 Months Warranty for in the Box Accessories'],mobiles
Nokia C21 Plus (Cyan 64 GB),Nokia,9999,10898,8% off,3.7,88 Ratings & 15 Reviews,['4 GB RAM | 64 GB ROM' '16.69 cm (6.57 inch) HD+ Display' '13MP + 2MP | 5MP Front Camera' '5050 mAh Lithium Polymer Battery' 'Octa Core Processor' '1 Year Manufacturer Warranty for Device and 6 Months Manufacturer Warranty for In-Box Accessories Including Battery from the Date of Purchase'],mobiles
Redmi 9A (SeaBlue 32 GB),Redmi,6989,7420,5% off,4.3,21323 Ratings & 1276 Reviews,['2 GB RAM | 32 GB ROM' '16.59 cm (6.53 inch) Full HD+ Display' '13MP Rear Camera' '5000 mAh Battery' '1 Year Manufacturer  Warranty'],mobiles
Redmi 9A (Nature Green 32 GB),Redmi,6749,7145,5% off,4.3,21323 Ratings & 1276 Reviews,['2 GB RAM | 32 GB ROM' '16.59 cm (6.53 inch) Full HD+ Display' '13MP Rear Camera' '5000 mAh Battery' '1 Year  Manufacturer Warranty'],mobiles
Kechaoda K66 The Music House 4,Kechaoda,1204,1399,13% off,3.9,15222 Ratings & 1186 Reviews,['32 MB RAM | 64 MB ROM | Expandable Upto 32 GB' '4.57 cm (1.8 inch) Display' '1.3MP Rear Camera' '400 mAh Battery' '1 Year Brand Service Center Warranty'],mobiles
vivo T1 Pro 5G (Turbo Cyan 128 GB),vivo,23999,28990,17% off,4.3,7020 Ratings & 676 Reviews,['6 GB RAM | 128 GB ROM' '16.36 cm (6.44 inch) Full HD+ AMOLED Display' '64MP + 8MP + 2MP | 16MP Front Camera' '4700 mAh Lithium Battery' 'Qualcomm Snapdragon 778G 5G Mobile Platform Processor' '1 Year Handset and 6 Months Accessories'],mobiles
OnePlus 10R 5G (Sierra Black 128 GB),OnePlus,36990,38999,5% off,4.3,1284 Ratings & 115 Reviews,['8 GB RAM | 128 GB ROM' '17.02 cm (6.7 inch) Display' '50MP Rear Camera' '5000 mAh Battery' '12 months'],mobiles
SAMSUNG Galaxy A23 (Peach 128 GB),SAMSUNG,18499,23990,22% off,4.2,681 Ratings & 46 Reviews,['6 GB RAM | 128 GB ROM | Expandable Upto 1 TB' '16.76 cm (6.6 inch) Full HD+ Display' '50MP Rear Camera | 8MP Front Camera' '5000 mAh Li-Ion Battery' 'Octa-core(EXYNOS) Processor' '1 year manufacturer warranty for device and 6 months manufacturer warranty for in-box'],mobiles
realme 8s 5G (Universe Purple 128 GB),realme,19999,22999,13% off,4.4,53403 Ratings & 4786 Reviews,['8 GB RAM | 128 GB ROM | Expandable Upto 1 TB' '16.51 cm (6.5 inch) Full HD+ Display' '64MP + 2MP + 2MP | 16MP Front Camera' '5000 mAh Battery' 'MediaTek Dimensity 810 5G Processor' '33 W Charger' '1 Year Warranty for Mobile and 6 Months for Accessories'],mobiles
POCO M2 Reloaded (Mostly Blue 64 GB),POCO,9999,11999,16% off,4.3,66609 Ratings & 4596 Reviews,['4 GB RAM | 64 GB ROM | Expandable Upto 512 GB' '16.59 cm (6.53 inch) Full HD+ Display' '13MP + 8MP + 5MP + 2MP | 8MP Front Camera' '5000 mAh Lithium Polymer Battery' 'MediaTek Helio G80 Processor' '1 Year for Handset 6 Months for Accessories'],mobiles
SAMSUNG Galaxy S21 FE 5G (White 128 GB),SAMSUNG,39999,74999,46% off,4.3,27560 Ratings & 2832 Reviews,['8 GB RAM | 128 GB ROM' '16.26 cm (6.4 inch) Full HD+ Display' '12MP + 12MP + 8MP (OIS) | 32MP Front Camera' '4500 mAh Lithium-ion Battery' '1 Year Manufacturer Warranty for Device and 6 Months Manufacturer Warranty for In-Box Accessories'],mobiles
MOTOROLA G60 (Soft Silver 128 GB),MOTOROLA,14999,21999,31% off,4.2,130355 Ratings & 13236 Reviews,['6 GB RAM | 128 GB ROM' '17.22 cm (6.78 inch) Full HD+ Display' '108MP + 8MP + 2MP | 32MP Front Camera' '6000 mAh Battery' 'Qualcomm Snapdragon 732G Processor' '120Hz Refresh Rate' 'Stock Android Experience' '1 Year on Handset and 6 Months on Accessories'],mobiles
Xiaomi 11Lite NE (Vinyl Black 128 GB),Xiaomi,23579,24298,2% off,4.2,1480 Ratings & 164 Reviews,['8 GB RAM | 128 GB ROM | Expandable Upto 1 TB' '16.64 cm (6.55 inch) Full HD+ Display' '64MP + 8MP + 5MP | 20MP Front Camera' '4250 mAh Battery' 'Qualcomm Snapdragon 778G Processor' 'Brand Warranty of 1 Year Available for Mobile and 6 Months for Accessories'],mobiles
vivo Y75 5G (Glowing Galaxy 128 GB),vivo,21990,25990,15% off,4.3,1176 Ratings & 103 Reviews,['8 GB RAM | 128 GB ROM | Expandable Upto 1 TB' '16.71 cm (6.58 inch) Full HD+ Display' '50MP + 2MP + 2MP | 16MP Front Camera' '5000 mAh Lithium Battery' 'Mediatek Dimensity 700 Processor' '1 Year Handset and 6 Months Accessories'],mobiles
SAMSUNG Galaxy A03 Core (Black 32 GB),SAMSUNG,7450,7950,6% off,4.0,2374 Ratings & 218 Reviews,['2 GB RAM | 32 GB ROM | Expandable Upto 1 TB' '16.51 cm (6.5 inch) HD+ Display' '8MP Rear Camera | 5MP Front Camera' '5000 mAh Li-ion Battery' 'Octa Core Processor' '1 Year Manufacturer Warranty for Device and 6 Months Manufacturer Warranty for In-Box'],mobiles
realme Narzo 50i (Carbon Black 32 GB),realme,7499,7999,6% off,4.5,120813 Ratings & 4809 Reviews,['2 GB RAM | 32 GB ROM | Expandable Upto 256 GB' '16.51 cm (6.5 inch) Display' '8MP Rear Camera | 5MP Front Camera' '5000 mAh Battery' 'SC9863A Processor' '1 Year Warranty for Mobile and 6 Months for Accessories'],mobiles
OPPO A15s (Dynamic Black 64 GB),OPPO,10285,11389,9% off,4.3,5400 Ratings & 296 Reviews,['4 GB RAM | 64 GB ROM' '16.56 cm (6.52 inch) Display' '13MP Rear Camera' '4230 mAh Battery' 'Brand Warranty of 1 Year Available'],mobiles
OPPO A16 (Pearl Blue 64 GB),OPPO,12990,15990,18% off,4.3,3623 Ratings & 258 Reviews,['4 GB RAM | 64 GB ROM' '16.56 cm (6.52 inch) HD+ Display' '13MP Rear Camera | 8MP Front Camera' '5000 mAh Battery' 'MediaTek Helio G35 Processor' 'Brand Warranty of 1 Year Available for Mobile Including Battery and 6 Months for Accessories'],mobiles
realme Narzo 30 5G (Racing Silver 128 GB),realme,16999,17999,5% off,4.3,83936 Ratings & 7326 Reviews,['6 GB RAM | 128 GB ROM | Expandable Upto 1 TB' '16.51 cm (6.5 inch) Full HD+ Display' '48MP + 2MP + 2MP | 16MP Front Camera' '5000 mAh Battery' 'MediaTek Dimensity 700 (MT6833) Processor' '1 Year Warranty for Mobile and 6 Months for Accessories'],mobiles
REDMI Note 10S (Shadow Black 64 GB),REDMI,12999,16999,23% off,4.4,82035 Ratings & 5584 Reviews,['6 GB RAM | 64 GB ROM | Expandable Upto 512 GB' '16.33 cm (6.43 inch) Full HD+ Super AMOLED Display' '64MP + 8MP + 2MP + 2MP | 13MP Front Camera' '5000 mAh Lithium-Ploymer Battery' 'Mediatek Helio G95 Processor' '1 Year Manufacturer Warranty for Phone and 6 Months Warranty for In the Box Accessories'],mobiles
realme 9 Pro+ 5G (Midnight Black 256 GB),realme,28999,31999,9% off,4.4,26457 Ratings & 3017 Reviews,['8 GB RAM | 256 GB ROM' '16.26 cm (6.4 inch) Full HD+ AMOLED Display' '50MP + 8MP + 2MP | 16MP Front Camera' '4500 mAh Li-ion Battery' 'Mediatek Dimensity 920 Processor' '1 Year Warranty for Phone and 6 Months Warranty for In-Box Accessories'],mobiles
realme 9 Pro+ 5G (Sunrise Blue 128 GB),realme,24999,27999,10% off,4.4,30229 Ratings & 3700 Reviews,['6 GB RAM | 128 GB ROM' '16.26 cm (6.4 inch) Full HD+ AMOLED Display' '50MP + 8MP + 2MP | 16MP Front Camera' '4500 mAh Li-ion Battery' 'Mediatek Dimensity 920 Processor' '1 Year Warranty for Phone and 6 Months Warranty for In-Box Accessories'],mobiles
realme 9 Pro+ 5G (Midnight Black 128 GB),realme,24999,27999,10% off,4.4,30229 Ratings & 3700 Reviews,['6 GB RAM | 128 GB ROM' '16.26 cm (6.4 inch) Full HD+ AMOLED Display' '50MP + 8MP + 2MP | 16MP Front Camera' '4500 mAh Li-ion Battery' 'Mediatek Dimensity 920 Processor' '1 Year Warranty for Phone and 6 Months Warranty for In-Box Accessories'],mobiles
realme 9 Pro+ 5G (Midnight Black 128 GB),realme,26999,29999,10% off,4.4,26457 Ratings & 3017 Reviews,['8 GB RAM | 128 GB ROM' '16.26 cm (6.4 inch) Full HD+ AMOLED Display' '50MP + 8MP + 2MP | 16MP Front Camera' '4500 mAh Li-ion Battery' 'Mediatek Dimensity 920 Processor' '1 Year Warranty for Phone and 6 Months Warranty for In-Box Accessories'],mobiles
APPLE iPhone 14 Plus 5G (Starlight 256 GB),APPLE,98490,99900,1% off,4.5,272 Ratings & 35 Reviews,['256 GB ROM' '17.02 cm (6.7 inch) Super Retina XDR Display' '12MP + 12MP | 12MP Front Camera' 'A15 Bionic Chip 6 Core Processor Processor' '1 Year Warranty for Phone and 6 Months Warranty for In-Box Accessories'],mobiles
realme Narzo 30 (Racing Silver 128 GB),realme,15499,16999,8% off,4.3,75993 Ratings & 6032 Reviews,['6 GB RAM | 128 GB ROM | Expandable Upto 256 GB' '16.51 cm (6.5 inch) Full HD+ Display' '48MP + 2MP + 2MP | 16MP Front Camera' '5000 mAh Battery' 'MediaTek Helio G95 Processor' '30W Charger' '1 Year Warranty for Mobile and 6 Months for Accessories'],mobiles
realme Narzo 30 (Racing Blue 128 GB),realme,15499,16999,8% off,4.3,75993 Ratings & 6032 Reviews,['6 GB RAM | 128 GB ROM | Expandable Upto 256 GB' '16.51 cm (6.5 inch) Full HD+ Display' '48MP + 2MP + 2MP | 16MP Front Camera' '5000 mAh Battery' 'MediaTek Helio G95 Processor' '30W Charger' '1 Year Warranty for Mobile and 6 Months for Accessories'],mobiles
realme Narzo 30 (Racing Silver 64 GB),realme,14499,15999,9% off,4.3,75993 Ratings & 6032 Reviews,['6 GB RAM | 64 GB ROM | Expandable Upto 256 GB' '16.51 cm (6.5 inch) Full HD+ Display' '48MP + 2MP + 2MP | 16MP Front Camera' '5000 mAh Battery' 'MediaTek Helio G95 Processor' '30W Charger' '1 Year Warranty for Mobile and 6 Months for Accessories'],mobiles
Micromax X708 Black grey,Micromax,1390,1499,7% off,4.1,13 Ratings & 1 Reviews,['32 MB RAM | 32 MB ROM' '6.1 cm (2.4 inch) Display' '0.3MP Rear Camera' '1450 mAh Battery' 'One Year manufacturer Warranty'],mobiles
LAVA Z2 Max (Stroked Blue 32 GB),LAVA,7799,8449,7% off,4.1,295 Ratings & 56 Reviews,['2 GB RAM | 32 GB ROM | Expandable Upto 256 GB' '17.78 cm (7 inch) HD+ Display' '13MP + 2MP | 8MP Front Camera' '6000 mAh Li-Polymer Battery' 'MediaTek Helio Quad Core Processor' '1 Year Handset Warranty and 6 Months Warranty on Accessories'],mobiles
vivo V23e 5G (Sunshine Gold 128 GB),vivo,25990,28990,10% off,4.2,1766 Ratings & 164 Reviews,['8 GB RAM | 128 GB ROM | Expandable Upto 1 TB' '16.36 cm (6.44 inch) Full HD+ AMOLED Display' '50MP + 8MP + 2MP | 44MP Front Camera' '4050 mAh Lithium Battery' 'Mediatek Dimensity 810 Processor' '1 Year Manufacturer Warranty for Phone and 6 Months Warranty for In the Box Accessories'],mobiles
MOTOROLA G60 (Frosted Champagne 128 GB),MOTOROLA,14999,21999,31% off,4.2,130355 Ratings & 13236 Reviews,['6 GB RAM | 128 GB ROM' '17.22 cm (6.78 inch) Full HD+ Display' '108MP + 8MP + 2MP | 32MP Front Camera' '6000 mAh Battery' 'Qualcomm Snapdragon 732G Processor' '120Hz Refresh Rate' 'Stock Android Experience' '1 Year on Handset and 6 Months on Accessories'],mobiles
SAMSUNG Galaxy F12 (Sea Green 64 GB),SAMSUNG,10499,12999,19% off,4.3,296790 Ratings & 23488 Reviews,['4 GB RAM | 64 GB ROM | Expandable Upto 512 GB' '16.55 cm (6.515 inch) HD+ Display' '48MP + 5MP + 2MP + 2MP | 8MP Front Camera' '6000 mAh Lithium-ion Battery' 'Exynos 850 Processor' '1 Year Warranty Provided by the Manufacturer from Date of Purchase'],mobiles
SAMSUNG Galaxy M12 (Blue 64 GB),SAMSUNG,10990,12900,14% off,4.2,16460 Ratings & 1207 Reviews,['4 GB RAM | 64 GB ROM' '16.51 cm (6.5 inch) Display' '48MP Rear Camera' '6000 mAh Battery' '1 Year'],mobiles
Micromax X702,Micromax,1190,1220,2% off,3.6,205 Ratings & 14 Reviews,['32 MB RAM | 32 MB ROM' '6.1 cm (2.4 inch) Display' '0.3MP Rear Camera' '1000 mAh Battery' 'One Year manufacturer Warranty'],mobiles
realme C25Y (Metal Grey 64 GB),realme,10999,12999,15% off,4.4,137666 Ratings & 5919 Reviews,['4 GB RAM | 64 GB ROM | Expandable Upto 256 GB' '16.51 cm (6.5 inch) HD+ Display' '50MP + 2MP + 2MP | 8MP Front Camera' '5000 mAh Battery' 'Unisoc T610 Octa Core Processor' '1 Year Warranty for Mobile and 6 Months for Accessories'],mobiles
realme 8s 5G (Universe Blue 128 GB),realme,17999,20999,14% off,4.4,76125 Ratings & 6177 Reviews,['6 GB RAM | 128 GB ROM | Expandable Upto 1 TB' '16.51 cm (6.5 inch) Full HD+ Display' '64MP + 2MP + 2MP | 16MP Front Camera' '5000 mAh Battery' 'MediaTek Dimensity 810 5G Processor' '33 W Charger' '1 Year Warranty for Mobile and 6 Months for Accessories'],mobiles
realme C25_Y (Glacier Blue 128 GB),realme,11999,13999,14% off,4.5,46008 Ratings & 2202 Reviews,['4 GB RAM | 128 GB ROM' '16.51 cm (6.5 inch) HD+ Display' '50MP + 2MP + 2MP | 8MP Front Camera' '5000 mAh LiPo Battery' 'Unisoc T618 Processor' '1 Year Domestic Warranty'],mobiles
SAMSUNG Galaxy A13 (Blue 128 GB),SAMSUNG,16499,20990,21% off,4.1,240 Ratings & 18 Reviews,['6 GB RAM | 128 GB ROM | Expandable Upto 1 TB' '16.76 cm (6.6 inch) Full HD+ Display' '50MP + 5MP + 2MP + 2MP | 8MP Front Camera' '5000 mAh Lithium Ion Battery' 'Exynos Octa Core Processor' '1 Year Manufacturer Warranty for Device and 6 months Manufacturer Warranty for In-Box Accessories from Date of Purchase'],mobiles
SAMSUNG Galaxy A13 (Black 128 GB),SAMSUNG,15499,19990,22% off,4.1,609 Ratings & 45 Reviews,['4 GB RAM | 128 GB ROM | Expandable Upto 1 TB' '16.76 cm (6.6 inch) Full HD+ Display' '50MP + 5MP + 2MP + 2MP | 8MP Front Camera' '5000 mAh Lithium Ion Battery' 'Exynos Octa Core Processor' '1 Year Manufacturer Warranty for Device and 6 months Manufacturer Warranty for In-Box Accessories from Date of Purchase'],mobiles
Nokia 110 DS,Nokia,1758,1863,5% off,3.9,416 Ratings & 22 Reviews,['4 MB RAM | 32 MB ROM' '4.5 cm (1.77 inch) Display' '1MP Rear Camera' '800 mAh Battery' '1 Year'],mobiles
vivo Y22 (Metaverse Green 128 GB),vivo,16499,19990,17% off,4.3,302 Ratings & 22 Reviews,['6 GB RAM | 128 GB ROM | Expandable Upto 1 TB' '16.64 cm (6.55 inch) HD+ Display' '50MP + 2MP | 8MP Front Camera' '5000 mAh Lithium Battery' 'Mediatek Helio G70 Processor' '1 Year of Device & 6 Months for In-Box Accessories'],mobiles
vivo Y21T (Midnight Blue 128 GB),vivo,15499,19990,22% off,4.4,1497 Ratings & 107 Reviews,['4 GB RAM | 128 GB ROM | Expandable Upto 1 TB' '16.71 cm (6.58 inch) Full HD+ Display' '50MP + 2MP + 2MP | 8MP Front Camera' '5000 mAh Lithium Battery' 'Qualcomm Snapdragon 680 Processor' '1 Year for Device & 6 Months for In-box Accessories'],mobiles
Redmi Note 11 (Space Black 128 GB),Redmi,14880,15869,6% off,4.2,8681 Ratings & 690 Reviews,['6 GB RAM | 128 GB ROM' '16.33 cm (6.43 inch) Display' '50MP Rear Camera' '5000 mAh Battery' 'Snapdragon 680 Processor' '12 months'],mobiles
POCO M2 Pro (Green and Greener 64 GB),POCO,11999,17999,33% off,4.4,350116 Ratings & 33256 Reviews,['6 GB RAM | 64 GB ROM | Expandable Upto 512 GB' '16.94 cm (6.67 inch) Full HD+ Display' '48MP + 8MP + 5MP + 2MP | 16MP Front Camera' '5000 mAh Lithium-ion Polymer Battery' 'Qualcomm Snapdragon 720G Processor' '1 Year for Handset 6 Months for Accessories'],mobiles
Itel IT5026,Itel,1306,1369,4% off,4.0,1025 Ratings & 99 Reviews,['4 MB RAM | 4 MB ROM | Expandable Upto 32 GB' '6.1 cm (2.4 inch) Display' '2MP Rear Camera' '1200 mAh Lithium-ion Battery' 'SC6531E Processor' '1 Year Manufacturer Warranty for Device and 6 Months Manufacturer Warranty for In-box Accessories Including Batteries from the Date of Purchase'],mobiles
POCO M4 Pro 5G (Yellow 128 GB),POCO,16999,21999,22% off,4.2,6848 Ratings & 615 Reviews,['8 GB RAM | 128 GB ROM | Expandable Upto 1 TB' '16.76 cm (6.6 inch) Full HD+ Display' '50MP + 8MP | 16MP Front Camera' '5000 mAh Lithium-ion Polymer Battery' 'Mediatek Dimensity 810 Processor' 'One Year for Handset 6 Months for Accessories'],mobiles
Itel Muzik 110,Itel,1249,1299,3% off,4.1,318 Ratings & 33 Reviews,['4 MB RAM | 4 MB ROM | Expandable Upto 32 GB' '4.57 cm (1.8 inch) Display' '0.3MP Rear Camera' '1900 mAh Lithium-ion Battery' 'SC6531E Processor' '1 Year Manufacturer Warranty for Device and 6 Months Manufacturer Warranty for In-box Accessories Including Batteries from the Date of Purchase'],mobiles
APPLE iPhone 13 5G (Pink 512 GB),APPLE,83999,99900,15% off,4.7,171261 Ratings & 9345 Reviews,['512 GB ROM' '15.49 cm (6.1 inch) Super Retina XDR Display' '12MP + 12MP | 12MP Front Camera' 'A15 Bionic Chip Processor' 'Brand Warranty for 1 Year'],mobiles
REDMI Note 10T 5G (Metallic Blue 128 GB),REDMI,14999,18999,21% off,4.2,30151 Ratings & 2337 Reviews,['6 GB RAM | 128 GB ROM' '16.66 cm (6.56 inch) Full HD+ Display' '48MP Primary Camera + 2MP Macro Lens + 2MP Depth Sensor | 8MP Front Camera' '5000 mAh Lithium Polymer Battery' 'Mediatek Dimensity 700 Processor' 'Max GPU Frequency: 950 MHz Supports GAME Turbo 3.0 UFS2.2 Storage Reading Mode 3.0 360 Degree Ambient Light Sensors Supports 18W Fast Charging' '1 Year Manufacturer Warranty for Phone and 6 Months Warranty for In the Box Accessories'],mobiles
realme Narzo 50A (Oxygen Green 128 GB),realme,12499,13999,10% off,4.4,337315 Ratings & 22042 Reviews,['4 GB RAM | 128 GB ROM | Expandable Upto 256 GB' '16.51 cm (6.5 inch) HD+ Display' '50MP + 2MP + 2MP | 8MP Front Camera' '6000 mAh Battery' 'MediaTek Helio G85 Processor' '1 Year Warranty for Mobile and 6 Months for Accessories'],mobiles
APPLE iPhone 14 5G (Blue 256 GB),APPLE,88740,89900,1% off,4.6,773 Ratings & 57 Reviews,['256 GB ROM' '15.49 cm (6.1 inch) Super Retina XDR Display' '12MP + 12MP | 12MP Front Camera' 'A15 Bionic Chip 6 Core Processor Processor' '1 Year Warranty for Phone and 6 Months Warranty for In-Box Accessories'],mobiles
Snexian BOLD 1K,Snexian,999,1099,9% off,3.4,28 Ratings & 2 Reviews,['32 MB RAM | 32 MB ROM' '3.66 cm (1.44 inch) NA Display' '1.3MP Rear Camera' '800 mAh Battery' '1 Year Warranty'],mobiles
Micromax X809,Micromax,1330,1415,6% off,3.8,4753 Ratings & 422 Reviews,['32 MB RAM | 32 MB ROM' '7.11 cm (2.8 inch) Display' '1MP Rear Camera' '1000 mAh Battery' '1 Year Warranty'],mobiles
LAVA A5,LAVA,1410,1590,11% off,4.1,12306 Ratings & 1168 Reviews,['32 MB RAM | 24 MB ROM | Expandable Upto 32 GB' '6.1 cm (2.4 inch) QVGA Display' '0.3MP Rear Camera' '1000 mAh Li-ion Battery' 'Brand Warranty of 1 Year Available for Mobile and 6 Months for Battery and Accessories'],mobiles
SAMSUNG Galaxy A33 (Awesome Blue 128 GB),SAMSUNG,25999,32990,21% off,4.1,1368 Ratings & 141 Reviews,['6 GB RAM | 128 GB ROM | Expandable Upto 1 TB' '16.26 cm (6.4 inch) Full HD+ Display' '48MP + 8MP + 5MP + 2MP | 13MP Front Camera' '5000 mAh Li-ion Battery' 'Exynos 1280 Processor' '1 Year Manufacturer Warranty for Device and 6 Months Manufacturer Warranty for In-Box'],mobiles
Infinix Note 11s (Haze Green 64 GB),Infinix,11999,16999,29% off,4.3,11691 Ratings & 1549 Reviews,['6 GB RAM | 64 GB ROM | Expandable Upto 512 GB' '17.65 cm (6.95 inch) Full HD+ Display' '50 MP + 2 MP Depth Lens + 2 MP Macro Lens | 16MP Front Camera' '5000 mAh Li-ion Polymer Battery' 'MediaTek Helio G96 Processor' '1 Year on Handset and 6 Months on Accessories'],mobiles
Redmi Note 11 PRO Plus 5G (Stealth Black 256 GB),Redmi,23789,24990,4% off,4.2,2392 Ratings & 223 Reviews,['8 GB RAM | 256 GB ROM' '16.94 cm (6.67 inch) Display' '108MP Rear Camera | 16MP Front Camera' '5000 mAh Battery' '12 months'],mobiles
APPLE iPhone 14 5G (Starlight 128 GB),APPLE,78740,79900,1% off,4.6,773 Ratings & 57 Reviews,['128 GB ROM' '15.49 cm (6.1 inch) Super Retina XDR Display' '12MP + 12MP | 12MP Front Camera' 'A15 Bionic Chip 6 Core Processor Processor' '1 Year Warranty for Phone and 6 Months Warranty for In-Box Accessories'],mobiles
Xiaomi 11Lite NE (Vinyl Black 128 GB),Xiaomi,22490,22920,1% off,4.2,3189 Ratings & 361 Reviews,['6 GB RAM | 128 GB ROM | Expandable Upto 1 TB' '16.64 cm (6.55 inch) Full HD+ Display' '64MP + 8MP + 5MP | 20MP Front Camera' '4250 mAh Battery' 'Qualcomm Snapdragon 778G Processor' 'Brand Warranty of 1 Year Available for Mobile and 6 Months for Accessories'],mobiles
Itel Magic3 Smart Touch Keypad,Itel,1599,2099,23% off,4.1,714 Ratings & 64 Reviews,['8 MB RAM | 8 MB ROM' '7.11 cm (2.8 inch) Display' '1.3MP Rear Camera' '1500 mAh Battery' 'Smart Touch Keypad - Add a Magical Touch to your Life' '9.5mm Super Slim Unibody Design with Glass Coated Finish' 'Premium ID Design- Dual Toned Colors' 'KingVoice' '09 Indian Language Support' 'WAP/GPRS Support Facebook Support JAVA Games Support' 'Smart Phonebook with 2000 Contacts memory' 'Wireless FM Radio with Recording' 'One Touch Mute Functionality' 'Smart UI' '12+1 Months Warranty for Device and 6 Months for Accessories'],mobiles
APPLE iPhone 12 Mini 5G (Green 256 GB),APPLE,52999,74900,29% off,4.5,120853 Ratings & 9681 Reviews,['256 GB ROM' '13.72 cm (5.4 inch) Super Retina XDR Display' '12MP + 12MP | 12MP Front Camera' 'A14 Bionic Chip with Next Generation Neural Engine Processor' 'Ceramic Shield' 'Industry-leading IP68 Water Resistance' 'All Screen OLED Display' '12MP TrueDepth Front Camera with Night Mode 4K Dolby Vision HDR Recording' 'Brand Warranty for 1 Year'],mobiles
Kechaoda K33,Kechaoda,1119,1149,2% off,4.0,8171 Ratings & 553 Reviews,['32 MB RAM | 32 MB ROM' '3.56 cm (1.4 inch) Display' '0.3MP Rear Camera' '800 mAh Battery' '1 Year Warranty'],mobiles
Infinix Zero 5G (Skylight Orange 128 GB),Infinix,17999,24999,28% off,4.2,9501 Ratings & 1467 Reviews,['8 GB RAM | 128 GB ROM | Expandable Upto 256 GB' '17.22 cm (6.78 inch) Full HD+ Display' '48 MP + 13 MP Portrait Lens + 2 MP Bokeh Lens | 16MP Front Camera' '5000 mAh Li-ion Polymer Battery' 'Mediatek Dimensity 900 Processor' '1 Year on Handset and 6 Months on Accessories'],mobiles
Infinix Zero 5G (Cosmic Black 128 GB),Infinix,17999,24999,28% off,4.2,9501 Ratings & 1467 Reviews,['8 GB RAM | 128 GB ROM | Expandable Upto 256 GB' '17.22 cm (6.78 inch) Full HD+ Display' '48 MP + 13 MP Portrait Lens + 2 MP Bokeh Lens | 16MP Front Camera' '5000 mAh Li-ion Polymer Battery' 'Mediatek Dimensity 900 Processor' '1 Year on Handset and 6 Months on Accessories'],mobiles
APPLE iPhone 13 5G (Starlight 256 GB),APPLE,69999,79900,12% off,4.7,171261 Ratings & 9345 Reviews,['256 GB ROM' '15.49 cm (6.1 inch) Super Retina XDR Display' '12MP + 12MP | 12MP Front Camera' 'A15 Bionic Chip Processor' 'Brand Warranty for 1 Year'],mobiles
vivo V23 Pro 5G (Sunshine Gold 128 GB),vivo,38990,41990,7% off,4.3,3719 Ratings & 409 Reviews,['8 GB RAM | 128 GB ROM' '16.66 cm (6.56 inch) Full HD+ Display' '108MP + 8MP + 2MP | 50MP + 8MP Dual Front Camera' '4300 mAh Lithium Battery' 'Mediatek Dimensity 1200 Processor' '1 Year Manufacturer Warranty for Phone and 6 Months Warranty for In the Box Accessories'],mobiles
REDMI Note 10 Pro (Vintage Bronze 128 GB),REDMI,17999,19999,10% off,4.3,41220 Ratings & 3868 Reviews,['6 GB RAM | 128 GB ROM | Expandable Upto 512 GB' '16.94 cm (6.67 inch) Full HD+ Super AMOLED Display' '64MP + 8MP + 5MP + 2MP | 16MP Front Camera' '5020 mAh Li-Polymer Battery' 'Qualcomm Snapdragon 732G Processor' '1 Year Manufacturer Warranty for Phone and 6 Months Warranty for In the Box Accessories'],mobiles
OPPO A12 (Deep Blue 32 GB),OPPO,9990,10990,9% off,4.4,74926 Ratings & 4503 Reviews,['3 GB RAM | 32 GB ROM | Expandable Upto 256 GB' '15.8 cm (6.22 inch) HD+ Display' '13MP + 2MP | 5MP Front Camera' '4230 mAh Battery' 'MediaTek Helio P35 Processor' 'Brand Warranty of 1 Year Available for Mobile Including Battery and 6 Months for Accessories'],mobiles
MOTOROLA Edge 30 Ultra (Starlight White 256 GB),MOTOROLA,59999,74999,20% off,4.3,144 Ratings & 39 Reviews,['12 GB RAM | 256 GB ROM' '16.94 cm (6.67 inch) Full HD+ Display' '200MP + 50MP + 12MP | 60MP Front Camera' '4610 mAh Lithium Battery' 'Qualcomm Snapdragon 8+ Gen 1 Processor' '1 Year on Handset and 6 Months on Accessories'],mobiles
OPPO Reno7 5G (Startrails Blue 256 GB),OPPO,25999,37990,31% off,4.2,16191 Ratings & 2106 Reviews,['8 GB RAM | 256 GB ROM | Expandable Upto 1 TB' '16.33 cm (6.43 inch) Full HD Display' '64MP + 8MP + 2MP | 32MP Front Camera' '4500 mAh Lithium-ion Polymer Battery' 'Mediatek Dimensity 900 Processor' '1 Year Warranty for Phone and 6 Months Warranty for In-Box Accessories'],mobiles
realme 9 Pro+ 5G (Aurora Green 256 GB),realme,28999,31999,9% off,4.4,26457 Ratings & 3017 Reviews,['8 GB RAM | 256 GB ROM' '16.26 cm (6.4 inch) Full HD+ AMOLED Display' '50MP + 8MP + 2MP | 16MP Front Camera' '4500 mAh Li-ion Battery' 'Mediatek Dimensity 920 Processor' '1 Year Warranty for Phone and 6 Months Warranty for In-Box Accessories'],mobiles
realme 9 Pro+ 5G (Sunrise Blue 256 GB),realme,28999,31999,9% off,4.4,26457 Ratings & 3017 Reviews,['8 GB RAM | 256 GB ROM' '16.26 cm (6.4 inch) Full HD+ AMOLED Display' '50MP + 8MP + 2MP | 16MP Front Camera' '4500 mAh Li-ion Battery' 'Mediatek Dimensity 920 Processor' '1 Year Warranty for Phone and 6 Months Warranty for In-Box Accessories'],mobiles
SAMSUNG Galaxy A53 (Awesome Blue 128 GB),SAMSUNG,33499,39990,16% off,4.1,1201 Ratings & 139 Reviews,['8 GB RAM | 128 GB ROM | Expandable Upto 1 TB' '16.51 cm (6.5 inch) Full HD+ Display' '64MP + 12MP + 5MP + 5MP | 32MP Front Camera' '5000 mAh Lithium Ion Battery' 'Exynos Octa Core Processor Processor' '1 Year Manufacturer Warranty for Device and 6 Months Manufacturer Warranty for In-Box'],mobiles
POCO M5 (Power Black 128 GB),POCO,14499,18999,23% off,4.3,1224 Ratings & 84 Reviews,['6 GB RAM | 128 GB ROM | Expandable Upto 512 GB' '16.71 cm (6.58 inch) Full HD+ Display' '50MP + 2MP Depth Sensor + 2MP Macro Sensor | 8MP Front Camera' '5000 mAh Lithium-ion Polymer Battery' 'Mediatek Helio G99 Processor' '1 Year for Handset 6 Months for Accessories'],mobiles
realme Narzo 30 (Racing Blue 64 GB),realme,13499,14999,10% off,4.4,105878 Ratings & 8944 Reviews,['4 GB RAM | 64 GB ROM | Expandable Upto 256 GB' '16.51 cm (6.5 inch) Full HD+ Display' '48MP + 2MP + 2MP | 16MP Front Camera' '5000 mAh Battery' 'MediaTek Helio G95 Processor' '30W Charger' '1 Year Warranty for Mobile and 6 Months for Accessories'],mobiles
REDMI 9 Power (Electric Green 64 GB),REDMI,11499,13999,17% off,4.3,241422 Ratings & 17048 Reviews,['4 GB RAM | 64 GB ROM' '16.59 cm (6.53 inch) Full HD+ Display' '48MP + 8MP + 2MP + 2MP | 8MP Front Camera' '6000 mAh Battery' 'Qualcomm Snapdragon 662 Processor' '1 year manufacturer warranty for device and 6 months manufacturer warranty for in-box accessories including batteries from the date of purchase'],mobiles
OPPO A57 (Glowing Black 64 GB),OPPO,13999,16990,17% off,4.4,1912 Ratings & 99 Reviews,['4 GB RAM | 64 GB ROM | Expandable Upto 1 TB' '16.66 cm (6.56 inch) HD+ Display' '13MP + 2MP | 8MP Front Camera' '5000 mAh Lithium-ion Polymer Battery' 'Mediatek Helio G35 Processor' '1 Year Warranty for Phone and 6 Months Warranty for In-Box Accessories'],mobiles
Lvix L1 King,Lvix,1249,1299,3% off,3.7,9 Ratings & 0 Reviews,['16 MB RAM | 32 MB ROM' '7.11 cm (2.8 inch) Display' '0.3MP Rear Camera' '3000 mAh Battery' '3 Months Warranty'],mobiles
POCO F3 GT 5G (Gunmetal Silver 128 GB),POCO,28999,32999,12% off,4.3,4675 Ratings & 758 Reviews,['6 GB RAM | 128 GB ROM' '16.94 cm (6.67 inch) Full HD+ Display' '64MP + 8MP + 2MP | 16MP Front Camera' '5065 mAh Lithium-ion Polymer Battery' 'MediaTek Dimensity 1200 Processor' 'Multiple Hands-free Voice Assistant' '1 Year Warranty for Handset 6 Months for Accessories'],mobiles
POCO M2 Reloaded (Greyish Black 64 GB),POCO,9999,11999,16% off,4.3,66609 Ratings & 4596 Reviews,['4 GB RAM | 64 GB ROM | Expandable Upto 512 GB' '16.59 cm (6.53 inch) Full HD+ Display' '13MP + 8MP + 5MP + 2MP | 8MP Front Camera' '5000 mAh Lithium Polymer Battery' 'MediaTek Helio G80 Processor' '1 Year for Handset 6 Months for Accessories'],mobiles
Micromax X809,Micromax,1348,1413,4% off,3.8,4753 Ratings & 422 Reviews,['32 MB RAM | 32 MB ROM' '7.11 cm (2.8 inch) Display' '1MP Rear Camera' '1000 mAh Battery' '1 Year Warranty'],mobiles
REDMI Note 11S (Polar White 128 GB),REDMI,15796,17990,12% off,4.2,2001 Ratings & 169 Reviews,['6 GB RAM | 128 GB ROM' '16.33 cm (6.43 inch) Display' '108MP Rear Camera' '5000 mAh Battery' '1 Year Manufacturer Warranty for Phone and 6 Months Warranty for In the Box Accessories'],mobiles
vivo Y75 (Dancing waves 128 GB),vivo,20999,25990,19% off,4.2,1356 Ratings & 117 Reviews,['8 GB RAM | 128 GB ROM | Expandable Upto 1 TB' '16.36 cm (6.44 inch) Full HD+ AMOLED Display' '50MP + 8MP + 2MP | 44MP Front Camera' '4050 mAh Lithium Battery' 'Mediatek G96 Processor' '1 Year on Handset and 6 Months on Accessories'],mobiles
realme C25_Y (Metal Grey 64 GB),realme,10999,12999,15% off,4.5,46008 Ratings & 2202 Reviews,['4 GB RAM | 64 GB ROM' '16.51 cm (6.5 inch) HD+ Display' '50MP + 2MP + 2MP | 8MP Front Camera' '5000 mAh LiPo Battery' 'Unisoc T618 Processor' '1 Year Domestic Warranty'],mobiles
OPPO A16E (Midnight Black 32 GB),OPPO,9490,13990,32% off,4.3,590 Ratings & 25 Reviews,['3 GB RAM | 32 GB ROM | Expandable Upto 1 TB' '16.56 cm (6.52 inch) HD+ Display' '13MP Rear Camera | 5MP Front Camera' '4230 mAh Battery' 'Mediatek Helio P22 Processor' '1 Year Manufacturer Warranty for Phone and 6 Months Warranty for In the Box Accessories'],mobiles
REDMI NOTE 10 LITE (Champagne Gold 128 GB),REDMI,14490,14990,3% off,4.3,2082 Ratings & 166 Reviews,['4 GB RAM | 128 GB ROM' '16.94 cm (6.67 inch) Display' '48MP Rear Camera' '5020 mAh Battery' '1 Year Manufacturer Warranty'],mobiles
APPLE iPhone 14 5G ((PRODUCT)RED 256 GB),APPLE,88740,89900,1% off,4.6,773 Ratings & 57 Reviews,['256 GB ROM' '15.49 cm (6.1 inch) Super Retina XDR Display' '12MP + 12MP | 12MP Front Camera' 'A15 Bionic Chip 6 Core Processor Processor' '1 Year Warranty for Phone and 6 Months Warranty for In-Box Accessories'],mobiles
realme 8 (Cyber Black 128 GB),realme,15999,16999,5% off,4.4,121219 Ratings & 10633 Reviews,['4 GB RAM | 128 GB ROM | Expandable Upto 256 GB' '16.26 cm (6.4 inch) Full HD+ Display' '64MP + 8MP + 2MP + 2MP | 16MP Front Camera' '5000 mAh Battery' 'MediaTek Helio G95 Processor' 'Super AMOLED Display' '1 Year Warranty for Mobile and 6 Months for Accessories'],mobiles
realme 8 (Cyber Silver 128 GB),realme,15999,16999,5% off,4.4,121219 Ratings & 10633 Reviews,['4 GB RAM | 128 GB ROM | Expandable Upto 256 GB' '16.26 cm (6.4 inch) Full HD+ Display' '64MP + 8MP + 2MP + 2MP | 16MP Front Camera' '5000 mAh Battery' 'MediaTek Helio G95 Processor' 'Super AMOLED Display' '1 Year Warranty for Mobile and 6 Months for Accessories'],mobiles
Itel Muzik 110,Itel,1255,1299,3% off,4.1,318 Ratings & 33 Reviews,['4 MB RAM | 4 MB ROM | Expandable Upto 32 GB' '4.57 cm (1.8 inch) Display' '0.3MP Rear Camera' '1900 mAh Lithium-ion Battery' 'SC6531E Processor' '1 Year Manufacturer Warranty for Device and 6 Months Manufacturer Warranty for In-box Accessories Including Batteries from the Date of Purchase'],mobiles
Xiaomi 11i 5G (Purple Mist 128 GB),Xiaomi,24999,29999,16% off,4.2,37019 Ratings & 4586 Reviews,['6 GB RAM | 128 GB ROM | Expandable Upto 1 TB' '16.94 cm (6.67 inch) Full HD+ AMOLED Display' '108MP Rear Camera | 16MP Front Camera' '5160 mAh Li-Polymer Battery' 'Mediatek Dimensity 920 Processor' '1 Year Manufacturer Warranty for Phone and 6 Months Warranty for in the Box Accessories'],mobiles
MOTOROLA e32s (Slate Gray 32 GB),MOTOROLA,7999,8995,11% off,3.7,275 Ratings & 40 Reviews,['3 GB RAM | 32 GB ROM | Expandable Upto 1 TB' '16.51 cm (6.5 inch) HD+ Display' '16MP + 2MP | 8MP + 2MP Dual Front Camera' '5000 mAh Battery' 'Mediatek Helio G37 Processor' '1 Year on Handset and 6 Months on Accessories'],mobiles
MTR MT310,MTR,749,779,3% off,3.8,671 Ratings & 55 Reviews,['64 MB RAM | 64 MB ROM' '4.57 cm (1.8 inch) Display' '0.3MP Rear Camera' '800 mAh Battery' '1 Year Warranty'],mobiles
OPPO A15 (Mystery Blue 32 GB),OPPO,9990,12990,23% off,4.3,2059 Ratings & 115 Reviews,['3 GB RAM | 32 GB ROM | Expandable Upto 256 GB' '16.56 cm (6.52 inch) HD+ Display' '13MP + 2MP + 2MP | 5MP Front Camera' '4230 mAh Lithium-ion Polymer Battery' 'MediaTek Helio P35 (MT6765) Processor' 'Brand Warranty of 1 Year Available for Mobile Including Battery and 6 Months for Accessories'],mobiles
Nokia 110 DS,Nokia,1707,1737,1% off,3.9,416 Ratings & 22 Reviews,['4 MB RAM | 32 MB ROM' '4.5 cm (1.77 inch) Display' '1MP Rear Camera' '800 mAh Battery' '1 YEAR'],mobiles
POCO X3 Pro (Steel Blue 128 GB),POCO,21999,25999,15% off,4.3,55840 Ratings & 5204 Reviews,['8 GB RAM | 128 GB ROM | Expandable Upto 1 TB' '16.94 cm (6.67 inch) Full HD+ Display' '48MP + 8MP + 2MP + 2MP | 20MP Front Camera' '5160 mAh Lithium-ion Polymer Battery' 'Qualcomm Snapdragon 860 Processor' 'Multiple Hands-free Voice Assistants' 'One Year Warranty for Handset 6 Months for Accessories'],mobiles
REDMI Note 10 Pro (Glacial Blue 128 GB),REDMI,17999,19999,10% off,4.3,41220 Ratings & 3868 Reviews,['6 GB RAM | 128 GB ROM | Expandable Upto 512 GB' '16.94 cm (6.67 inch) Full HD+ Super AMOLED Display' '64MP + 8MP + 5MP + 2MP | 16MP Front Camera' '5020 mAh Li-Polymer Battery' 'Qualcomm Snapdragon 732G Processor' '1 Year Manufacturer Warranty for Phone and 6 Months Warranty for In the Box Accessories'],mobiles
REDMI NOTE 10 LITE (Aurora Blue 128 GB),REDMI,14889,16990,12% off,4.3,830 Ratings & 65 Reviews,['6 GB RAM | 128 GB ROM' '16.94 cm (6.67 inch) Display' '48MP Rear Camera' '5020 mAh Battery' '1 Year Manufacturer Warranty'],mobiles
realme Narzo 50i (Carbon Black 64 GB),realme,8999,9999,10% off,4.3,61655 Ratings & 3473 Reviews,['4 GB RAM | 64 GB ROM | Expandable Upto 256 GB' '16.51 cm (6.5 inch) Display' '8MP Rear Camera | 5MP Front Camera' '5000 mAh Battery' 'SC9863A Processor' '1 Year Warranty for Mobile and 6 Months for Accessories'],mobiles
APPLE iPhone 12 5G (Black 64 GB),APPLE,55999,59900,6% off,4.6,185381 Ratings & 12652 Reviews,['64 GB ROM' '15.49 cm (6.1 inch) Super Retina XDR Display' '12MP + 12MP | 12MP Front Camera' 'A14 Bionic Chip with Next Generation Neural Engine Processor' 'Ceramic Shield' 'Industry-leading IP68 Water Resistance' 'All Screen OLED Display' '12MP TrueDepth Front Camera with Night Mode 4K Dolby Vision HDR Recording' 'Brand Warranty for 1 Year'],mobiles
REDMI Note 10S (Shadow Black 128 GB),REDMI,16499,20999,21% off,4.2,7106 Ratings & 662 Reviews,['8 GB RAM | 128 GB ROM | Expandable Upto 512 GB' '16.33 cm (6.43 inch) Full HD+ Super AMOLED Display' '64MP + 8MP + 2MP + 2MP | 13MP Front Camera' '5000 mAh Lithium-Ploymer Battery' 'Mediatek Helio G95 Processor' '1 Year Manufacturer Warranty for Phone and 6 Months Warranty for In the Box Accessories'],mobiles
APPLE iPhone 12 Mini 5G (Blue 256 GB),APPLE,52999,74900,29% off,4.5,120853 Ratings & 9681 Reviews,['256 GB ROM' '13.72 cm (5.4 inch) Super Retina XDR Display' '12MP + 12MP | 12MP Front Camera' 'A14 Bionic Chip with Next Generation Neural Engine Processor' 'Ceramic Shield' 'Industry-leading IP68 Water Resistance' 'All Screen OLED Display' '12MP TrueDepth Front Camera with Night Mode 4K Dolby Vision HDR Recording' 'Brand Warranty for 1 Year'],mobiles
SAMSUNG Galaxy A13 (Black 128 GB),SAMSUNG,16499,20990,21% off,4.1,240 Ratings & 18 Reviews,['6 GB RAM | 128 GB ROM | Expandable Upto 1 TB' '16.76 cm (6.6 inch) Full HD+ Display' '50MP + 5MP + 2MP + 2MP | 8MP Front Camera' '5000 mAh Lithium Ion Battery' 'Exynos Octa Core Processor' '1 Year Manufacturer Warranty for Device and 6 months Manufacturer Warranty for In-Box Accessories from Date of Purchase'],mobiles
PHILIPS E125,PHILIPS,1349,1399,3% off,3.6,238 Ratings & 25 Reviews,['32 MB RAM | 24 MB ROM | Expandable Upto 16 GB' '4.5 cm (1.77 inch) Quarter QVGA Display' '0.3MP Rear Camera' '2000 mAh Li-ion Battery' 'SC6531E Processor' '1 Year Warranty on Mobile and 6 Months on Battery'],mobiles
Infinix Zero 5G (Horizon Blue 128 GB),Infinix,17999,24999,28% off,4.2,9501 Ratings & 1467 Reviews,['8 GB RAM | 128 GB ROM | Expandable Upto 256 GB' '17.22 cm (6.78 inch) Full HD+ Display' '48 MP + 13 MP Portrait Lens + 2 MP Bokeh Lens | 16MP Front Camera' '5000 mAh Li-ion Polymer Battery' 'Mediatek Dimensity 900 Processor' '1 Year on Handset and 6 Months on Accessories'],mobiles
SAMSUNG Galaxy F42 5G (Matte Aqua 128 GB),SAMSUNG,18999,25999,26% off,4.1,5494 Ratings & 548 Reviews,['8 GB RAM | 128 GB ROM | Expandable Upto 1 TB' '16.76 cm (6.6 inch) Full HD+ Display' '64MP + 5MP + 2MP | 8MP Front Camera' '5000 mAh Lithium-ion Battery' 'MediaTek Dimensity 700 Processor' '1 Year Warranty Provided by the Manufacturer from Date of Purchase'],mobiles
APPLE iPhone 11 (Yellow 128 GB),APPLE,45999,48900,5% off,4.6,173956 Ratings & 10293 Reviews,['128 GB ROM' '15.49 cm (6.1 inch) Liquid Retina HD Display' '12MP + 12MP | 12MP Front Camera' 'A13 Bionic Chip Processor' 'Brand Warranty of 1 Year'],mobiles
realme C21Y (Cross Black 32 GB),realme,9499,9999,5% off,4.6,89346 Ratings & 3073 Reviews,['3 GB RAM | 32 GB ROM | Expandable Upto 256 GB' '16.51 cm (6.5 inch) HD+ Display' '13MP + 2MP + 2MP | 5MP Front Camera' '5000 mAh Battery' 'Unisoc T610 Processor' '1 Year Warranty for Mobile and 6 Months for Accessories'],mobiles
REDMI NOTE 10 LITE (Glacier White 128 GB),REDMI,14990,15645,4% off,4.3,520 Ratings & 36 Reviews,['4 GB RAM | 128 GB ROM' '16.94 cm (6.67 inch) Display' '48MP Rear Camera' '5020 mAh Battery' '12 months'],mobiles
realme C21Y (Cross Black 64 GB),realme,10499,10999,4% off,4.5,253245 Ratings & 9546 Reviews,['4 GB RAM | 64 GB ROM | Expandable Upto 256 GB' '16.51 cm (6.5 inch) HD+ Display' '13MP + 2MP + 2MP | 5MP Front Camera' '5000 mAh Battery' 'Unisoc T610 Processor' '1 Year Warranty for Mobile and 6 Months for Accessories'],mobiles
realme 9 Pro+ 5G (Aurora Green 128 GB),realme,26999,29999,10% off,4.4,26457 Ratings & 3017 Reviews,['8 GB RAM | 128 GB ROM' '16.26 cm (6.4 inch) Full HD+ AMOLED Display' '50MP + 8MP + 2MP | 16MP Front Camera' '4500 mAh Li-ion Battery' 'Mediatek Dimensity 920 Processor' '1 Year Warranty for Phone and 6 Months Warranty for In-Box Accessories'],mobiles
REDMI 9 Power (Mighty Black 64 GB),REDMI,11499,13999,17% off,4.3,241422 Ratings & 17048 Reviews,['4 GB RAM | 64 GB ROM' '16.59 cm (6.53 inch) Full HD+ Display' '48MP + 8MP + 2MP + 2MP | 8MP Front Camera' '6000 mAh Battery' 'Qualcomm Snapdragon 662 Processor' '1 year manufacturer warranty for device and 6 months manufacturer warranty for in-box accessories including batteries from the date of purchase'],mobiles
MOTOROLA Edge 20 Fusion 5G (Cyber Teal 128 GB),MOTOROLA,20999,25999,19% off,4.1,11648 Ratings & 1456 Reviews,['8 GB RAM | 128 GB ROM' '17.0 cm (6.693 inch) Full HD+ Display' '108MP + 8MP + 2MP | 32MP Front Camera' '5000 mAh Battery' 'MediaTek Dimensity 800U Processor' '90Hz Refresh Rate AMOLED Display' '13 5G Bands' '1 Year on Handset and 6 Months on Accessories'],mobiles
REDMI 10A (CHARCOAL BLACK 128 GB),REDMI,10490,10990,4% off,4.1,62 Ratings & 5 Reviews,['6 GB RAM | 128 GB ROM' '16.59 cm (6.53 inch) Display' '13MP Rear Camera' '5000 mAh Battery' '1 Year Manufacturer Warranty for Handset and 6 Months Warranty for In the Box Accessories'],mobiles
realme 8i (Space Black 128 GB),realme,15999,17999,11% off,4.4,69804 Ratings & 4889 Reviews,['6 GB RAM | 128 GB ROM | Expandable Upto 256 GB' '16.76 cm (6.6 inch) Full HD+ Display' '50MP + 2MP + 2MP | 16MP Front Camera' '5000 mAh Battery' 'MediaTek Helio G96 Processor' '1 Year Warranty for Mobile and 6 Months for Accessories'],mobiles
OPPO F21 Pro (Cosmic Black 128 GB),OPPO,21999,27999,21% off,4.3,1704 Ratings & 144 Reviews,['8 GB RAM | 128 GB ROM' '16.33 cm (6.43 inch) Display' '64MP Rear Camera' '4500 mAh Battery' '12 months'],mobiles
GFive C2 Card,GFive,999,1099,9% off,3.4,71 Ratings & 4 Reviews,['32 MB RAM | 32 MB ROM | Expandable Upto 16 GB' '4.57 cm (1.8 inch) Display' '0.3MP Rear Camera' '800 mAh Battery' '1 Year Manufacturer warranty.'],mobiles
REDMI A1+ (Black 32 GB),REDMI,8499,10999,22% off,4.0,231 Ratings & 20 Reviews,['3 GB RAM | 32 GB ROM | Expandable Upto 512 GB' '16.56 cm (6.52 inch) HD+ Display' '8MP Rear Camera | 5MP Front Camera' '5000 mAh Lithium Polymer Battery' 'Mediatek Helio A22 Processor' '1 Year Manufacturer Warranty for Phone and 6 Months Warranty for in the Box Accessories'],mobiles
POCO M5 (Yellow 128 GB),POCO,14499,18999,23% off,4.3,1224 Ratings & 84 Reviews,['6 GB RAM | 128 GB ROM | Expandable Upto 512 GB' '16.71 cm (6.58 inch) Full HD+ Display' '50MP + 2MP Depth Sensor + 2MP Macro Sensor | 8MP Front Camera' '5000 mAh Lithium-ion Polymer Battery' 'Mediatek Helio G99 Processor' '1 Year for Handset 6 Months for Accessories'],mobiles
POCO M3 Pro 5G (Yellow 128 GB),POCO,16499,17999,8% off,4.2,52111 Ratings & 4421 Reviews,['6 GB RAM | 128 GB ROM | Expandable Upto 1 TB' '16.51 cm (6.5 inch) Full HD+ Display' '48MP + 2MP + 2MP | 8MP Front Camera' '5000 mAh Lithium-ion Polymer Battery' 'MediaTek Dimensity 700 Processor' 'Multiple Hands-free Voice Assistant' 'One Year Warranty for Handset 6 Months for Accessories'],mobiles
APPLE iPhone 14 Plus 5G (Purple 128 GB),APPLE,88490,89900,1% off,4.5,272 Ratings & 35 Reviews,['128 GB ROM' '17.02 cm (6.7 inch) Super Retina XDR Display' '12MP + 12MP | 12MP Front Camera' 'A15 Bionic Chip 6 Core Processor Processor' '1 Year Warranty for Phone and 6 Months Warranty for In-Box Accessories'],mobiles
realme 9 Pro+ 5G (Sunrise Blue 128 GB),realme,26999,29999,10% off,4.4,26457 Ratings & 3017 Reviews,['8 GB RAM | 128 GB ROM' '16.26 cm (6.4 inch) Full HD+ AMOLED Display' '50MP + 8MP + 2MP | 16MP Front Camera' '4500 mAh Li-ion Battery' 'Mediatek Dimensity 920 Processor' '1 Year Warranty for Phone and 6 Months Warranty for In-Box Accessories'],mobiles
OPPO A77s (Starry Black 128 GB),OPPO,17999,22999,21% off,4.5,63 Ratings & 9 Reviews,['8 GB RAM | 128 GB ROM | Expandable Upto 1 TB' '16.66 cm (6.56 inch) HD+ Display' '50MP + 2MP | 8MP Front Camera' '5000 mAh Lithium-ion Polymer Battery' 'Qualcomm Snapdragon 680 Processor' '1 Year on Handset and 6 Months on Accessories'],mobiles
LAVA Gem,LAVA,1875,1916,2% off,4.2,7727 Ratings & 692 Reviews,['32 MB RAM | 32 MB ROM | Expandable Upto 32 GB' '7.11 cm (2.8 inch) QVGA Display' '1.3MP Rear Camera' '1750 mAh Battery' '1 year manufacturer Replacement for device and 6 months manufacturer warranty for in-box accessories including batteries from the date of purchase'],mobiles
SAMSUNG Galaxy F12 (Sky Blue 128 GB),SAMSUNG,11499,13999,17% off,4.3,296790 Ratings & 23488 Reviews,['4 GB RAM | 128 GB ROM | Expandable Upto 512 GB' '16.55 cm (6.515 inch) HD+ Display' '48MP + 5MP + 2MP + 2MP | 8MP Front Camera' '6000 mAh Lithium-ion Battery' 'Exynos 850 Processor' '1 Year Warranty Provided by the Manufacturer from Date of Purchase'],mobiles
Redmi 9A (Sea Blue 32 GB),Redmi,7430,8525,12% off,4.3,14426 Ratings & 909 Reviews,['3 GB RAM | 32 GB ROM | Expandable Upto 512 GB' '16.59 cm (6.53 inch) HD+ Display' '13MP Rear Camera | 5MP Front Camera' '5000 mAh Battery' 'MediaTek Helio G25 Processor' '1 year manufacturer warranty for device and 6 months manufacturer warranty for in-box accessories including batteries from the date of purchase'],mobiles
Itel Ace Young Without Charger,Itel,1025,1040,1% off,4.0,2733 Ratings & 195 Reviews,['4 MB RAM | 4 MB ROM | Expandable Upto 32 GB' '4.57 cm (1.8 inch) Quarter QVGA Display' '1000 mAh Lithium ion Battery' '6 Months Manufacturer Warranty for Device and 6 Months Manufacturer Warranty for In-box Accessories Including Batteries from the Date of Purchase'],mobiles
IQOO 9 5G (Alpha 256 GB),IQOO,39990,43990,9% off,4.0,31 Ratings & 3 Reviews,['12 GB RAM | 256 GB ROM' '16.66 cm (6.56 inch) Display' '48MP + 48MP + 13MP + 13MP | 16MP Front Camera' '4350 mAh Battery' '1 Year'],mobiles
REDMI Note 9 (Aqua Green 64 GB),REDMI,11999,14999,20% off,4.3,123339 Ratings & 9424 Reviews,['4 GB RAM | 64 GB ROM | Expandable Upto 512 GB' '16.59 cm (6.53 inch) Full HD+ Display' '48MP + 8MP + 2MP + 2MP | 13MP Front Camera' '5020 mAh Battery' 'MediaTek Helio G85 Processor' '1 Year Manufacturer Warranty for Device and 6 months Manufacturer Warranty for In-box Accessories Including Batteries from the Date of Purchase'],mobiles
SAMSUNG Galaxy A53 (Awesome Black 128 GB),SAMSUNG,31999,38990,17% off,4.0,537 Ratings & 62 Reviews,['6 GB RAM | 128 GB ROM | Expandable Upto 1 TB' '16.51 cm (6.5 inch) Full HD+ Display' '64MP + 12MP + 5MP + 5MP | 32MP Front Camera' '5000 mAh Lithium Ion Battery' 'Exynos Octa Core Processor Processor' '1 Year Manufacturer Warranty for Device and 6 Months Manufacturer Warranty for In-Box'],mobiles
Itel Vision1 (Gradation Blue 32 GB),Itel,5990,6690,10% off,4.1,231 Ratings & 18 Reviews,['2 GB RAM | 32 GB ROM | Expandable Upto 128 GB' '15.46 cm (6.088 inch) HD+ Display' '8MP Rear Camera | 5MP Front Camera' '4000 mAh Battery' 'Cortex A55 architecture (Octa core) Processor' '100 Days replacement with 1 year warranty for handset and 6 months warranty for accessories(T&C Apply).'],mobiles
SAMSUNG 192 L Direct Cool Single Door 3 Star Refrigerator with Base Drawer,SAMSUNG,15890,18990,16% off,4.4,4986 Ratings & 509 Reviews,['Digital Inverter Compressor' 'Built-in Stabilizer' '1 year comprehensive warranty on product 20 years on compressor'],refrigerator
SAMSUNG 192 L Direct Cool Single Door 2 Star Refrigerator,SAMSUNG,12990,14990,13% off,4.4,36203 Ratings & 3366 Reviews,['Linear Compressor' 'Built-in Stabilizer' '1 Year Warranty on Product and 10 Years on Compressor From Samsung'],refrigerator
SAMSUNG 253 L Frost Free Double Door 3 Star Refrigerator,SAMSUNG,24490,31990,23% off,4.4,22108 Ratings & 2161 Reviews,['Digital Inverter Compressor' 'Built-in Stabilizer' '1 year comprehensive warranty on product 20 years on compressor'],refrigerator
SAMSUNG 198 L Direct Cool Single Door 4 Star Refrigerator with Base Drawer,SAMSUNG,16490,19990,17% off,4.4,13283 Ratings & 1437 Reviews,['Digital Inverter Compressor' 'Built-in Stabilizer' '1 year comprehensive warranty on product 20 years on compressor'],refrigerator
SAMSUNG 253 L Frost Free Double Door 3 Star Convertible Refrigerator,SAMSUNG,26290,34990,24% off,4.4,12736 Ratings & 1255 Reviews,['Digital Inverter Compressor' 'Built-in Stabilizer' '1 year comprehensive warranty on product 20 years on compressor'],refrigerator
Godrej 185 L Direct Cool Single Door 4 Star Refrigerator,Godrej,13990,16490,15% off,4.3,14068 Ratings & 1524 Reviews,['Intelligent Inverter Compressor' 'Built-in Stabilizer' '1 Year on Product and 10 Years on Compressor From Godrej'],refrigerator
SAMSUNG 253 L Frost Free Double Door 2 Star Convertible Refrigerator,SAMSUNG,22990,32990,30% off,4.4,7758 Ratings & 787 Reviews,['Digital Inverter Compressor' 'Built-in Stabilizer' '1 year comprehensive warranty on product 20 years on compressor'],refrigerator
SAMSUNG 198 L Direct Cool Single Door 4 Star Refrigerator with Base Drawer,SAMSUNG,16490,19990,17% off,4.5,57394 Ratings & 6520 Reviews,['Digital Inverter Compressor' 'Built-in Stabilizer' '1 year comprehensive warranty on product 20 years on compressor'],refrigerator
SAMSUNG 198 L Direct Cool Single Door 5 Star Refrigerator with Base Drawer,SAMSUNG,17990,21990,18% off,4.5,57394 Ratings & 6520 Reviews,['Digital Inverter Compressor' 'Built-in Stabilizer' '1 year comprehensive warranty on product 20 years on compressor'],refrigerator
LG 260 L Frost Free Double Door Top Mount 3 Star Convertible Refrigerator  with Smart Inverter,LG,25490,36390,29% off,4.4,8122 Ratings & 757 Reviews,['Smart Inverter Compressor' 'Built-in Stabilizer' '1 Year on Product and 10 Years on Compressor from LG'],refrigerator
Whirlpool 245 L Frost Free Double Door 2 Star Refrigerator,Whirlpool,20990,29350,28% off,4.3,5316 Ratings & 572 Reviews,['Normal Compressor' 'Built-in Stabilizer' '1 Year on Product and 10 Years on Compressor'],refrigerator
SAMSUNG 253 L Frost Free Double Door 2 Star Convertible Refrigerator,SAMSUNG,24690,32990,25% off,4.4,7758 Ratings & 787 Reviews,['Digital Inverter Compressor' 'Built-in Stabilizer' '1 year comprehensive warranty on product 20 years on compressor'],refrigerator
LG 260 L Frost Free Double Door Top Mount 3 Star Refrigerator  with Smart Inverter,LG,25490,33690,24% off,4.4,16902 Ratings & 2027 Reviews,['Smart Inverter Compressor' 'Built-in Stabilizer' '1 Year on Product and 10 Years on Compressor from LG'],refrigerator
Lloyd 200 L Direct Cool Single Door 4 Star Refrigerator with Base Drawer,Lloyd,14990,24390,38% off,4.4,2264 Ratings & 267 Reviews,['Inverter Compressor' 'Built-in Stabilizer' '1 Year on Product and 10 Years on Compressor From Lloyd'],refrigerator
SAMSUNG 275 L Frost Free Double Door 3 Star Convertible Refrigerator,SAMSUNG,28990,36990,21% off,4.4,6527 Ratings & 696 Reviews,['Digital Inverter Compressor' 'Built-in Stabilizer' '1 year comprehensive warranty on product 20 years on compressor'],refrigerator
SAMSUNG 192 L Direct Cool Single Door 2 Star Refrigerator with Base Drawer,SAMSUNG,14790,16990,12% off,4.4,3591 Ratings & 350 Reviews,['Liner Compressor' '1 Year on Product and 10 Years on Compressor From Samsung'],refrigerator
SAMSUNG 220 L Direct Cool Single Door 4 Star Refrigerator  with Curd Maestro,SAMSUNG,19490,25990,25% off,4.6,416 Ratings & 47 Reviews,['Digital Inverter Compressor' 'Built-in Stabilizer' '1 year comprehensive warranty on product 20 years on compressor'],refrigerator
Godrej 185 L Direct Cool Single Door 2 Star Refrigerator,Godrej,12190,16350,25% off,4.3,3771 Ratings & 359 Reviews,['Reciprocatory Compressor' 'Built-in Stabilizer' '1 Year Comprehensive Warranty on Product and 5 Years on Motor'],refrigerator
LG 190 L Direct Cool Single Door 5 Star Refrigerator with Base Drawer  with Smart Inverter Compressor,LG,17690,21490,17% off,4.4,9679 Ratings & 1040 Reviews,['Smart Inverter Compressor' 'Built-in Stabilizer' '1 Year on Product and 10 Years on Compressor From LG'],refrigerator
SAMSUNG 255 L Direct Cool Single Door 3 Star Refrigerator with Base Drawer,SAMSUNG,20390,25990,21% off,4.3,3841 Ratings & 500 Reviews,['Digital Inverter Compressor' 'Built-in Stabilizer' '1 year comprehensive warranty on product 20 years on compressor'],refrigerator
Whirlpool 265 L Frost Free Double Door 3 Star Convertible Refrigerator,Whirlpool,25990,34050,23% off,4.3,28704 Ratings & 3078 Reviews,['Digital Inverter' 'Built-in Stabilizer' '1 Year Warranty on Unit and 10 Years Warranty on Compressor from Whirlpool'],refrigerator
CANDY 170 L Direct Cool Single Door 2 Star Refrigerator,CANDY,9990,12000,16% off,4.3,6744 Ratings & 839 Reviews,['Reciprocatory Compressor' 'Built-in Stabilizer' '1 Year Warranty On Product and 10 Years on Compressor'],refrigerator
Whirlpool 240 L Frost Free Triple Door Refrigerator,Whirlpool,25490,33250,23% off,4.4,31315 Ratings & 3863 Reviews,['Normal Compressor' 'Built-in Stabilizer' '1 Year Warranty on Product and 10 Years Warranty on Compressor from Whirlpool'],refrigerator
SAMSUNG 192 L Direct Cool Single Door 3 Star Refrigerator,SAMSUNG,14590,17990,18% off,4.4,8121 Ratings & 843 Reviews,['Digital Inverter Compressor' 'Built-in Stabilizer' '1 year comprehensive warranty on product 20 years on compressor'],refrigerator
Godrej 236 L Frost Free Double Door 2 Star Refrigerator,Godrej,20290,21900,7% off,4.3,5335 Ratings & 578 Reviews,['Inverter Compressor' 'Built-in Stabilizer' '1 Year Warranty on product and 10 Years Warranty on Compressor from Godrej'],refrigerator
Haier 195 L Direct Cool Single Door 4 Star Refrigerator,Haier,16490,28200,41% off,4.4,2770 Ratings & 320 Reviews,['Reciprocatory Compressor' 'Built-in Stabilizer' '1 Year Warranty on Product 10 Years Warranty on Compressor'],refrigerator
Haier 256 L Frost Free Double Door Bottom Mount 2 Star Convertible Refrigerator,Haier,22490,35900,37% off,4.4,939 Ratings & 81 Reviews,['Reciprocating Compressor' 'Built-in Stabilizer' '1 Year On Product and 10 Years on Compressor from Haier'],refrigerator
SAMSUNG 253 l Frost Free Double Door 1 Star Refrigerator,SAMSUNG,20390,25990,21% off,4.4,1020 Ratings & 72 Reviews,['Digital Inverter Compressor' 'Built-in Stabilizer' '1 year comprehensive warranty on product 20 years on compressor'],refrigerator
Godrej 195 L Direct Cool Single Door 4 Star Refrigerator with Base Drawer,Godrej,15690,19990,21% off,4.3,14068 Ratings & 1524 Reviews,['Intelligent Inverter Compressor' 'Built-in Stabilizer' '1 Year on Product and 10 Years on Compressor From Godrej'],refrigerator
realme TechLife 195 L Direct Cool Single Door 2 Star Refrigerator,realme,11990,17490,31% off,4.2,385 Ratings & 63 Reviews,['Reciprocating Compressor' 'Built-in Stabilizer' '1 Year Warranty on Product and 10 Years on Compressor'],refrigerator
SAMSUNG 415 L Frost Free Double Door 3 Star Convertible Refrigerator,SAMSUNG,45490,54990,17% off,4.4,1975 Ratings & 225 Reviews,['Digital Inverter Compressor' 'Built-in Stabilizer' '1 year comprehensive warranty on product 20 years on compressor'],refrigerator
LG 308 L Frost Free Double Door 3 Star Convertible Refrigerator  with Smart Inverter With Multi Air Fl...,LG,32990,48199,31% off,4.1,32 Ratings & 1 Reviews,['Smart Inverter Compressor' 'Built-in Stabilizer' '1 Year Warranty on Product and 10 Years Warranty on Compressor From LG'],refrigerator
SAMSUNG 345 L Frost Free Double Door 3 Star Convertible Refrigerator,SAMSUNG,36490,47990,23% off,4.3,7661 Ratings & 821 Reviews,['Digital Inverter Compressor' 'Built-in Stabilizer' '1 year comprehensive warranty on product 20 years on compressor'],refrigerator
Godrej 236 L Frost Free Double Door 2 Star Refrigerator,Godrej,19990,21900,8% off,4.2,3850 Ratings & 416 Reviews,['Inverter Compressor' 'Built-in Stabilizer' '1 Year Warranty on product and 10 Years Warranty on Compressor from Godrej'],refrigerator
SAMSUNG 225 L Direct Cool Single Door 4 Star Refrigerator with Base Drawer  with Digi Touch Cool BSD,SAMSUNG,19790,22990,13% off,4.4,11806 Ratings & 1366 Reviews,['Digital Inverter Compressor' 'Built-in Stabilizer' '1 year comprehensive warranty on product 20 years on compressor'],refrigerator
SAMSUNG 314 L Frost Free Double Door 2 Star Refrigerator  with Curd Maestro,SAMSUNG,40400,43721,7% off,4.7,11 Ratings & 1 Reviews,['Digital Inverter Compressor' 'Built-in Stabilizer' '1 year comprehensive warranty on product 20 years on compressor'],refrigerator
MOTOROLA 338 L Frost Free Double Door 3 Star Convertible Refrigerator,MOTOROLA,28490,43399,34% off,4.3,399 Ratings & 53 Reviews,['Inverter Compressor' 'Built-in Stabilizer' '1 Year Warranty on Product and 10 Years on Compressor from Motorola'],refrigerator
SAMSUNG 225 L Direct Cool Single Door 4 Star Refrigerator,SAMSUNG,17190,23990,28% off,4.3,441 Ratings & 45 Reviews,['Digital Inverter Compressor' 'Built-in Stabilizer' '1 year comprehensive warranty on product 20 years on compressor'],refrigerator
SAMSUNG 253 L Frost Free Double Door 2 Star Refrigerator with Base Drawer,SAMSUNG,22990,29990,23% off,4.4,2900 Ratings & 337 Reviews,['Digital Inverter Compressor' 'Built-in Stabilizer' '1 year comprehensive warranty on product 20 years on compressor'],refrigerator
SAMSUNG 324 L Frost Free Double Door 2 Star Convertible Refrigerator,SAMSUNG,30990,41990,26% off,4.4,5094 Ratings & 618 Reviews,['Digital Inverter Compressor' 'Built-in Stabilizer' '1 year comprehensive warranty on product 20 years on compressor'],refrigerator
Haier 630 L Frost Free Side by Side Convertible Refrigerator,Haier,64990,131900,50% off,4.5,90 Ratings & 11 Reviews,['Inverter Compressor' 'Built-in Stabilizer' '1 Year on Product and 10 Years on Compressor'],refrigerator
Lifelong 460 L Frost Free Side by Side Refrigerator,Lifelong,39990,62000,35% off,4.1,519 Ratings & 81 Reviews,['Inverter Compressor' '1 Year on Product and 10 Years on Compressor from Lifelong'],refrigerator
Whirlpool 190 L Direct Cool Single Door 2 Star Refrigerator,Whirlpool,13690,17150,20% off,4.3,6590 Ratings & 541 Reviews,['Normal Compressor' 'Built-in Stabilizer' '1 Year on Product and 10 Years on the Compressor'],refrigerator
CANDY 170 L Direct Cool Single Door 2 Star Refrigerator,CANDY,9990,12500,20% off,4.3,6744 Ratings & 839 Reviews,['Reciprocatory Compressor' 'Built-in Stabilizer' '1 Year Warranty on Product and 10 Years Warranty on Compressor & fan Motor'],refrigerator
Whirlpool 340 L Frost Free Double Door 2 Star Convertible Refrigerator,Whirlpool,31990,45250,29% off,4.2,155 Ratings & 15 Reviews,['Intellisense Inverter Compressor' 'Built-in Stabilizer' '1 Year Warranty on Product 10 Years Warranty on Compressor'],refrigerator
SAMSUNG 230 L Direct Cool Single Door 3 Star Refrigerator,SAMSUNG,17090,18990,10% off,4.3,16391 Ratings & 1657 Reviews,['Digital Inverter Compressor' 'Built-in Stabilizer' '1 year comprehensive warranty on product 20 years on compressor'],refrigerator
LG 190 L Direct Cool Single Door 2 Star Refrigerator,LG,12990,17899,27% off,4.5,249 Ratings & 4 Reviews,['Reciprocating Compressor' 'Built-in Stabilizer' '1 Year Warranty on Product and 10 Years Warranty on Compressor From LG'],refrigerator
LG 45 L Direct Cool Single Door 2 Star Refrigerator,LG,7109,10190,30% off,4.1,687 Ratings & 88 Reviews,['Linear Compressor' 'Built-in Stabilizer' '1 Year Warranty on Product and 10 Years Warranty on Compressor from LG'],refrigerator
Whirlpool 215 L Direct Cool Single Door 5 Star Refrigerator with Base Drawer,Whirlpool,19390,24200,19% off,4.4,3614 Ratings & 389 Reviews,['Inverter Compressor' 'Built-in Stabilizer' '1 Year on Product and 10 Years on Compressor from Whirlpool'],refrigerator
Haier 256 L Frost Free Double Door 3 Star Convertible Refrigerator,Haier,25990,40400,35% off,4.4,3847 Ratings & 363 Reviews,['Inverter Compressor' 'Built-in Stabilizer' '1 Year Warranty on Product and 10 Years on Compressor'],refrigerator
SAMSUNG 220 L Direct Cool Single Door 4 Star Refrigerator with Base Drawer  with Digi Touch Cool Curd...,SAMSUNG,21790,25990,16% off,4.5,880 Ratings & 132 Reviews,['Digital Inverter Compressor' 'Built-in Stabilizer' '1 year comprehensive warranty on product 20 years on compressor'],refrigerator
SAMSUNG 230 L Direct Cool Single Door 3 Star Refrigerator with Base Drawer,SAMSUNG,18490,22990,19% off,4.4,8329 Ratings & 977 Reviews,['Digital Inverter Compressor' 'Built-in Stabilizer' '1 year comprehensive warranty on product 20 years on compressor'],refrigerator
SAMSUNG 198 L Direct Cool Single Door 5 Star Refrigerator with Base Drawer,SAMSUNG,17990,21990,18% off,4.5,2151 Ratings & 258 Reviews,['Digital Inverter Compressor' 'Built-in Stabilizer' '1 year comprehensive warranty on product 20 years on compressor'],refrigerator
LG 235 L Direct Cool Single Door 5 Star Refrigerator with Base Drawer,LG,20490,30399,32% off,4.4,7175 Ratings & 749 Reviews,['Inverter Compressor' 'Built-in Stabilizer' '1 Year on Refrigerator Unit and 10 Years on Compressor From LG'],refrigerator
Haier 258 L Frost Free Double Door 3 Star Convertible Refrigerator,Haier,23990,39600,39% off,4.4,7806 Ratings & 818 Reviews,['Inverter Compressor' 'Built-in Stabilizer' '1 Year Warranty on Product and 10 Years on Compressor'],refrigerator
Whirlpool 265 L Frost Free Double Door 2 Star Refrigerator,Whirlpool,23290,30550,23% off,4.3,13902 Ratings & 1653 Reviews,['Rotary Compressor' 'Built-in Stabilizer' '1 Year Warranty on Unit and 10 Years Warranty on Compressor'],refrigerator
Haier 256 l Frost Free Double Door Bottom Mount 3 Star Convertible Refrigerator,Haier,26990,31050,13% off,4.4,2818 Ratings & 371 Reviews,['Normal Compressor' 'Built-in Stabilizer' '1  Year Warranty on Product and 10 Years Warranty on Compressor from Haier'],refrigerator
LG 235 L Direct Cool Single Door 4 Star Refrigerator with Base Drawer,LG,20890,30499,31% off,4.4,8852 Ratings & 1004 Reviews,['Smart Inverter Compressor' 'Built-in Stabilizer' '1 Year on Refrigrator Unit and 10 Years on Compressor'],refrigerator
LG 260 L Frost Free Double Door 2 Star Convertible Refrigerator  with Convertible Refrigerator,LG,23990,33299,27% off,4.4,1027 Ratings & 84 Reviews,['Smart Inverter Compressor' 'Built-in Stabilizer' '1 Year on Product and 10 Years on Compressor From LG'],refrigerator
LG 204 L Direct Cool Single Door 5 Star Refrigerator with Base Drawer,LG,19490,25599,23% off,4.3,20 Ratings & 1 Reviews,['Smart Inverter Compressor' 'Built-in Stabilizer' '1 Year Warranty on Product and 10 Years Warranty on Compressor From LG'],refrigerator
Haier 195 L Direct Cool Single Door 4 Star Refrigerator,Haier,14690,18400,20% off,4.4,138 Ratings & 12 Reviews,['Reciprocatory Compressor' 'Built-in Stabilizer' '1 Year Warranty on Product and 10 Years on Compressor'],refrigerator
LG 215 L Direct Cool Single Door 3 Star Refrigerator with Base Drawer  with Fast Ice Making,LG,16990,26099,34% off,4.5,101 Ratings & 6 Reviews,['Reciprocating Compressor' 'Built-in Stabilizer' '1 Year Warranty on Product and 10 Years Warranty on Compressor From LG'],refrigerator
SAMSUNG 275 L Frost Free Double Door 3 Star Refrigerator,SAMSUNG,27490,34990,21% off,4.3,1560 Ratings & 135 Reviews,['Digital Inverter Compressor' 'Built-in Stabilizer' '1 year comprehensive warranty on product 20 years on compressor'],refrigerator
LG 204 L Direct Cool Single Door 5 Star Refrigerator,LG,19990,25499,21% off,4.5,24 Ratings & 2 Reviews,['Smart Inverter Compressor' 'Built-in Stabilizer' '1 Year Warranty on Product and 10 Years on Compressor from LG'],refrigerator
MarQ by Flipkart 170 L Direct Cool Single Door 2 Star Refrigerator,MarQ,9965,12999,23% off,4.1,6098 Ratings & 737 Reviews,['Reciprocatory Compressor' 'Built-in Stabilizer' '1 Year on Product and 5 Years on Compressor Warranty From Marq by Flipkart'],refrigerator
Haier 346 L Frost Free Double Door 3 Star Convertible Refrigerator,Haier,35990,54600,34% off,4.5,753 Ratings & 108 Reviews,['Inverter Compressor' '1 Year Warranty on Product and 10 Years on Compressor Warranty from Haier'],refrigerator
Godrej 240 L Direct Cool Single Door 4 Star Refrigerator with Base Drawer,Godrej,18990,25000,24% off,4.3,1862 Ratings & 239 Reviews,['Inverter Compressor' '1 Year Warranty on Product and 10 Years on Compressor from Godrej'],refrigerator
Whirlpool 190 L Direct Cool Single Door 3 Star Refrigerator,Whirlpool,13290,18700,28% off,4.3,38205 Ratings & 3534 Reviews,['Normal Compressor' 'Built-in Stabilizer' '1 Year on Product and 10 Years on Compressor from Whirlpool'],refrigerator
Whirlpool 300 L Frost Free Triple Door Refrigerator,Whirlpool,31390,43950,28% off,4.4,31315 Ratings & 3863 Reviews,['Normal Compressor' 'Built-in Stabilizer' '1 Year Warranty on Product and 10 Years on Compressor From Whirlpool'],refrigerator
Whirlpool 245 L Frost Free Double Door 3 Star Refrigerator,Whirlpool,23690,29700,20% off,4.2,476 Ratings & 56 Reviews,['Inverter Compressor' 'Built-in Stabilizer' '1 Year Comprehensive Warranty on Product and 9 Years Warranty on Compressor'],refrigerator
Whirlpool 360 L Frost Free Double Door 3 Star Convertible Refrigerator,Whirlpool,37990,53450,28% off,4.3,800 Ratings & 96 Reviews,['Intellisense Inverter Compressor' 'Built-in Stabilizer' '1 Year on Product and 10 Years on the Compressor from Whirlpool'],refrigerator
LG 190 L Direct Cool Single Door 3 Star Refrigerator,LG,14990,21199,29% off,4.4,69 Ratings & 3 Reviews,['Conventional Compressor' 'Built-in Stabilizer' '1 Year on Product and 10 Years on Compressor From LG'],refrigerator
Haier 258 L Frost Free Double Door 2 Star Convertible Refrigerator,Haier,21990,27800,20% off,4.4,7806 Ratings & 818 Reviews,['Reciprocatory Compressor' 'Built-in Stabilizer' '1 Year on Product and 10 Years on Compressor'],refrigerator
MarQ by Flipkart 90 L Direct Cool Single Door 1 Star Refrigerator,MarQ,8499,10999,22% off,4.0,3180 Ratings & 416 Reviews,['Reciprocatory Compressor' 'Built-in Stabilizer' '1 Year Warranty on Product and 5 Years on Compressor Warranty from MarQ by Flipkart'],refrigerator
Haier 190 L Direct Cool Single Door 2 Star Refrigerator,Haier,12290,18400,33% off,4.3,7541 Ratings & 745 Reviews,['Reciprocatory Compressor' 'Built-in Stabilizer' '1 Year Warranty on Product and 10 Years on Compressor'],refrigerator
LG 190 L Direct Cool Single Door 5 Star Refrigerator with Base Drawer,LG,15990,20990,23% off,4.4,7175 Ratings & 749 Reviews,['Inverter Compressor' 'Built-in Stabilizer' '1 Year on Refrigerator Unit and 10 Years on Compressor From LG'],refrigerator
Haier 258 L Frost Free Double Door 3 Star Convertible Refrigerator,Haier,30990,50600,38% off,4.1,13 Ratings & 5 Reviews,['Inverter Compressor' 'Built-in Stabilizer' '1 Year Warranty on Product and 10 Years Warranty on Compressor'],refrigerator
SAMSUNG 198 L Direct Cool Single Door 4 Star Refrigerator,SAMSUNG,16790,18990,11% off,4.4,1142 Ratings & 122 Reviews,['Digital Inverter Compressor' 'Built-in Stabilizer' '1 year comprehensive warranty on product 20 years on compressor'],refrigerator
SAMSUNG 580 L Frost Free French Door Bottom Mount Convertible Refrigerator,SAMSUNG,69990,87990,20% off,4.4,293 Ratings & 38 Reviews,['Digital Inverter Compressor' 'Built-in Stabilizer' '1 year comprehensive warranty on product 20 years on compressor'],refrigerator
Haier 220 L Direct Cool Single Door 4 Star Refrigerator,Haier,17490,25900,32% off,4.3,2183 Ratings & 255 Reviews,['Inverter Compressor' 'Built-in Stabilizer' '1 Year on Product and 10 Years on Compressor from Haier'],refrigerator
Godrej 185 L Direct Cool Single Door 3 Star Refrigerator,Godrej,13690,15990,14% off,4.3,14068 Ratings & 1524 Reviews,['Reciprocatory Compressor' 'Built-in Stabilizer' '1 Year on Product and 10 Years on Compressor From Godrej'],refrigerator
Godrej 190 L Direct Cool Single Door 3 Star Refrigerator  with Intelligent Inverter Compressor,Godrej,13990,15490,9% off,4.3,5606 Ratings & 582 Reviews,['Inverter' 'Built-in Stabilizer' '1 Year Warranty on product and 10 Years Warranty on Compressor from Godrej'],refrigerator
Whirlpool 240 L Frost Free Triple Door Refrigerator,Whirlpool,25990,36400,28% off,4.4,31315 Ratings & 3863 Reviews,['Normal Compressor' 'Built-in Stabilizer' '1 Year on Product and 10 Years on Compressor From Whirlpool'],refrigerator
Midea 591 L Frost Free Side by Side Refrigerator,Midea,57990,87990,34% off,4.1,248 Ratings & 37 Reviews,['DC Inverter Compressor' 'Built-in Stabilizer' '1 Year on Product and 10 Years on Compressor'],refrigerator
Haier 170 L Direct Cool Single Door 2 Star Refrigerator,Haier,11390,14400,20% off,4.2,3650 Ratings & 307 Reviews,['Reciprocating Compressor' 'Built-in Stabilizer' '1 Year On Product and 10 Years on Compressor from Haier'],refrigerator
SAMSUNG 198 L Direct Cool Single Door 4 Star Refrigerator  with Digi Touch Cool,SAMSUNG,16490,17990,8% off,4.4,2236 Ratings & 259 Reviews,['Digital Inverter Compressor' 'Built-in Stabilizer' '1 year comprehensive warranty on product 20 years on compressor'],refrigerator
SAMSUNG 244 L Frost Free Double Door 3 Star Refrigerator  with Curd Maestro,SAMSUNG,25990,31990,18% off,4.4,7150 Ratings & 713 Reviews,['Digital Inverter Compressor' 'Built-in Stabilizer' '1 year comprehensive warranty on product 20 years on compressor'],refrigerator
Whirlpool 190 L Direct Cool Single Door 4 Star Refrigerator,Whirlpool,14990,17900,16% off,4.3,2241 Ratings & 227 Reviews,['Inverter Compressor' 'Built-in Stabilizer' '1 Year on Product and 10 Years on Compressor From Whirlpool'],refrigerator
MarQ by Flipkart 190 L Direct Cool Single Door 3 Star Refrigerator,MarQ,10990,15990,31% off,4.2,1586 Ratings & 218 Reviews,['Reciprocatory Compressor' '1 Year Warranty on Product and 5 Years on Compressor From MarQ by Flipkart'],refrigerator
LG 190 L Direct Cool Single Door 4 Star Refrigerator,LG,15290,20390,25% off,4.4,36277 Ratings & 3502 Reviews,['Smart Inverter Compressor' 'Built-in Stabilizer' '1 Year Warranty on product and 10 Years Warranty on compressor from LG'],refrigerator
Godrej 231 L Frost Free Double Door 1 Star Refrigerator,Godrej,18790,21900,14% off,4.1,142 Ratings & 13 Reviews,['Reciprocating Compressor' 'Built-in Stabilizer' '1 Year Warranty on Product and 10 Years on Compressor'],refrigerator
LG 546 L Frost Free Double Door 2 Star Refrigerator  with with Door Cooling,LG,68490,73090,6% off,4.4,9 Ratings & 1 Reviews,['Inverter Linear Compressor' 'Built-in Stabilizer' '1 Year Warranty on product and 10 Years Warranty on compressor from LG'],refrigerator
Haier 345 L Frost Free Double Door 3 Star Convertible Refrigerator,Haier,33490,52400,36% off,4.1,135 Ratings & 13 Reviews,['Inverter Compressor' 'Built-in Stabilizer' '1 Year on Product and 10 Years on Compressor From Haier'],refrigerator
Whirlpool 265 L Frost Free Double Door 3 Star Convertible Refrigerator,Whirlpool,25990,37350,30% off,4.0,107 Ratings & 6 Reviews,['Inverter' 'Built-in Stabilizer' '1 Year on Unit and 10 Years on Compressor from Whirlpool'],refrigerator
LG 190 L Direct Cool Single Door 3 Star Refrigerator with Base Drawer  with Fast Ice Making,LG,16989,22229,23% off,4.4,8 Ratings & 0 Reviews,['Conventional Compressor' 'Built-in Stabilizer' '1 Year on Product and 10 Years on Compressor From LG'],refrigerator
Godrej 215 L Direct Cool Single Door 4 Star Refrigerator with Base Drawer,Godrej,17790,20990,15% off,4.3,14068 Ratings & 1524 Reviews,['Intelligent Inverter Compressor' 'Built-in Stabilizer' '1 Year on Product and 10 Years on Compressor From Godrej'],refrigerator
Whirlpool 245 L Frost Free Double Door 2 Star Refrigerator,Whirlpool,23190,30200,23% off,4.2,856 Ratings & 86 Reviews,['Reciprocating Compressor' '1 Year on Product and 10 Years on the Compressor from Whirlpool'],refrigerator
LG 260 L Frost Free Double Door 3 Star Convertible Refrigerator,LG,30999,43299,28% off,4.4,10 Ratings & 2 Reviews,['Smart Inverter Compressor' 'Built-in Stabilizer' '1 Year Warranty on Product and 10 Years Warranty on Compressor from LG'],refrigerator
Whirlpool 215 L Direct Cool Single Door 4 Star Refrigerator with Base Drawer,Whirlpool,18190,25900,29% off,4.2,135 Ratings & 14 Reviews,['IntelliSense Inverter Compressor' 'Built-in Stabilizer' '1 Year on Product and 10 Years on Compressor from Whirlpool'],refrigerator
SAMSUNG 192 L Direct Cool Single Door 1 Star Refrigerator,SAMSUNG,12490,14990,16% off,4.3,5354 Ratings & 484 Reviews,['Normal Compressor' 'Built-in Stabilizer' '1 Year on Product and 10 Years on Compressor From Samsung'],refrigerator
LG 190 L Direct Cool Single Door 4 Star Refrigerator,LG,14990,18690,19% off,4.4,1125 Ratings & 92 Reviews,['Smart Inverter Compressor' 'Built-in Stabilizer' '1 Year Warranty on Product and 10 Years Warranty on Compressor from LG'],refrigerator
Panasonic 309 L Frost Free Double Door 3 Star Refrigerator,Panasonic,29990,42800,29% off,4.3,257 Ratings & 41 Reviews,['Inverter Compressor' 'Built-in Stabilizer' '1 Year Comprehensive Warranty on Product and 10 Years on Compressor'],refrigerator
Whirlpool 245 L Frost Free Double Door 2 Star Refrigerator,Whirlpool,21819,32200,32% off,3.9,9 Ratings & 0 Reviews,['Digital Inverter' 'Built-in Stabilizer' '1 Year on Product and 10 Years on Compressor From Whirlpool'],refrigerator
Whirlpool 292 L Frost Free Double Door 3 Star Convertible Refrigerator,Whirlpool,30490,36400,16% off,4.3,28704 Ratings & 3078 Reviews,['Digital Inverter Technology Compressor' 'Built-in Stabilizer' '1 Year on the Unit & 10 Years on the Compressor'],refrigerator
SAMSUNG 253 L Frost Free Double Door 2 Star Refrigerator with Base Drawer,SAMSUNG,27400,29990,8% off,4.2,25 Ratings & 2 Reviews,['Digital Inverter Compressor' 'Built-in Stabilizer' '1 year comprehensive warranty on product 20 years on compressor'],refrigerator
Haier 190 L Direct Cool Single Door 2 Star Refrigerator,Haier,12500,18700,33% off,4.3,327 Ratings & 39 Reviews,['Reciprocating Compressor' 'Built-in Stabilizer' '1 Year Warranty on Product and 10 Years on Compressor'],refrigerator
Whirlpool 330 L Frost Free Triple Door Refrigerator,Whirlpool,35990,48150,25% off,4.4,31315 Ratings & 3863 Reviews,['Reciprocatory Compressor' 'Built-in Stabilizer' '1 Year Warranty on Product and 10 Years Warranty on Compressor from Whirlpool'],refrigerator
Haier 376 L Frost Free Double Door Bottom Mount 3 Star Refrigerator,Haier,37990,65100,41% off,4.5,12 Ratings & 0 Reviews,['Twin Inverter Compressor' 'Built-in Stabilizer' 'covered in Warranty All Parts Excluding Plastic Parts Glassware Bulb and Tube from the Date of Purchase. Against Defective Material and Workmanship1 Year Warranty on Product and 10 Years on Compressor'],refrigerator
Godrej 343 L Frost Free Double Door 3 Star Refrigerator,Godrej,34379,49820,30% off,3.9,14 Ratings & 2 Reviews,['Inverter Compressor' 'Built-in Stabilizer' '1 Year Comprehensive Warranty on Prodcut and 10 Years Warranty on Compressor'],refrigerator
SAMSUNG 192 L Direct Cool Single Door 4 Star Refrigerator  with Digi Touch Cool Curd Maestro,SAMSUNG,18000,20990,14% off,4.4,792 Ratings & 89 Reviews,['Digital Inverter Compressor' 'Built-in Stabilizer' '1 year comprehensive warranty on product 20 years on compressor'],refrigerator
Whirlpool 280 L Direct Cool Single Door 3 Star Refrigerator  with Auto Defrost,Whirlpool,22690,26990,15% off,4.0,65 Ratings & 6 Reviews,['Non Inverter Compressor' 'Built-in Stabilizer' '1 Year Warranty on Product and 10 Years on Compressor'],refrigerator
MarQ by Flipkart 190 L Direct Cool Single Door 3 Star Refrigerator,MarQ,11990,15990,25% off,4.2,1586 Ratings & 218 Reviews,['Reciprocatory Compressor' '1 Year Warranty on Product and 5 Years on Compressor From MarQ by Flipkart'],refrigerator
Whirlpool 265 L Frost Free Double Door 2 Star Refrigerator  with Glass Door,Whirlpool,24019,27400,12% off,4.4,2296 Ratings & 254 Reviews,['Normal Compressor' 'Built-in Stabilizer' '1 Year Comprehensive on the Product and 10 Years on the Compressor from Whirlpool'],refrigerator
Haier 220 L Direct Cool Single Door 4 Star Refrigerator,Haier,17990,26900,33% off,4.4,18 Ratings & 1 Reviews,['Normal Compressor' 'Built-in Stabilizer' '1 Year Comprehensive Warranty on Product and 10 Years on Compressor'],refrigerator
SAMSUNG 198 L Direct Cool Single Door 5 Star Refrigerator with Base Drawer,SAMSUNG,19059,24157,21% off,4.3,28 Ratings & 3 Reviews,['Digital Inverter Compressor' 'Built-in Stabilizer' '1 year comprehensive warranty on product 20 years on compressor'],refrigerator
BOSCH 415 L Frost Free Double Door 3 Star Refrigerator,BOSCH,52000,70490,26% off,4.1,16 Ratings & 2 Reviews,['Rotary' '1 Year on Product and 10 Years on Compressor from Bosch'],refrigerator
LG 190 L Direct Cool Single Door 3 Star Refrigerator,LG,15790,21199,25% off,4.1,21 Ratings & 2 Reviews,['Reciprocating Compressor' 'Built-in Stabilizer' '1 Year on Product and 10 Years on Compressor From LG'],refrigerator
LG 260 L Frost Free Double Door 3 Star Convertible Refrigerator,LG,30039,43399,30% off,3.7,7 Ratings & 0 Reviews,['Smart Inverter Compressor' 'Built-in Stabilizer' '1 Year on Product and 10 Years on Compressor From LG'],refrigerator
SAMSUNG 198 L Direct Cool Single Door 5 Star Refrigerator,SAMSUNG,17190,20990,18% off,4.4,3045 Ratings & 331 Reviews,['Digital Inverter Compressor' 'Built-in Stabilizer' '1 year comprehensive warranty on product 20 years on compressor'],refrigerator
realme TechLife 308 L Frost Free Double Door 3 Star Refrigerator,realme,25990,41490,37% off,4.3,685 Ratings & 115 Reviews,['Inverter Compressor' 'Built-in Stabilizer' '1 Year Warranty on Product and 10 Years on Compressor'],refrigerator
Whirlpool 245 L Frost Free Double Door 2 Star Refrigerator,Whirlpool,23190,30200,23% off,4.1,45 Ratings & 5 Reviews,['Reciprocating Compressor' '1 Year on Product and 10 Years on the Compressor'],refrigerator
Hitachi 565 L Frost Free Double Door 3 Star Refrigerator,Hitachi,70559,77500,8% off,4.2,33 Ratings & 7 Reviews,['Inverter Compressor' 'Built-in Stabilizer' '1 Year Warranty on Product and 10 Years Warranty on Compressor from Hitachi'],refrigerator
Whirlpool 325 L Frost Free Double Door Bottom Mount 3 Star Convertible Refrigerator,Whirlpool,38290,53350,28% off,4.2,63 Ratings & 9 Reviews,['Intellisense Inverter Compressor' 'Built-in Stabilizer' '1 Year Warranty on Product and 10 Years on Compressor'],refrigerator
Whirlpool 200 L Direct Cool Single Door 3 Star Refrigerator,Whirlpool,17600,20177,12% off,4.3,10069 Ratings & 1052 Reviews,['Normal Compressor' 'Built-in Stabilizer' '1 Year on Product 10 Years on Compressor'],refrigerator
Whirlpool 190 L Direct Cool Single Door 4 Star Refrigerator,Whirlpool,15890,19800,19% off,4.3,13998 Ratings & 1502 Reviews,['DC Inverter Compressor' 'Built-in Stabilizer' '1 Year on Product and 10 Years on Compressor From Whirlpool'],refrigerator
Whirlpool 190 L Direct Cool Single Door 3 Star Refrigerator,Whirlpool,14590,18000,18% off,4.3,682 Ratings & 54 Reviews,['Non Inverter Compressor' 'Built-in Stabilizer' '1 Year on Product and 10 Years on Compressor from Whirlpool'],refrigerator
Godrej 200 L Direct Cool Single Door 4 Star Refrigerator with Base Drawer,Godrej,15990,23495,31% off,4.3,830 Ratings & 96 Reviews,['Inverter Compressor' 'Built-in Stabilizer' '1 Year Warranty on Product and 10 Years on Compressor from Godrej'],refrigerator
Whirlpool 190 L Direct Cool Single Door 4 Star Refrigerator,Whirlpool,15990,19700,18% off,4.3,13914 Ratings & 1458 Reviews,['Inverter Compressor' 'Built-in Stabilizer' '1 Year on Product and 10 Years on Compressor From Whirlpool'],refrigerator
MarQ by Flipkart 468 L Frost Free Side by Side Refrigerator,MarQ,45990,64999,29% off,4.3,1461 Ratings & 190 Reviews,['Reciprocatory Compressor' 'Built-in Stabilizer' '1 Year Warranty on Product and 5 Years on Compressor'],refrigerator
SAMSUNG 192 L Direct Cool Single Door 2 Star Refrigerator,SAMSUNG,15695,16990,7% off,4.1,30 Ratings & 5 Reviews,['Linear Compressor' 'Built-in Stabilizer' '1 Year on Product and 10 Years on Compressor From Samsung'],refrigerator
LG 190 L Direct Cool Single Door 3 Star Refrigerator,LG,16890,22299,24% off,4.0,3 Ratings & 1 Reviews,['Smart Inverter Compressor' 'Built-in Stabilizer' '1 Year on Product and 10 Years on Compressor From LG'],refrigerator
SAMSUNG 192 L Direct Cool Single Door 3 Star Refrigerator,SAMSUNG,15490,17490,11% off,4.5,56 Ratings & 2 Reviews,['Digital Inverter Compressor' 'Built-in Stabilizer' '1 year comprehensive warranty on product 20 years on compressor'],refrigerator
SAMSUNG 579 L Frost Free Double Door Bottom Mount Inverter Technology Star Convertible Refrigerator wi...,SAMSUNG,79000,93581,15% off,5.0,3 Ratings & 1 Reviews,['Digital Inverter Compressor' 'Built-in Stabilizer' '1Year Warranty on Product and 10 Years Warranty on Compressor from Samsung'],refrigerator
MOTOROLA 507 L Frost Free Multi-Door Convertible Refrigerator,MOTOROLA,70999,97499,27% off,4.2,167 Ratings & 20 Reviews,['Inverter Compressor' 'Built-in Stabilizer' '1 Year Warranty on Product and 10 Years on Compressor'],refrigerator
BOSCH 263 L Frost Free Double Door Top Mount 3 Star Convertible Refrigerator,BOSCH,28990,41590,30% off,4.3,143 Ratings & 24 Reviews,['Vario Inverter Compressor' 'Built-in Stabilizer' '1 Year on Product and 10 Years on Compressor from Bosch'],refrigerator
SAMSUNG 314 l Frost Free Double Door 2 Star Convertible Refrigerator  with with Curd Maestro,SAMSUNG,33290,42990,22% off,4.2,331 Ratings & 35 Reviews,['Digital Inverter Compressor' 'Built-in Stabilizer' '1 year comprehensive warranty on product 20 years on compressor'],refrigerator
SAMSUNG 192 L Direct Cool Single Door 2 Star Refrigerator,SAMSUNG,13990,15990,12% off,4.4,7769 Ratings & 789 Reviews,['Liner Compressor' 'Built-in Stabilizer' '1 Year on Product and 10 Years on Compressor From Samsung'],refrigerator
Godrej 236 L Frost Free Double Door 2 Star Refrigerator,Godrej,20290,21900,7% off,4.3,4472 Ratings & 524 Reviews,['Inverter Compressor' 'Built-in Stabilizer' '1 Year Warranty on product and 10 Years Warranty on Compressor from Godrej'],refrigerator
SAMSUNG 253 L Frost Free Double Door 2 Star Refrigerator,SAMSUNG,24861,27990,11% off,4.7,13 Ratings & 3 Reviews,['Digital Inverter Compressor' 'Built-in Stabilizer' '1 year comprehensive warranty on product 20 years on compressor'],refrigerator
LG 260 L Frost Free Double Door 2 Star Refrigerator,LG,22978,25000,8% off,4.2,107 Ratings & 8 Reviews,['Smart Inverter Compressor' 'Built-in Stabilizer' '1 Year Warranty on product and 10 Years Warranty on Compressor from LG'],refrigerator
Godrej 190 L Direct Cool Single Door 5 Star Refrigerator,Godrej,16990,21000,19% off,4.4,5058 Ratings & 587 Reviews,['Hygiene Plus Inverter Compressor' 'Built-in Stabilizer' '1 Year Warranty on Product and 10 Years Warranty on Compressor'],refrigerator
Godrej 255 L Frost Free Double Door 2 Star Refrigerator,Godrej,21490,26500,18% off,4.3,779 Ratings & 80 Reviews,['Inverter Compressor' 'Built-in Stabilizer' '1 Year Comprehensive Warranty on Product and 10 Years Warranty on Compressor'],refrigerator
Whirlpool 200 L Direct Cool Single Door 4 Star Refrigerator with Base Drawer,Whirlpool,17129,22250,23% off,4.4,9638 Ratings & 1089 Reviews,['IntelliSense Inverter Compressor' 'Built-in Stabilizer' '1 Year on Product and 10 Years on Compressor from Whirlpool'],refrigerator
SAMSUNG 253 L Frost Free Double Door 3 Star Refrigerator,SAMSUNG,24790,28990,14% off,4.4,7150 Ratings & 713 Reviews,['Digital Inverter Compressor' 'Built-in Stabilizer' '1 year comprehensive warranty on product 20 years on compressor'],refrigerator
Whirlpool 200 L Direct Cool Single Door 3 Star Refrigerator,Whirlpool,15390,21100,27% off,4.3,10069 Ratings & 1052 Reviews,['Normal Compressor' 'Built-in Stabilizer' '1 Year on Product and 10 Years on Compressor from Whirlpool'],refrigerator
MarQ by Flipkart 563 L Frost Free Side by Side Refrigerator,MarQ,53990,76999,29% off,4.5,1243 Ratings & 228 Reviews,['Inverter Compressor' 'Built-in Stabilizer' '1 Year Warranty on Product and 5 Years on Compressor Warranty from MarQ by Flipkart'],refrigerator
Whirlpool 215 L Direct Cool Single Door 5 Star Refrigerator with Base Drawer,Whirlpool,19390,26950,28% off,4.4,9638 Ratings & 1089 Reviews,['DC Inverter Compressor' 'Built-in Stabilizer' '1 Year Warranty on Product and 10 Years on Compressor'],refrigerator
Whirlpool 292 L Frost Free Double Door 2 Star Convertible Refrigerator,Whirlpool,26590,33100,19% off,4.0,4 Ratings & 0 Reviews,['Inverter Compressor' 'Built-in Stabilizer' '1 Year Warranty on Unit and 10 Years Warranty on Compressor from Whirlpool'],refrigerator
Godrej 244 L Frost Free Double Door 3 Star Convertible Refrigerator,Godrej,23290,29700,21% off,4.3,804 Ratings & 80 Reviews,['Multi Inverter Technology' 'Built-in Stabilizer' '1 Year on Product and 10 Years on the Compressor from Godrej'],refrigerator
SAMSUNG 198 L Direct Cool Single Door 3 Star Refrigerator,SAMSUNG,17650,20990,15% off,4.5,15 Ratings & 1 Reviews,['Digital Inverter Compressor' 'Built-in Stabilizer' '1 year comprehensive warranty on product 20 years on compressor'],refrigerator
LG 190 L Direct Cool Single Door 3 Star Refrigerator,LG,16390,21199,22% off,2.7,3 Ratings & 0 Reviews,['Reciprocating Compressor' 'Built-in Stabilizer' '1 Year on Product and 10 Years on Compressor From LG'],refrigerator
Whirlpool 265 L Frost Free Double Door 2 Star Convertible Refrigerator,Whirlpool,25990,31500,17% off,4.4,290 Ratings & 30 Reviews,['Normal Compressor' 'Built-in Stabilizer' '1 Year Comprehensive Warranty on Product and 10 Years on Compressor'],refrigerator
Godrej 221 L Direct Cool Single Door 3 Star Refrigerator,Godrej,17490,24090,27% off,4.0,75 Ratings & 2 Reviews,['Intelligent Inverter Compressor' 'Built-in Stabilizer' '1 Year Comprehensive Warranty on Prodcut and 10 Years Warranty on Compressor'],refrigerator
Whirlpool 355 L Frost Free Double Door Bottom Mount 3 Star Convertible Refrigerator,Whirlpool,42990,59150,27% off,4.2,63 Ratings & 9 Reviews,['Intellisense Inverter Compressor' 'Built-in Stabilizer' '1 Year Warranty on Product and 10 Years on Compressor'],refrigerator
LG 284 L Frost Free Double Door 2 Star Refrigerator,LG,26000,37399,30% off,4.2,33 Ratings & 3 Reviews,['Smart Inverter Compressor' 'Built-in Stabilizer' '1 Year Warranty on Product and 10 Years Warranty on Compressor From LG'],refrigerator
Lloyd 225 L Direct Cool Single Door 3 Star Refrigerator,Lloyd,15490,20490,24% off,4.3,21 Ratings & 5 Reviews,['Inverter Compressor' 'Built-in Stabilizer' '1 Year Domestic Warranty on Product and Additional 9 Years on Compressor'],refrigerator
Whirlpool 190 L Direct Cool Single Door 2 Star Refrigerator,Whirlpool,13690,16700,18% off,4.3,4853 Ratings & 401 Reviews,['Normal Compressor' 'Built-in Stabilizer' '1 Year on Product and 10 Years on the Compressor'],refrigerator
Whirlpool 190 L Direct Cool Single Door 2 Star Refrigerator,Whirlpool,12590,16050,21% off,4.3,38205 Ratings & 3534 Reviews,['Normal Compressor' 'Built-in Stabilizer' '1 Year on Product and 10 Years on Compressor from Whirlpool'],refrigerator
LG 215 L Direct Cool Single Door 3 Star Refrigerator  with Fast Ice Making,LG,16490,24999,34% off,4.7,78 Ratings & 6 Reviews,['Reciprocating Compressor' 'Built-in Stabilizer' '1 Year Warranty on Product and 10 Years Warranty on Compressor From LG'],refrigerator
SAMSUNG 230 L Direct Cool Single Door 3 Star Refrigerator,SAMSUNG,19100,20990,9% off,4.4,84 Ratings & 11 Reviews,['Digital Inverter Compressor' 'Built-in Stabilizer' '1 year comprehensive warranty on product 20 years on compressor'],refrigerator
LG 270 L Direct Cool Single Door 3 Star Refrigerator,LG,22990,24190,4% off,4.3,1359 Ratings & 172 Reviews,['Smart Inverter Compressor' 'Built-in Stabilizer' '1 Year Warranty on Product & 10 Years Warranty on Compressor from LG'],refrigerator
LG 674 L Frost Free Side by Side Refrigerator  with Smart Inverter Compressor ThinQ (Wi-Fi)ï¿½ | DoorCoo...,LG,122990,151799,18% off,4.7,13 Ratings & 0 Reviews,['Inverter Compressor' 'Built-in Stabilizer' '1 Year Warranty on Product and 10 Years Warranty on Compressor'],refrigerator
Whirlpool 190 L Direct Cool Single Door 3 Star Refrigerator,Whirlpool,13990,17000,17% off,4.3,38205 Ratings & 3534 Reviews,['Normal Compressor' 'Built-in Stabilizer' '1 Year on Product and 10 Years on Compressor from Whirlpool'],refrigerator
realme TechLife 338 L Frost Free Double Door 3 Star Refrigerator,realme,28990,44490,34% off,4.3,685 Ratings & 115 Reviews,['Inverter Compressor' 'Built-in Stabilizer' '1 Year Warranty on Product and 10 Years on Compressor'],refrigerator
LG 190 L Direct Cool Single Door 4 Star Refrigerator with Base Drawer,LG,17290,18190,4% off,4.4,12638 Ratings & 1445 Reviews,['Smart Inverter Compressor' 'Built-in Stabilizer' '1 Year Warranty on product and 10 Years Warranty on compressor from LG'],refrigerator
MarQ by Flipkart 196 L Direct Cool Single Door 4 Star Refrigerator,MarQ,13490,16999,20% off,4.4,992 Ratings & 141 Reviews,['Inverter Compressor' '1 Year Warranty on Product and 5 Years on Compressor From MarQ by Flipkart'],refrigerator
Haier 195 L Direct Cool Single Door 5 Star Refrigerator,Haier,17190,23700,27% off,4.4,836 Ratings & 90 Reviews,['Inverter Compressor' 'Built-in Stabilizer' '1 Year On Product and 10 Years on Compressor from Haier'],refrigerator
SAMSUNG 243 L Frost Free Double Door 3 Star Convertible Refrigerator,SAMSUNG,33900,37190,8% off,4.5,12 Ratings & 1 Reviews,['Digital Inverter Compressor' 'Built-in Stabilizer' '1 year comprehensive warranty on product 20 years on compressor'],refrigerator
LG 340 L Frost Free Double Door 3 Star Convertible Refrigerator,LG,40365,52499,23% off,4.5,28 Ratings & 6 Reviews,['Smart Inverter Compressor' 'Built-in Stabilizer' '1 Year Warranty on Product and 10 Years Warranty on Compressor'],refrigerator
Whirlpool 200 L Direct Cool Single Door 4 Star Refrigerator with Base Drawer,Whirlpool,17129,23950,28% off,4.5,26 Ratings & 2 Reviews,['Normal Compressor' 'Built-in Stabilizer' '1 Year on Product and 10 Years on Compressor'],refrigerator
Whirlpool 215 L Direct Cool Single Door 3 Star Refrigerator,Whirlpool,17590,21860,19% off,4.3,10069 Ratings & 1052 Reviews,['IntelliSense Inverter Compressor' 'Built-in Stabilizer' '1 Year on Product and 10 Years on Compressor from Whirlpool'],refrigerator
Whirlpool 190 L Direct Cool Single Door 4 Star Refrigerator,Whirlpool,14990,19650,23% off,4.3,9131 Ratings & 880 Reviews,['Inverter Compressor' 'Built-in Stabilizer' '1 Year on Product and 10 Years on Compressor From Whirlpool'],refrigerator
Whirlpool 292 L Frost Free Double Door 3 Star Convertible Refrigerator,Whirlpool,30090,40050,24% off,4.3,28704 Ratings & 3078 Reviews,['Normal Compressor' 'Built-in Stabilizer' '1 Year Warranty on Unit and 10 Years Warranty on Compressor from Whirlpool'],refrigerator
Haier 192 L Direct Cool Single Door 2 Star Refrigerator,Haier,12490,17990,30% off,4.6,17 Ratings & 1 Reviews,['Reciprocating Compressor' 'Built-in Stabilizer' '1 Year Warranty on Product and 10 Years Warranty on Compressor from Haier'],refrigerator
Whirlpool 292 L Frost Free Double Door 2 Star Refrigerator  with Glass Door,Whirlpool,29599,33870,12% off,4.4,2296 Ratings & 254 Reviews,['Normal Compressor' 'Built-in Stabilizer' '1 Year Comprehensive on the Product and 10 Years on the Compressor from Whirlpool'],refrigerator
Whirlpool 200 L Direct Cool Single Door 4 Star Refrigerator with Base Drawer  with Laminar Airflow,Whirlpool,17490,22800,23% off,4.0,100 Ratings & 12 Reviews,['Normal' 'Built-in Stabilizer' '1 Year Comprehensive Warranty on Product and 9 Years Additional Warranty on Compressor'],refrigerator
SAMSUNG 255 L Direct Cool Single Door 3 Star Refrigerator with Base Drawer,SAMSUNG,24299,28990,16% off,4.3,7 Ratings & 2 Reviews,['Digital Inverter Compressor' 'Built-in Stabilizer' '1 year comprehensive warranty on product 20 years on compressor'],refrigerator
Whirlpool 265 L Frost Free Double Door 2 Star Refrigerator,Whirlpool,23200,34950,33% off,4.0,3 Ratings & 0 Reviews,['Rotary Compressor' 'Built-in Stabilizer' '1 Year Warranty on Unit and 10 Years Warranty on Compressor'],refrigerator
Whirlpool 292 L Frost Free Double Door 2 Star Refrigerator,Whirlpool,26390,30650,13% off,4.0,3 Ratings & 0 Reviews,['Digital Inverter' 'Built-in Stabilizer' '1 Year Warranty on Unit and 10 Years Warranty on Compressor from Whirlpool'],refrigerator
Whirlpool 340 L Frost Free Double Door 3 Star Convertible Refrigerator,Whirlpool,39290,47750,17% off,4.3,303 Ratings & 27 Reviews,['Intellisense Inverter Compressor' 'Built-in Stabilizer' '1 Year on Product and 10 Years on the Compressor from Whirlpool'],refrigerator
Haier 192 L Direct Cool Single Door 2 Star Refrigerator,Haier,12390,17400,28% off,4.3,7541 Ratings & 745 Reviews,['Reciprocating Compressor' 'Built-in Stabilizer' '1 Year On Product and 10 Years on Compressor from Haier'],refrigerator
LG 190 L Direct Cool Single Door 3 Star Refrigerator with Base Drawer,LG,16990,22299,23% off,4.4,5 Ratings & 1 Reviews,['Smart Inverter Compressor' 'Built-in Stabilizer' '1 Year Warranty on Product and 10 Years Warranty on Compressor'],refrigerator
Godrej 185 L Direct Cool Single Door 2 Star Refrigerator,Godrej,12390,17300,28% off,4.3,3771 Ratings & 359 Reviews,['Reciprocatory Compressor' 'Built-in Stabilizer' '1 Year Comprehensive Warranty and 10 Years on Compressor'],refrigerator
SAMSUNG 192 L Direct Cool Single Door 3 Star Refrigerator,SAMSUNG,17038,19099,10% off,4.6,60 Ratings & 5 Reviews,['Digital Inverter Compressor' 'Built-in Stabilizer' '1 year comprehensive warranty on product 20 years on compressor'],refrigerator
Godrej 255 L Frost Free Double Door 2 Star Refrigerator,Godrej,21990,22900,3% off,4.3,779 Ratings & 80 Reviews,['Inverter Compressor' 'Built-in Stabilizer' '1 Year Warranty on product and 10 Years Warranty on Compressor from Godrej'],refrigerator
Godrej 215 L Direct Cool Single Door 5 Star Refrigerator,Godrej,19290,24000,19% off,4.3,283 Ratings & 21 Reviews,['Inverter Compressor' '1 Year Warranty on Product and 10 Years on Compressor from Godrej'],refrigerator
SAMSUNG 657 L Frost Free Side by Side Refrigerator,SAMSUNG,181979,249990,27% off,4.3,10 Ratings & 2 Reviews,['Digital Inverter Compressor' 'Built-in Stabilizer' '1 year comprehensive warranty on product 20 years on compressor'],refrigerator
SAMSUNG 676 L Frost Free Side by Side Inverter Technology Star Refrigerator,SAMSUNG,101590,140990,27% off,4.1,30 Ratings & 3 Reviews,['Digital Inverter Compressor' 'Built-in Stabilizer' '1 year comprehensive warranty on product 20 years on compressor'],refrigerator
Whirlpool 300 L Frost Free Triple Door Refrigerator,Whirlpool,31390,43000,27% off,4.4,31315 Ratings & 3863 Reviews,['Normal Compressor' 'Built-in Stabilizer' '1 Year Warranty on Product and 10 Years on Compressor From Whirlpool'],refrigerator
SAMSUNG 415 L Frost Free Double Door 2 Star Refrigerator,SAMSUNG,42885,61990,30% off,3.7,7 Ratings & 1 Reviews,['Digital Inverter Compressor' 'Built-in Stabilizer' '1 Year Manufacturer Comprehensive Warranty and 10 Years on Compressor'],refrigerator
LG 260 L Frost Free Double Door Top Mount 2 Star Refrigerator,LG,25620,31990,19% off,4.7,6 Ratings & 1 Reviews,['Smart Inverter Compressor' 'Built-in Stabilizer' '1 Year Warranty on Product and 10 Years on Compressor from LG'],refrigerator
Whirlpool 200 L Direct Cool Single Door 3 Star Refrigerator with Base Drawer,Whirlpool,16880,19300,12% off,4.3,63 Ratings & 5 Reviews,['Digital Inverter' 'Built-in Stabilizer' '1 Year on Product and 10 Years on Compressor From Whirlpool'],refrigerator
Voltas 250 L Frost Free Double Door 2 Star Refrigerator,Voltas,23889,32290,26% off,4.1,7 Ratings & 0 Reviews,['ProSmart Inverter Compressor' 'ONSITE'],refrigerator
LG 260 L Frost Free Double Door 1 Star Refrigerator  with Smart Inverter With Multi Air Flow Cooling ...,LG,21990,27290,19% off,4.4,79 Ratings & 7 Reviews,['Smart Inverter Compressor' 'Built-in Stabilizer' '1 Year Warranty on Product and 10 Years Warranty on Compressor From LG'],refrigerator
BOSCH 559 L Frost Free Double Door 2 Star Refrigerator,BOSCH,72000,93490,22% off,4.4,27 Ratings & 2 Reviews,['Inverter Compressor' 'Built-in Stabilizer' '1 Year on Product and 10 Years on Compressor from Bosch'],refrigerator
LG 284 L Frost Free Double Door 2 Star Convertible Refrigerator,LG,32200,37690,14% off,4.9,7 Ratings & 2 Reviews,['Smart Inverter Compressor' 'Built-in Stabilizer' '1 Year Warranty on Product and 10 Years on Compressor from LG'],refrigerator
LG 270 L Direct Cool Single Door 3 Star Refrigerator with Base Drawer,LG,24799,26990,8% off,4.0,86 Ratings & 6 Reviews,['Inverter Compressor' 'Built-in Stabilizer' '1 Year on Refrigerator Unit and 10 Years on Compressor from LG'],refrigerator
CANDY 225 L Direct Cool Single Door 2 Star Refrigerator,CANDY,13490,20000,32% off,4.3,3595 Ratings & 522 Reviews,['Reciprocatory Compressor' 'Built-in Stabilizer' '1 Year Warranty on Product and 10 Years on Compressor'],refrigerator
LG 308 L Frost Free Double Door 2 Star Convertible Refrigerator,LG,29849,40990,27% off,4.6,5 Ratings & 1 Reviews,['Smart Inverter Compressor' 'Built-in Stabilizer' '1 Year Warranty on Product and 10 Years on Compressor from LG'],refrigerator
BOSCH 290 L Frost Free Double Door 4 Star Convertible Refrigerator,BOSCH,42990,50690,15% off,4.6,15 Ratings & 1 Reviews,['Vario Inverter Compressor' 'Built-in Stabilizer' '1 Year on Product and 10 Years on Compressor from the Date of Purchase'],refrigerator
LG 215 L Direct Cool Single Door 5 Star Refrigerator,LG,22690,27999,18% off,4.5,104 Ratings & 12 Reviews,['Smart Inverter Compressor' 'Built-in Stabilizer' '1 Year Warranty on Product and 10 Years on Compressor from LG'],refrigerator
Whirlpool 215 L Direct Cool Single Door 4 Star Refrigerator with Base Drawer,Whirlpool,19459,26550,26% off,4.4,9638 Ratings & 1089 Reviews,['DC Inverter Compressor' 'Built-in Stabilizer' '1 Year Warranty on Product and 10 Years on Compressor'],refrigerator
SAMSUNG 253 L Frost Free Double Door 2 Star Refrigerator,SAMSUNG,24990,25990,3% off,3.8,19 Ratings & 3 Reviews,['Digital Inverter Compressor' 'Built-in Stabilizer' '1 year comprehensive warranty on product 20 years on compressor'],refrigerator
Galanz 448 L Frost Free Multi-Door Refrigerator,Galanz,43990,79990,45% off,4.7,11 Ratings & 1 Reviews,['Reciprocating Compressor' '1 Year Comprehensive on Product and 5 Years on Compressor fro Galanz'],refrigerator
Haier 190 L Direct Cool Single Door 2 Star Refrigerator with Base Drawer,Haier,14790,23000,35% off,4.7,3 Ratings & 0 Reviews,['Reciprocatory Compressor' 'Built-in Stabilizer' '1 Year Warranty on Product and 10 Years Warranty on Compressor'],refrigerator
SAMSUNG 845 L Frost Free Side by Side Refrigerator,SAMSUNG,96690,136990,29% off,4.4,5 Ratings & 1 Reviews,['Digital Inverter Compressor' 'Built-in Stabilizer' '1 year comprehensive warranty on product 20 years on compressor'],refrigerator
Whirlpool 265 L Frost Free Double Door 2 Star Refrigerator,Whirlpool,22999,28999,20% off,4.3,193 Ratings & 11 Reviews,['Rotary Compressor' 'Built-in Stabilizer' '1 Year Warranty on Product and 10 Years Warranty on Compressor from Whirlpool'],refrigerator
Haier 630 L Frost Free Side by Side Convertible Refrigerator,Haier,74990,145000,48% off,4.5,124 Ratings & 11 Reviews,['Inverter Compressor' 'Built-in Stabilizer' '1 Year Warranty on Product and 10 Years Warranty on Compressor'],refrigerator
LG 471 L Frost Free Double Door Top Mount 3 Star Convertible Refrigerator,LG,66890,88499,24% off,4.7,17 Ratings & 1 Reviews,['Inverter Linear Compressor' 'Built-in Stabilizer' '1 Year on Product and 10 Years on Compressor from LG'],refrigerator
LG 408 L Frost Free Double Door 3 Star Convertible Refrigerator  with Smart Inverter with Door Cooling...,LG,53990,67499,20% off,4.4,57 Ratings & 6 Reviews,['Smart Inverter Compressor' 'Built-in Stabilizer' '1 Year Warranty on Product and 10 Years Warranty on Compressor From LG'],refrigerator
SAMSUNG 324 L Frost Free Double Door 2 Star Convertible Refrigerator,SAMSUNG,32998,40990,19% off,4.1,40 Ratings & 5 Reviews,['Digital Inverter Compressor' 'Built-in Stabilizer' '1 year comprehensive warranty on product 20 years on compressor'],refrigerator
Whirlpool 240 L Frost Free Triple Door Refrigerator,Whirlpool,27690,30800,10% off,4.4,31315 Ratings & 3863 Reviews,['Normal Compressor' 'Built-in Stabilizer' '1 Year Warranty on Product and 10 Years on Compressor from Whirlpool'],refrigerator
SAMSUNG 198 L Direct Cool Single Door 3 Star Refrigerator,SAMSUNG,17300,18490,6% off,4.3,25 Ratings & 1 Reviews,['Digital Inverter Compressor' '1 Year on Product Full'],refrigerator
Kelvinator 45 L Direct Cool Single Door 2 Star Refrigerator,Kelvinator,9090,12499,27% off,3.8,11 Ratings & 1 Reviews,['Normal' 'Built-in Stabilizer' '1 Year Warranty on Product'],refrigerator
Whirlpool 245 L Frost Free Double Door 2 Star Refrigerator,Whirlpool,21990,29200,24% off,4.1,42 Ratings & 4 Reviews,['Digital Inverter' 'Built-in Stabilizer' '1 Year on Product and 10 Years on Compressor From Whirlpool'],refrigerator
Whirlpool 215 L Direct Cool Single Door 5 Star Refrigerator,Whirlpool,20190,26400,23% off,4.3,10069 Ratings & 1052 Reviews,['Intellisense Inverter Compressor' 'Built-in Stabilizer' '1 Year Warranty on Product and 10 Years on Compressor'],refrigerator
SAMSUNG 253 L Frost Free Double Door 2 Star Refrigerator,SAMSUNG,25989,27990,7% off,4.9,13 Ratings & 2 Reviews,['Digital Inverter Compressor' 'Built-in Stabilizer' '1 year comprehensive warranty on product 20 years on compressor'],refrigerator
Whirlpool 265 L Frost Free Double Door 2 Star Refrigerator,Whirlpool,23499,34950,32% off,4.0,3 Ratings & 0 Reviews,['Rotary Compressor' 'Built-in Stabilizer' '1 Year Warranty on Unit and 10 Years Warranty on Compressor'],refrigerator
LG 190 L Direct Cool Single Door 5 Star Refrigerator with Base Drawer,LG,20199,24399,17% off,4.6,8 Ratings & 1 Reviews,['Smart Inverter Compressor' 'Built-in Stabilizer' '1 Year on Product and 10 Years on Compressor From LG'],refrigerator
Haier 195 L Direct Cool Single Door 5 Star Refrigerator,Haier,18900,26700,29% off,4.2,42 Ratings & 5 Reviews,['Reciprocatory Compressor' '1  Year Warranty on Product and 10 Years Warranty on Compressor from Haier'],refrigerator
SAMSUNG 415 L Frost Free Double Door 3 Star Refrigerator,SAMSUNG,57540,62540,7% off,4.0,28 Ratings & 9 Reviews,['Digital Inverter Compressor' '1 year comprehensive warranty on product 20 years on compressor'],refrigerator
Whirlpool 265 L Frost Free Double Door 2 Star Convertible Refrigerator,Whirlpool,28699,29800,3% off,4.0,11 Ratings & 2 Reviews,['Normal Compressor' 'Built-in Stabilizer' '1 Year Comprehensive Warranty on Product and 10 Years on Compressor'],refrigerator
LG 270 L Direct Cool Single Door 3 Star Refrigerator,LG,23990,25990,7% off,4.3,400 Ratings & 55 Reviews,['Inverter Compressor' 'Built-in Stabilizer' '1 Year on Refrigerator Unit and 10 Years on Compressor from LG'],refrigerator
LG 360 L Frost Free Double Door 3 Star Convertible Refrigerator,LG,43990,50390,12% off,4.5,303 Ratings & 45 Reviews,['Inverter Linear Compressor' 'Built-in Stabilizer' '1 Year Warranty on Product and 10 Years on Compressor From LG'],refrigerator
Haier 276 L Frost Free Double Door 3 Star Refrigerator,Haier,33990,53300,36% off,4.0,32 Ratings & 5 Reviews,['Normal Compressor' 'Built-in Stabilizer' '1 Year Warranty on Product and 10 Years Warranty on Compressor from Haier'],refrigerator
SAMSUNG 192 L Direct Cool Single Door 1 Star Refrigerator,SAMSUNG,14490,16990,14% off,4.2,95 Ratings & 6 Reviews,['Linear Compressor' 'Built-in Stabilizer' '1 Year on Product and 10 Years on Compressor From Samsung'],refrigerator
Whirlpool 190 L Direct Cool Single Door 3 Star Refrigerator,Whirlpool,14590,17600,17% off,4.3,1390 Ratings & 128 Reviews,['Non Inverter Compressor' 'Built-in Stabilizer' '1 Year on Product and 10 Years on Compressor from Whirlpool'],refrigerator
Whirlpool 265 L Frost Free Double Door 2 Star Refrigerator,Whirlpool,22990,32600,29% off,4.0,39 Ratings & 0 Reviews,['Digital Inverter' 'Built-in Stabilizer' '1 Year on Product and 10 Years on Compressor From Whirlpool'],refrigerator
Whirlpool 215 L Direct Cool Single Door 3 Star Refrigerator,Whirlpool,17490,19300,9% off,4.3,10069 Ratings & 1052 Reviews,['Non Inverter Compressor' 'Built-in Stabilizer' '1 Year on Product and 10 Years on Compressor from Whirlpool'],refrigerator
Whirlpool 265 L Frost Free Double Door Top Mount 2 Star Refrigerator,Whirlpool,29349,34700,15% off,4.4,54 Ratings & 5 Reviews,['Reciprocating Compressor' '1 Year on Product and 10 Years on the Compressor from Whirlpool'],refrigerator
Haier 276 L Frost Free Double Door 3 Star Convertible Refrigerator,Haier,28490,47600,40% off,4.4,3847 Ratings & 363 Reviews,['Inverter Compressor' 'Built-in Stabilizer' '1 Year Warranty on Product and 10 Years Warranty on Compressor'],refrigerator
Godrej 192 L Direct Cool Single Door 2 Star Refrigerator,Godrej,12990,19000,31% off,4.3,475 Ratings & 44 Reviews,['Intelligent Inverter Compressor' '1 Year on Product and 10 Years on Compressor From Godrej'],refrigerator
Lloyd 200 L Direct Cool Single Door 4 Star Refrigerator with Base Drawer,Lloyd,15990,24590,34% off,4.4,426 Ratings & 51 Reviews,['Inverter Compressor' 'Built-in Stabilizer' '1 Year on Product and 9 Years Additional on Compressor from Lloyd'],refrigerator
SAMSUNG 230 L Direct Cool Single Door 3 Star Refrigerator with Base Drawer,SAMSUNG,20799,22990,9% off,4.1,12 Ratings & 1 Reviews,['Digital Inverter Compressor' 'Built-in Stabilizer' '1 year comprehensive warranty on product 20 years on compressor'],refrigerator
Whirlpool 200 L Direct Cool Single Door 3 Star Refrigerator,Whirlpool,16790,20150,16% off,4.3,10069 Ratings & 1052 Reviews,['Normal Compressor' 'Built-in Stabilizer' '1 Year on Product and 10 Years on Compressor from Whirlpool'],refrigerator
Whirlpool 190 L Direct Cool Single Door 3 Star Refrigerator,Whirlpool,14190,16900,16% off,4.3,13998 Ratings & 1502 Reviews,['DC Inverter Compressor' 'Built-in Stabilizer' '1 Year on Product and 10 Years on Compressor From Whirlpool'],refrigerator
Haier 345 L Frost Free Double Door 3 Star Convertible Refrigerator,Haier,36990,68100,45% off,4.3,7 Ratings & 0 Reviews,['Inverter Compressor' 'Built-in Stabilizer' '1 Year Warranty on Product and 10 Years Warranty on Compressor'],refrigerator
Whirlpool 260 L Frost Free Triple Door Refrigerator,Whirlpool,27790,36700,24% off,4.4,31315 Ratings & 3863 Reviews,['Normal Compressor' 'Built-in Stabilizer' '1 Year Warranty on Product and 10 Years Warranty on Compressor from Whirlpool'],refrigerator
SAMSUNG 692 L Frost Free Side by Side Refrigerator,SAMSUNG,92990,118990,21% off,3.6,5 Ratings & 0 Reviews,['Digital Inverter Compressor' 'Built-in Stabilizer' '1 year comprehensive warranty on product 20 years on compressor'],refrigerator
Haier 278 L Frost Free Double Door 3 Star Convertible Refrigerator,Haier,27790,41000,32% off,4.4,637 Ratings & 59 Reviews,['Inverter Compressor' 'Built-in Stabilizer' '1 Year Warranty on Product and 10 Years Warranty on Compressor'],refrigerator
Godrej 294 L Frost Free Double Door 3 Star Refrigerator,Godrej,33800,35999,6% off,4.2,39 Ratings & 10 Reviews,['Multi Inverter Technology' 'Built-in Stabilizer' '1 Year Warranty on Product and 10 Years Warranty on Compressor from Godrej'],refrigerator
SAMSUNG 192 L Direct Cool Single Door 3 Star Refrigerator,SAMSUNG,17430,17990,3% off,4.2,45 Ratings & 4 Reviews,['Digital Inverter Compressor' 'Built-in Stabilizer' '1 year comprehensive warranty on product 20 years on compressor'],refrigerator
SAMSUNG 275 L Frost Free Double Door 2 Star Refrigerator,SAMSUNG,29990,31990,6% off,4.3,4 Ratings & 0 Reviews,['Digital Inverter Compressor' 'Built-in Stabilizer' '1 year comprehensive warranty on product 20 years on compressor'],refrigerator
LG 190 L Direct Cool Single Door 5 Star Refrigerator,LG,16479,21499,23% off,1.0,3 Ratings & 0 Reviews,['Digital Inverter Compressor' 'Built-in Stabilizer' '1 Year Warranty on Product and 10 Years Warranty on Compressor'],refrigerator
Whirlpool 190 L Direct Cool Single Door 4 Star Refrigerator,Whirlpool,16690,19300,13% off,4.2,231 Ratings & 14 Reviews,['IntelliSense Inverter Compressor' 'Built-in Stabilizer' '1 Year on Product and 10 Years on Compressor from Whirlpool'],refrigerator
LG 260 L Frost Free Double Door 2 Star Convertible Refrigerator with Base Drawer,LG,26839,31890,15% off,4.4,44 Ratings & 0 Reviews,['Smart Inverter' 'Built-in Stabilizer' '1 Year Warranty on Motor'],refrigerator
Whirlpool 325 L Frost Free Double Door Bottom Mount 2 Star Refrigerator,Whirlpool,37990,49700,23% off,4.2,67 Ratings & 7 Reviews,['Intellisense Inverter Compressor' 'Built-in Stabilizer' '1 Year on Product and 10 Years on the Compressor from Whirlpool'],refrigerator
Whirlpool 325 L Frost Free Double Door Bottom Mount 2 Star Refrigerator,Whirlpool,39240,42100,6% off,4.0,53 Ratings & 10 Reviews,['Intellisense Inverter Compressor' 'Built-in Stabilizer' '1 Year on Product and 10 Years on the Compressor from Whirlpool'],refrigerator
LG 190 L Direct Cool Single Door 2 Star Refrigerator,LG,14950,19499,23% off,4.6,15 Ratings & 0 Reviews,['Reciprocating Compressor' 'Built-in Stabilizer' '1 Year Warranty on Product and 10 Years Warranty on Compressor'],refrigerator
SAMSUNG 198 L Direct Cool Single Door 4 Star Refrigerator,SAMSUNG,15950,18990,16% off,4.4,1838 Ratings & 202 Reviews,['Digital Inverter Compressor' 'Built-in Stabilizer' '1 year comprehensive warranty on product 20 years on compressor'],refrigerator
LG 260 L Frost Free Double Door 3 Star Convertible Refrigerator,LG,29599,36900,19% off,4.4,8 Ratings & 3 Reviews,['Smart Inverter Compressor' 'Built-in Stabilizer' '1 Year Warranty on Product and 10 Years Warranty on Compressor from LG'],refrigerator
Haier 256 L Frost Free Double Door Bottom Mount 3 Star Refrigerator,Haier,25490,43700,41% off,4.2,23 Ratings & 2 Reviews,['Non-inverter Compressor' 'Built-in Stabilizer' '1  Year Warranty on Product and 10 Years Warranty on Compressor from Haier'],refrigerator
Whirlpool 260 L Frost Free Triple Door Refrigerator,Whirlpool,29999,38750,22% off,4.5,345 Ratings & 47 Reviews,['Normal Compressor' 'Built-in Stabilizer' '1 Year on the Product and 10 Years on the Compressor From Whirlpool'],refrigerator
Godrej 215 L Direct Cool Single Door 3 Star Refrigerator with Base Drawer,Godrej,16990,20490,17% off,4.3,14068 Ratings & 1524 Reviews,['Reciprocatory Compressor' 'Built-in Stabilizer' '1 Year on Product and 10 Years on Compressor From Godrej'],refrigerator
Whirlpool 292 L Frost Free Double Door 2 Star Refrigerator  with Glass Door,Whirlpool,28890,39990,27% off,4.4,2296 Ratings & 254 Reviews,['Normal Compressor' 'Built-in Stabilizer' '1 Year Comprehensive on the Product and 10 Years on the Compressor from Whirlpool'],refrigerator
LG 190 L Direct Cool Single Door 2 Star Refrigerator with Base Drawer,LG,15449,20699,25% off,4.3,26 Ratings & 1 Reviews,['Reciprocating Compressor' 'Built-in Stabilizer' '1 Year Warranty on Product and 10 Years Warranty on Compressor'],refrigerator
Whirlpool 360 L Frost Free Double Door 3 Star Convertible Refrigerator,Whirlpool,39290,49000,19% off,4.5,6 Ratings & 1 Reviews,['Normal Compressor' 'Built-in Stabilizer' '1 Year on Unit and 10 Years on Compressor from Whirlpool'],refrigerator
Whirlpool 215 L Direct Cool Single Door 5 Star Refrigerator,Whirlpool,18390,25800,28% off,4.3,10069 Ratings & 1052 Reviews,['IntelliSense Inverter Compressor' 'Built-in Stabilizer' '1 Year on Product and 10 Years on Compressor from Whirlpool'],refrigerator
Haier 242 L Direct Cool Single Door 3 Star Refrigerator,Haier,18490,31250,40% off,4.8,4 Ratings & 0 Reviews,['Inverter Compressor' 'Built-in Stabilizer' '1 Year Warranty on Product and 10 Years Warranty on Compressor'],refrigerator
Haier 346 L Frost Free Double Door Bottom Mount 3 Star Convertible Refrigerator,Haier,42490,66700,36% off,4.0,5 Ratings & 0 Reviews,['Triple Inverter Compressor' 'Built-in Stabilizer' '1 Year Warranty on Product and 10 Years Warranty on Compressor from Haier'],refrigerator
SAMSUNG 465 L Frost Free Double Door 3 Star Refrigerator,SAMSUNG,53700,69000,22% off,4.3,21 Ratings & 3 Reviews,['Digital Inverter Compressor' 'Built-in Stabilizer' '1 year comprehensive warranty on product 20 years on compressor'],refrigerator
Godrej 190 L Direct Cool Single Door 5 Star Refrigerator,Godrej,17490,21000,16% off,4.4,5058 Ratings & 587 Reviews,['Hygiene Plus Inverter Compressor' 'Built-in Stabilizer' '1 Year Comprehensive Warrnty on Product 10 Years Warranty on Compressor'],refrigerator
SAMSUNG 198 L Direct Cool Single Door 5 Star Refrigerator with Base Drawer,SAMSUNG,19499,21990,11% off,4.4,645 Ratings & 73 Reviews,['Digital Inverter Compressor' 'Built-in Stabilizer' '1 year comprehensive warranty on product 20 years on compressor'],refrigerator
SAMSUNG 192 L Direct Cool Single Door 3 Star Refrigerator,SAMSUNG,15990,16990,5% off,4.6,5 Ratings & 0 Reviews,['Digital Inverter Compressor' 'Built-in Stabilizer' '1 year comprehensive warranty on product 20 years on compressor'],refrigerator
SAMSUNG 198 L Direct Cool Single Door 5 Star Refrigerator with Base Drawer,SAMSUNG,18990,22990,17% off,4.5,1058 Ratings & 146 Reviews,['Digital Inverter Compressor' 'Built-in Stabilizer' '1 year comprehensive warranty on product 20 years on compressor'],refrigerator
LG 308 L Frost Free Double Door 2 Star Refrigerator,LG,29659,38590,23% off,4.1,16 Ratings & 2 Reviews,['Smart Inverter Compressor' 'Built-in Stabilizer' '1 Year on Refrigerator and 10 Years on Compressor From LG'],refrigerator
BOSCH 658 L Frost Free Side by Side Refrigerator,BOSCH,76000,102390,25% off,1.0,1 Ratings & 1 Reviews,['Rotary' '1 Year on Product and 10 Years on Compressor from Bosch'],refrigerator
Whirlpool 325 L Frost Free Double Door Bottom Mount 3 Star Refrigerator,Whirlpool,40740,43800,6% off,4.0,42 Ratings & 7 Reviews,['Intellisense Inverter Compressor' 'Built-in Stabilizer' '1 Year on Product and 10 Years on the Compressor from Whirlpool'],refrigerator
LG 630 L Frost Free Double Door 3 Star Refrigerator,LG,74890,87990,14% off,4.8,28 Ratings & 3 Reviews,['Inverter Linear Compressor' 'Built-in Stabilizer' '1 Year Warranty on Product and 10 Years on Compressor from LG'],refrigerator
Panasonic 333 L Frost Free Double Door Refrigerator,Panasonic,30990,42000,26% off,4.3,32 Ratings & 10 Reviews,['Inverter Compressor' 'Built-in Stabilizer' '1 Year Warranty on Product and 10 Years Warranty on Compressor from Panasonic'],refrigerator
Whirlpool 200 L Direct Cool Single Door 4 Star Refrigerator,Whirlpool,19019,24500,22% off,4.3,19 Ratings & 3 Reviews,['DC Inverter Compressor' 'Built-in Stabilizer' '1 Year on Product 10 Years on Compressor'],refrigerator
Whirlpool 200 L Direct Cool Single Door 4 Star Refrigerator with Base Drawer,Whirlpool,17490,23150,24% off,4.4,9638 Ratings & 1089 Reviews,['IntelliSense Inverter Compressor' 'Built-in Stabilizer' '1 Year on Product and 10 Years on the Compressor from Whirlpool'],refrigerator
LG 675 L Frost Free Side by Side Refrigerator,LG,111590,127990,12% off,4.7,6 Ratings & 2 Reviews,['Inverter Linear Compressor' '1 Year Comprehensive and 10 Years on Compressor from LG'],refrigerator
SAMSUNG 225 L Direct Cool Single Door 4 Star Refrigerator,SAMSUNG,20989,24989,16% off,4.7,6 Ratings & 1 Reviews,['Digital Inverter Compressor' 'Built-in Stabilizer' '1 year comprehensive warranty on product 20 years on compressor'],refrigerator
Lloyd 200 L Direct Cool Single Door 3 Star Refrigerator,Lloyd,15290,18490,17% off,4.7,30 Ratings & 1 Reviews,['Inverter Compressor' 'Built-in Stabilizer' '1 Year Domestic Warranty on Product and Additional 9 Years on Compressor'],refrigerator
SAMSUNG 234 L Frost Free Double Door 2 Star Refrigerator,SAMSUNG,26190,29990,12% off,4.2,19 Ratings & 3 Reviews,['Digital Inverter Compressor' 'Built-in Stabilizer' '1 year comprehensive warranty on product 20 years on compressor'],refrigerator
Whirlpool 190 L Direct Cool Single Door 3 Star Refrigerator,Whirlpool,13990,15850,11% off,4.3,146 Ratings & 15 Reviews,['Rotary' 'Built-in Stabilizer' '1 Year on Unit and 10 Years on Compressor From Whirlpool'],refrigerator
LG 516 L Frost Free Double Door 3 Star Refrigerator  with with Hygiene Fresh+ and Smart ThinQ(WiFi Ena...,LG,64690,75990,14% off,4.5,41 Ratings & 6 Reviews,['Smart Inverter Compressor' 'Built-in Stabilizer' '1 Year Warranty on product and 10 Years Warranty on Compressor from LG'],refrigerator
Godrej 225 L Direct Cool Single Door 3 Star Refrigerator with Base Drawer  with Intelligent Inverter C...,Godrej,19490,24100,19% off,4.3,375 Ratings & 43 Reviews,['Inverter Compressor' 'Built-in Stabilizer' '1 Year Warranty on Product and 10 Years on Compressor'],refrigerator
Lloyd 255 L Direct Cool Single Door 3 Star Refrigerator,Lloyd,21949,23499,6% off,4.6,8 Ratings & 2 Reviews,['Inverter Compressor' 'Built-in Stabilizer' '1 Year Domestic Warranty on Product and Additional 9 Years on Compressor'],refrigerator
SAMSUNG 253 L Frost Free Double Door 2 Star Refrigerator,SAMSUNG,23590,26990,12% off,4.3,67 Ratings & 3 Reviews,['Digital Inverter Compressor' 'Built-in Stabilizer' '1 year comprehensive warranty on product 20 years on compressor'],refrigerator
MITASHI 510 L Frost Free Side by Side Inverter Technology Star Refrigerator,MITASHI,44341,72990,39% off,4.0,39 Ratings & 7 Reviews,['Reciprocatory Compressor' '1 Year Warranty on Product and 5 Years Warranty on Compressor'],refrigerator
SAMSUNG 386 L Frost Free Double Door 3 Star Convertible Refrigerator  with Curd Maestro,SAMSUNG,50566,57760,12% off,5.0,3 Ratings & 1 Reviews,['Digital Inverter Compressor' 'Built-in Stabilizer' '1 year comprehensive warranty on product 20 years on compressor'],refrigerator
LG 668 L Frost Free Side by Side Refrigerator  with with Instaview and Smart ThinQ(WiFi Enabled),LG,159990,188990,15% off,3.8,13 Ratings & 1 Reviews,['Inverter Linear Compressor' '1 Year Warranty on product and 10 Years Warranty on compressor from LG'],refrigerator
Whirlpool 190 L Direct Cool Single Door 2 Star Refrigerator with Base Drawer,Whirlpool,14390,18250,21% off,4.3,3115 Ratings & 296 Reviews,['Normal Compressor' 'Built-in Stabilizer' '1 Year on Product and 10 Years on the Compressor'],refrigerator
Whirlpool 245 L Direct Cool Single Door 4 Star Refrigerator with Base Drawer  with Auto Defrost,Whirlpool,21349,26200,18% off,4.3,176 Ratings & 25 Reviews,['IntelliSense Inverter Compressor' 'Built-in Stabilizer' '1 Year on Product and 10 Years on Compressor from Whirlpool'],refrigerator
Haier 192 L Direct Cool Single Door 2 Star Refrigerator with Base Drawer,Haier,14990,22400,33% off,4.5,41 Ratings & 3 Reviews,['Reciprocating Compressor' 'Built-in Stabilizer' '1 Year Warranty on Product and 10 Years on Compressor'],refrigerator
Hisense 507 L Frost Free French Door Bottom Mount Inverter Technology Star Convertible Refrigerator wi...,Hisense,64990,92990,30% off,5.0,7 Ratings & 2 Reviews,['Inverter Compressor' 'Built-in Stabilizer' '1 Year on Product and 10 Years on Compressor from Hisense'],refrigerator
Midea 661 L Frost Free Side by Side Refrigerator,Midea,71990,114990,37% off,4.4,12 Ratings & 3 Reviews,['DC Inverter Compressor' 'Built-in Stabilizer' '1 Year on Product and 10 Years on Compressor from Midea'],refrigerator
SAMSUNG 192 L Direct Cool Single Door 2 Star Refrigerator,SAMSUNG,13490,15990,15% off,4.5,6 Ratings & 0 Reviews,['Linear Compressor' 'Built-in Stabilizer' '1 Year on Product and 10 Years on Compressor From Samsung'],refrigerator
LG 335 L Frost Free Double Door 3 Star Convertible Refrigerator,LG,42990,46490,7% off,4.3,11 Ratings & 2 Reviews,['Inverter Linear Compressor' 'Built-in Stabilizer' '1 Year Warranty on Product and 10 Years on Compressor From LG'],refrigerator
Whirlpool 325 L Frost Free Double Door Bottom Mount 3 Star Refrigerator,Whirlpool,38740,41550,6% off,4.2,58 Ratings & 7 Reviews,['Intellisense Inverter Compressor' 'Built-in Stabilizer' '1 Year on Product and 10 Years on the Compressor from Whirlpool'],refrigerator
Panasonic 336 L Frost Free Double Door 3 Star Refrigerator,Panasonic,36990,43000,13% off,4.1,15 Ratings & 0 Reviews,['Inverter Compressor' 'Built-in Stabilizer' '1 Year Warranty on Product and 10 Years on Compressor'],refrigerator
Whirlpool 190 L Frost Free Single Door 3 Star Refrigerator,Whirlpool,15499,20250,23% off,4.7,9 Ratings & 1 Reviews,['Non Inverter' '1 Year on Product'],refrigerator
Whirlpool 340 L Frost Free Double Door 3 Star Convertible Refrigerator,Whirlpool,34950,41990,16% off,4.0,118 Ratings & 16 Reviews,['Intellisense Inverter' 'Built-in Stabilizer' '1 Year Comprehensive on Product and 10 Years on Compressor From Whirlpool'],refrigerator
SAMSUNG 253 L Frost Free Double Door 2 Star Convertible Refrigerator,SAMSUNG,26729,29133,8% off,4.4,23 Ratings & 3 Reviews,['Digital Inverter Compressor' 'Built-in Stabilizer' '1 year comprehensive warranty on product 20 years on compressor'],refrigerator
Haier 195 L Direct Cool Single Door 4 Star Refrigerator,Haier,16499,21800,24% off,4.4,355 Ratings & 48 Reviews,['Reciprocatory Compressor' 'Built-in Stabilizer' '1 Year Warranty on Product and 10 Years Warranty on Compressor from Haier'],refrigerator
LG 190 L Direct Cool Single Door 4 Star Refrigerator with Base Drawer,LG,16090,20390,21% off,4.4,9679 Ratings & 1040 Reviews,['Smart Inverter Compressor' 'Built-in Stabilizer' '1 Year Warranty on Product and 10 Years on Compressor from LG'],refrigerator
Haier 278 L Frost Free Double Door 3 Star Convertible Refrigerator,Haier,27990,35500,21% off,4.4,637 Ratings & 59 Reviews,['Inverter Compressor' 'Built-in Stabilizer' '1 Year Warranty on Product and 10 Years on Compressor'],refrigerator
SAMSUNG 198 L Direct Cool Single Door 4 Star Refrigerator,SAMSUNG,19399,21990,11% off,4.3,99 Ratings & 16 Reviews,['Digital Inverter Compressor' 'Built-in Stabilizer' '1 year comprehensive warranty on product 20 years on compressor'],refrigerator
Haier 262 L Direct Cool Single Door 3 Star Refrigerator,Haier,22050,32900,32% off,4.5,26 Ratings & 5 Reviews,['Inverter Compressor' 'Built-in Stabilizer' '1 Year Warranty on Product and 10 Years on Compressor'],refrigerator
LG 360 L Direct Cool Double Door 3 Star Refrigerator,LG,47000,59399,20% off,4.7,6 Ratings & 0 Reviews,['Inverter Linear Compressor' 'Built-in Stabilizer' '1 Year Warranty on Product and 10 Years Warranty on Compressor from LG'],refrigerator
Haier 570 L Frost Free Side by Side Refrigerator,Haier,71990,115000,37% off,5.0,16 Ratings & 3 Reviews,['Twin Inverter Compressor' 'Built-in Stabilizer' '1 Year Warranty on Product and 10 Year on Compressor from Haier'],refrigerator
Haier 375 L Frost Free Double Door 3 Star Convertible Refrigerator,Haier,35990,57300,37% off,4.3,59 Ratings & 11 Reviews,['Inverter Compressor' 'Built-in Stabilizer' '1 Year Warranty on Product and 10 Years on Compressor'],refrigerator
LG 260 L Frost Free Double Door Top Mount 3 Star Convertible Refrigerator,LG,30039,38590,22% off,4.4,26 Ratings & 2 Reviews,['Smart Inverter Compressor' 'Built-in Stabilizer' '1 Year on Product and 10 Years on Compressor From LG'],refrigerator
LG 190 L Direct Cool Single Door 5 Star Refrigerator,LG,18980,23299,18% off,4.6,33 Ratings & 4 Reviews,['Smart Inverter Compressor' 'Built-in Stabilizer' '1 Year on Product and 10 Years on Compressor From LG'],refrigerator
LG 190 L Direct Cool Single Door 2 Star Refrigerator,LG,15490,19291,19% off,4.5,28 Ratings & 1 Reviews,['Reciprocating Compressor' 'Built-in Stabilizer' '1 Year Warranty on Product and 10 Years Warranty on Compressor'],refrigerator
LG 260 L Direct Cool Double Door 2 Star Refrigerator,LG,24800,32990,24% off,4.5,41 Ratings & 1 Reviews,['Smart Inverter Compressor' 'Built-in Stabilizer' '1 Year Warranty on Product and 10 Years on Compressor From LG'],refrigerator
SAMSUNG 198 L Direct Cool Single Door 3 Star Refrigerator with Base Drawer,SAMSUNG,18990,19990,5% off,4.0,7 Ratings & 1 Reviews,['Digital Inverter Compressor' 'Built-in Stabilizer' '1 year comprehensive warranty on product 20 years on compressor'],refrigerator
Whirlpool 190 L Direct Cool Single Door 2 Star Refrigerator,Whirlpool,10990,13650,19% off,4.3,13998 Ratings & 1502 Reviews,['Normal Compressor' 'Built-in Stabilizer' '1 Year on Product and 10 Years on Compressor from Whirlpool'],refrigerator
SAMSUNG 253 L Frost Free Double Door 3 Star Convertible Refrigerator,SAMSUNG,30100,35990,16% off,4.0,6 Ratings & 0 Reviews,['Digital Inverter Compressor' 'Built-in Stabilizer' '1 year comprehensive warranty on product 20 years on compressor'],refrigerator
SAMSUNG 253 L Frost Free Double Door 2 Star Refrigerator,SAMSUNG,25490,25990,1% off,4.1,25 Ratings & 2 Reviews,['Digital Inverter Compressor' 'Built-in Stabilizer' '1 year comprehensive warranty on product 20 years on compressor'],refrigerator
SAMSUNG 415 L Frost Free Double Door 2 Star Refrigerator,SAMSUNG,46189,54000,14% off,4.5,181 Ratings & 18 Reviews,['Digital Inverter Compressor' 'Built-in Stabilizer' '1 year comprehensive warranty on product 20 years on compressor'],refrigerator
Whirlpool 215 L Direct Cool Single Door 4 Star Refrigerator,Whirlpool,19990,25400,21% off,4.3,10069 Ratings & 1052 Reviews,['DC Inverter Compressor' 'Built-in Stabilizer' '1 Year Warranty on Product and 10 Years on Compressor'],refrigerator
Whirlpool 200 L Direct Cool Single Door 4 Star Refrigerator with Base Drawer,Whirlpool,19059,24300,21% off,4.4,9638 Ratings & 1089 Reviews,['IntelliSense Inverter Compressor' 'Built-in Stabilizer' '1 Year on Product and 10 Years on Compressor from Whirlpool'],refrigerator
SAMSUNG 244 L Frost Free Double Door 3 Star Convertible Refrigerator  with Curd Maestro,SAMSUNG,31200,36990,15% off,4.1,22 Ratings & 1 Reviews,['Digital Inverter Compressor' 'Built-in Stabilizer' '1 year comprehensive warranty on product 20 years on compressor'],refrigerator
SAMSUNG 243 L Frost Free Double Door 3 Star Convertible Refrigerator,SAMSUNG,33990,37190,8% off,4.3,3 Ratings & 1 Reviews,['Digital Inverter Compressor' 'Built-in Stabilizer' '1 year comprehensive warranty on product 20 years on compressor'],refrigerator
Haier 276 L Frost Free Double Door Bottom Mount 3 Star Convertible Refrigerator,Haier,29979,33800,11% off,4.2,29 Ratings & 6 Reviews,['Reciprocatory Compressor' 'Built-in Stabilizer' '1 Year Comprehensive Warranty and 10 Years Warranty on Compressor from Haier'],refrigerator
LG 235 L Direct Cool Single Door 4 Star Refrigerator with Base Drawer,LG,22390,24790,9% off,4.4,8852 Ratings & 1004 Reviews,['Smart Inverter Compressor' 'Built-in Stabilizer' '1 Year on Refrigrator Unit and 10 Years on Compressor'],refrigerator
Godrej 192 L Direct Cool Single Door 3 Star Refrigerator,Godrej,18490,23490,21% off,4.7,7 Ratings & 1 Reviews,['Fixed Speed Compressor' '1 Year Comprehensive Warrantyon Product 10 Year Warranty on Compressor'],refrigerator
SAMSUNG 244 L Frost Free Double Door 3 Star Convertible Refrigerator with Base Drawer  with Curd Maest...,SAMSUNG,31900,37990,16% off,4.6,158 Ratings & 17 Reviews,['Digital Inverter Compressor' 'Built-in Stabilizer' '1 year comprehensive warranty on product 20 years on compressor'],refrigerator
Whirlpool 265 L Frost Free Double Door 2 Star Refrigerator,Whirlpool,22369,26700,16% off,4.0,39 Ratings & 0 Reviews,['Digital Inverter' 'Built-in Stabilizer' '1 Year on Product and 10 Years on Compressor From Whirlpool'],refrigerator
Godrej 195 L Direct Cool Single Door 3 Star Refrigerator with Base Drawer,Godrej,15990,18490,13% off,4.3,14068 Ratings & 1524 Reviews,['Reciprocatory Compressor' 'Built-in Stabilizer' '1 Year on Product and 10 Years on Compressor From Godrej'],refrigerator
Midea 661 L Frost Free Side by Side Refrigerator,Midea,71990,109990,34% off,5.0,6 Ratings & 1 Reviews,['DC Inverter Compressor' 'Built-in Stabilizer' '1 Year on Product and 10 Years on Compressor from Midea'],refrigerator
Godrej 564 L Frost Free Side by Side Refrigerator,Godrej,68790,95000,27% off,5.0,7 Ratings & 0 Reviews,['Fixed Speed' '1 Year Warranty on Product and 10 Years on Compressor from Godrej'],refrigerator
Whirlpool 200 L Direct Cool Single Door 3 Star Refrigerator,Whirlpool,15690,20100,21% off,4.0,24 Ratings & 1 Reviews,['Normal Compressor' 'Built-in Stabilizer' '1 Year on Product and 10 Years on Compressor from Whirlpool'],refrigerator
ONIDA 190 L Direct Cool Single Door 3 Star Refrigerator,ONIDA,12970,18990,31% off,4.2,9242 Ratings & 975 Reviews,['Reciprocatory Compressor' '1 Year Comprehensive Warranty on Product 10 Years Warranty on Compressor'],refrigerator
Whirlpool 265 L Frost Free Double Door 2 Star Refrigerator,Whirlpool,27149,31050,12% off,4.2,14 Ratings & 2 Reviews,['Digital Inverter' 'Built-in Stabilizer' '1 Year on Product and 10 Years on Compressor From Whirlpool'],refrigerator
Haier 258 L Frost Free Double Door Top Mount 2 Star Convertible Refrigerator,Haier,26390,36800,28% off,4.4,7806 Ratings & 818 Reviews,['Reciprocating Compressor' 'Built-in Stabilizer' '1 Year On Product and 10 Years on Compressor from Haier'],refrigerator
SAMSUNG 253 L Frost Free Double Door 2 Star Convertible Refrigerator,SAMSUNG,28100,29990,6% off,4.8,6 Ratings & 0 Reviews,['Digital Inverter Compressor' 'Built-in Stabilizer' '1 Year Warranty on Product and 10 Years on Compressor'],refrigerator
SAMSUNG 198 L Direct Cool Single Door 4 Star Refrigerator,SAMSUNG,19490,22059,11% off,4.4,117 Ratings & 10 Reviews,['Digital Inverter Compressor' 'Built-in Stabilizer' '1 year comprehensive warranty on product 20 years on compressor'],refrigerator
LG 204 L Direct Cool Single Door 5 Star Refrigerator with Base Drawer,LG,19990,26000,23% off,4.1,27 Ratings & 2 Reviews,['Smart Inverter Compressor' 'Built-in Stabilizer' '1 Year Warranty on Product and 10 Years Warranty on Compressor From LG'],refrigerator
SAMSUNG 336 L Frost Free Double Door 3 Star Refrigerator,SAMSUNG,40240,49990,19% off,4.3,6 Ratings & 0 Reviews,['Digital Inverter Compressor' 'Built-in Stabilizer' '1 year comprehensive warranty on product 20 years on compressor'],refrigerator
Whirlpool 215 L Direct Cool Single Door 3 Star Refrigerator with Base Drawer,Whirlpool,18229,23950,23% off,4.4,9638 Ratings & 1089 Reviews,['Non Inverter Compressor' 'Built-in Stabilizer' '1 Year on Product and 10 Years on Compressor from Whirlpool'],refrigerator
LG 235 L Direct Cool Single Door 3 Star Refrigerator with Base Drawer,LG,21990,27190,19% off,4.2,6 Ratings & 1 Reviews,['Smart Inverter Compressor' 'Built-in Stabilizer' '1 Year Warranty on Product and 10 Years on Compressor from LG'],refrigerator
SAMSUNG 198 L Direct Cool Single Door 4 Star Refrigerator,SAMSUNG,17690,20490,13% off,4.4,38 Ratings & 2 Reviews,['Digital Inverter Compressor' 'Built-in Stabilizer' '1 year comprehensive warranty on product 20 years on compressor'],refrigerator
Lloyd 200 L Direct Cool Single Door 4 Star Refrigerator,Lloyd,15990,22990,30% off,4.4,5 Ratings & 1 Reviews,['Inverter Compressor' 'Built-in Stabilizer' '1 Year on Product and 9 Years Additional on Compressor from Lloyd'],refrigerator
SAMSUNG 700 L Frost Free Side by Side Refrigerator,SAMSUNG,95590,110990,13% off,3.7,3 Ratings & 0 Reviews,['Digital Inverter Compressor' 'Built-in Stabilizer' '1 year comprehensive warranty on product 20 years on compressor'],refrigerator
Hisense 564 L Frost Free Side by Side Inverter Technology Star Refrigerator  with Water Dispenser,Hisense,59990,79990,25% off,4.0,39 Ratings & 5 Reviews,['Inverter Compressor' 'Built-in Stabilizer' '1 Year on Product and 10 Years on Compressor from Hisense'],refrigerator
Haier 242 L Direct Cool Single Door 3 Star Refrigerator with Base Drawer,Haier,20490,33700,39% off,3.7,3 Ratings & 1 Reviews,['Inverter Compressor' 'Built-in Stabilizer' '1 Year Warranty on Product and 10 Years Warranty on Compressor'],refrigerator
Lloyd 310 L Frost Free Double Door 3 Star Refrigerator,Lloyd,29990,42990,30% off,4.4,19 Ratings & 3 Reviews,['Inverter Compressor' 'Built-in Stabilizer' '1 Year on Product and 9 Years Additional on Compressor from Lloyd'],refrigerator
Haier 570 L Frost Free Side by Side Refrigerator,Haier,58000,115000,49% off,4.5,124 Ratings & 11 Reviews,['Inverter Compressor' 'Built-in Stabilizer' '1 Year Warranty on Product and 10 Years Warranty on Compressor and Fan from Haier'],refrigerator
LG 190 L Direct Cool Single Door 2 Star Refrigerator,LG,15290,19499,21% off,4.6,15 Ratings & 0 Reviews,['Reciprocating Compressor' 'Built-in Stabilizer' '1 Year Warranty on Product and 10 Years Warranty on Compressor'],refrigerator
Whirlpool 200 L Direct Cool Single Door 3 Star Refrigerator,Whirlpool,15799,20550,23% off,4.0,24 Ratings & 1 Reviews,['Normal Compressor' 'Built-in Stabilizer' '1 Year on Product and 10 Years on Compressor from Whirlpool'],refrigerator
Whirlpool 292 L Frost Free Double Door Top Mount 2 Star Refrigerator,Whirlpool,32490,41000,20% off,4.3,33 Ratings & 3 Reviews,['Reciprocating Compressor' '1 Year on Product and 10 Years on the Compressor from Whirlpool'],refrigerator
LG 260 L Frost Free Double Door 2 Star Convertible Refrigerator,LG,23490,31990,26% off,3.9,12 Ratings & 4 Reviews,['Smart Inverter Compressor' 'Built-in Stabilizer' '1 Year on Refrigrator Unit and 10 Years on Compressor'],refrigerator
LG 675 L Frost Free Side by Side Refrigerator  with with Door Cooling and Smart ThinQ(WiFi Enabled),LG,111590,119990,7% off,4.7,23 Ratings & 3 Reviews,['Inverter Linear Compressor' 'Built-in Stabilizer' '1 Year Warranty on product and 10 Years Warranty on compressor from LG'],refrigerator
SAMSUNG 551 L Frost Free Double Door 2 Star Refrigerator,SAMSUNG,60550,74850,19% off,4.3,29 Ratings & 1 Reviews,['Digital Inverter Compressor' '1 year comprehensive warranty on product 20 years on compressor'],refrigerator
LG 190 L Direct Cool Single Door 2 Star Refrigerator with Base Drawer,LG,15490,20699,25% off,4.1,51 Ratings & 3 Reviews,['Reciprocating Compressor' 'Built-in Stabilizer' '1 Year Warranty on Product and 10 Years Warranty on Compressor'],refrigerator
Panasonic 296 L Frost Free Double Door 2 Star Refrigerator,Panasonic,28499,40500,29% off,4.3,63 Ratings & 14 Reviews,['Inverter Compressor' 'Built-in Stabilizer' '1 Year Warranty on Product and 10 Years Warranty on Compressor from Panasonic'],refrigerator
SAMSUNG 198 L Direct Cool Single Door 3 Star Refrigerator with Base Drawer,SAMSUNG,17799,20990,15% off,4.4,12 Ratings & 1 Reviews,['Digital Inverter Compressor' 'Built-in Stabilizer' '1 year comprehensive warranty on product 20 years on compressor'],refrigerator
Godrej 200 L Direct Cool Single Door 3 Star Convertible Refrigerator,Godrej,17290,20000,13% off,4.1,20 Ratings & 1 Reviews,['Inverter Compressor' 'Built-in Stabilizer' '1 Year Warranty on product and 10 Years Warranty on Compressor from Godrej'],refrigerator
SAMSUNG 253 L Frost Free Double Door 2 Star Refrigerator with Base Drawer,SAMSUNG,27990,31990,12% off,4.3,92 Ratings & 8 Reviews,['Digital Inverter Compressor' 'Built-in Stabilizer' '1 year comprehensive warranty on product 20 years on compressor'],refrigerator
SAMSUNG 579 L Frost Free French Door Bottom Mount Convertible Refrigerator,SAMSUNG,81990,111990,26% off,5.0,3 Ratings & 1 Reviews,['Digital Inverter Compressor' 'Built-in Stabilizer' '1 year comprehensive warranty on product 20 years on compressor'],refrigerator
SAMSUNG 324 L Frost Free Double Door 3 Star Convertible Refrigerator,SAMSUNG,38299,44990,14% off,4.8,4 Ratings & 0 Reviews,['Digital Inverter Compressor' 'Built-in Stabilizer' '1 year comprehensive warranty on product 20 years on compressor'],refrigerator
SAMSUNG 336 L Frost Free Double Door 2 Star Refrigerator  with Curd Maestro,SAMSUNG,42890,45990,6% off,4.7,6 Ratings & 1 Reviews,['Digital Inverter Compressor' 'Built-in Stabilizer' '1 year comprehensive warranty on product 20 years on compressor'],refrigerator
Panasonic 305 L Frost Free Double Door 2 Star Refrigerator,Panasonic,28990,35000,17% off,4.4,1073 Ratings & 163 Reviews,['Inverter Compressor' 'Built-in Stabilizer' '1 Year Warranty on Product and 10 Years on Compressor'],refrigerator
LG 308 L Frost Free Double Door 2 Star Refrigerator,LG,36299,48699,25% off,4.3,3 Ratings & 0 Reviews,['Smart Inverter Compressor' 'Built-in Stabilizer' '1 Year Warranty on product and 10 Years Warranty on compressor from LG'],refrigerator
CANDY 195 L Direct Cool Single Door 3 Star Refrigerator,CANDY,12820,18000,28% off,4.3,3595 Ratings & 522 Reviews,['Reciprocatory Compressor' 'Built-in Stabilizer' '1 Year Warranty on Product and 10 Years on Compressor'],refrigerator
Haier 195 L Direct Cool Single Door 3 Star Refrigerator,Haier,15990,17200,7% off,4.3,37 Ratings & 3 Reviews,['Reciprocatory Compressor' 'Built-in Stabilizer' '1 Year Warranty on Product and 10 Years on Compressor'],refrigerator
LG 235 L Direct Cool Single Door 4 Star Refrigerator with Base Drawer,LG,23800,27790,14% off,4.5,429 Ratings & 54 Reviews,['Smart Inverter Compressor' 'Built-in Stabilizer' '1 Year on Refrigrator Unit and 10 Years on Compressor'],refrigerator
LG 260 L Frost Free Double Door 3 Star Refrigerator,LG,30999,40000,22% off,4.5,24 Ratings & 3 Reviews,['Linear Compressor' 'Built-in Stabilizer' '1 Year Warranty on product and 10 Years Warranty on compressor from LG'],refrigerator
Godrej 192 L Direct Cool Single Door 3 Star Refrigerator,Godrej,16390,17200,4% off,4.4,16 Ratings & 1 Reviews,['Reciprocatory Compressor' 'Built-in Stabilizer' '1 Year Comprehensive Warranty on Product and 10 Years on Compressor'],refrigerator
Midea 45 L Direct Cool Single Door 2 Star Refrigerator,Midea,7890,10990,28% off,4.1,195 Ratings & 22 Reviews,['Reciprocating Compressor' '1 Year Warranty on Product 5 Years Warranty on Compressor'],refrigerator
Godrej 192 L Direct Cool Single Door 5 Star Refrigerator,Godrej,18499,24200,23% off,4.2,61 Ratings & 5 Reviews,['Intelligent Inverter Compressor' 'Built-in Stabilizer' '1 Year Comprehensive Warranty on Product and 10 Years on Compressor'],refrigerator
Whirlpool 200 L Direct Cool Single Door 3 Star Refrigerator with Base Drawer,Whirlpool,16756,20881,19% off,4.4,9638 Ratings & 1089 Reviews,['Normal Compressor' 'Built-in Stabilizer' '1 Year on Product 10 Years on Compressor'],refrigerator
Whirlpool 200 L Direct Cool Single Door 3 Star Refrigerator,Whirlpool,16990,23850,28% off,4.3,114 Ratings & 10 Reviews,['Inverter Compressor' 'Built-in Stabilizer' '1 Year on Product and 10 Years on Compressor from Whirlpool'],refrigerator
Godrej 99 L Direct Cool Single Door 2 Star Refrigerator,Godrej,11290,13000,13% off,3.9,199 Ratings & 24 Reviews,['Intelligent Inverter Compressor' 'Built-in Stabilizer' '1 Year Comprehensive and 5 Years Motor Warranty From Godrej'],refrigerator
Whirlpool 190 L Direct Cool Single Door 3 Star Refrigerator with Base Drawer,Whirlpool,15090,17100,11% off,4.3,13998 Ratings & 1502 Reviews,['Normal Compressor' 'Built-in Stabilizer' '1 Year on Product and 10 Years on Compressor From Whirlpool'],refrigerator
Whirlpool 245 L Direct Cool Single Door 4 Star Refrigerator with Base Drawer  with Auto Defrost,Whirlpool,22490,30400,26% off,4.2,130 Ratings & 16 Reviews,['Intellisense Inverter Compressor' 'Built-in Stabilizer' '1 Year Warranty on Product and 10 Years on Compressor'],refrigerator
SAMSUNG 478 L Frost Free Double Door 2 Star Refrigerator,SAMSUNG,55600,70000,20% off,4.2,26 Ratings & 1 Reviews,['Digital Inverter Compressor' 'Built-in Stabilizer' '1 year comprehensive warranty on product 20 years on compressor'],refrigerator
SAMSUNG 253 L Frost Free Double Door 2 Star Refrigerator,SAMSUNG,23199,23990,3% off,4.4,21 Ratings & 2 Reviews,['Digital Inverter Compressor' 'Built-in Stabilizer' '1 year comprehensive warranty on product 20 years on compressor'],refrigerator
Haier 195 L Direct Cool Single Door 3 Star Refrigerator,Haier,15990,20600,22% off,4.3,1818 Ratings & 195 Reviews,['Reciprocatory Compressor' 'Built-in Stabilizer' '1 Year Warranty on Product and 10 Years on Compressor'],refrigerator
SAMSUNG 192 L Direct Cool Single Door 3 Star Refrigerator,SAMSUNG,16393,18000,8% off,4.3,130 Ratings & 11 Reviews,['Digital Inverter Compressor' 'Built-in Stabilizer' '1 year comprehensive warranty on product 20 years on compressor'],refrigerator
Whirlpool 215 L Direct Cool Single Door 5 Star Refrigerator,Whirlpool,20190,26400,23% off,4.3,10069 Ratings & 1052 Reviews,['DC Inverter Compressor' 'Built-in Stabilizer' '1 Year Warranty on Product and 10 Years on Compressor'],refrigerator
ONIDA 215 L Direct Cool Single Door 2 Star Refrigerator,ONIDA,14010,21990,36% off,4.2,9242 Ratings & 975 Reviews,['Reciprocatory Compressor' '1 Year Comprehensive Warranty on Product 10 Years Warranty on Compressor'],refrigerator
Whirlpool 245 L Frost Free Double Door 2 Star Refrigerator,Whirlpool,24000,27150,11% off,4.3,5316 Ratings & 572 Reviews,['Normal Compressor' 'Built-in Stabilizer' '1 Year Comprehensive on Product and 10 Years on Compressor From Whirlpool'],refrigerator
SAMSUNG 220 L Direct Cool Single Door 4 Star Refrigerator,SAMSUNG,24030,26990,10% off,5.0,4 Ratings & 1 Reviews,['Digital Inverter Compressor' 'Built-in Stabilizer' '1 year comprehensive warranty on product 20 years on compressor'],refrigerator
Panasonic 307 L Frost Free Double Door 3 Star Refrigerator,Panasonic,34490,39000,11% off,4.0,5 Ratings & 1 Reviews,['Inverter Compressor' 'Built-in Stabilizer' '1 Year Warranty on Product and 10 Years on Compressor'],refrigerator
SAMSUNG 230 L Direct Cool Single Door 3 Star Refrigerator with Base Drawer,SAMSUNG,19800,22990,13% off,4.3,15 Ratings & 1 Reviews,['Digital Inverter Compressor' 'Built-in Stabilizer' '1 year comprehensive warranty on product 20 years on compressor'],refrigerator
Godrej 190 L Direct Cool Single Door 2 Star Refrigerator,Godrej,13990,16500,15% off,4.3,11 Ratings & 0 Reviews,['Equipped with a normal compressor' 'Built-in Stabilizer' '1 Year Warranty on product and 10 Years Warranty on Compressor from Godrej'],refrigerator
Whirlpool 265 L Frost Free Double Door 2 Star Convertible Refrigerator,Whirlpool,25890,33600,22% off,4.3,28704 Ratings & 3078 Reviews,['Digital Inverter' 'Built-in Stabilizer' '1 Year Warranty on Unit and 10 Years Warranty on Compressor from Whirlpool'],refrigerator
SAMSUNG 192 L Direct Cool Single Door 3 Star Refrigerator,SAMSUNG,15990,16990,5% off,4.3,45 Ratings & 3 Reviews,['Digital Inverter Compressor' 'Built-in Stabilizer' '1 year comprehensive warranty on product 20 years on compressor'],refrigerator
SAMSUNG 345 L Frost Free Double Door 3 Star Convertible Refrigerator,SAMSUNG,41299,47990,13% off,4.3,9 Ratings & 0 Reviews,['Digital Inverter Compressor' 'Built-in Stabilizer' '1 year comprehensive warranty on product 20 years on compressor'],refrigerator
SAMSUNG 220 L Direct Cool Single Door 3 Star Refrigerator,SAMSUNG,21400,23990,10% off,3.9,8 Ratings & 1 Reviews,['Digital Inverter Compressor' 'Built-in Stabilizer' '1 year comprehensive warranty on product 20 years on compressor'],refrigerator
LG 190 L Direct Cool Single Door 5 Star Refrigerator with Base Drawer,LG,18299,25000,26% off,4.4,56 Ratings & 5 Reviews,['Smart Inverter Compressor' 'Built-in Stabilizer' '1 Year Warranty on Product and 10 Years on Compressor'],refrigerator
Godrej 240 L Direct Cool Single Door 3 Star Refrigerator,Godrej,20500,24700,17% off,5.0,3 Ratings & 0 Reviews,['Reciprocatory Compressor' 'Built-in Stabilizer' '1 Year Warranty on Product and 10 Years Warranty on Compressor from Godrej'],refrigerator
LG 260 L Frost Free Double Door Top Mount 3 Star Refrigerator,LG,29400,36500,19% off,4.0,1 Ratings & 1 Reviews,['Smart Inverter Compressor' 'Built-in Stabilizer' '1 Year Warranty on product and 10 Years Warranty on compressor from LG'],refrigerator
LG 260 L Direct Cool Double Door 3 Star Convertible Refrigerator,LG,39999,42899,6% off,4.4,14 Ratings & 0 Reviews,['Smart Inverter Compressor' 'Built-in Stabilizer' 'Manufacturer Warranty: 01 year on product'],refrigerator
Whirlpool 200 L Direct Cool Single Door 4 Star Refrigerator,Whirlpool,18589,21500,13% off,3.8,18 Ratings & 1 Reviews,['Digital Inverter' 'Built-in Stabilizer' '1 Year on Product and 10 Years on Compressor From Whirlpool'],refrigerator
Whirlpool 215 L Direct Cool Single Door 5 Star Refrigerator with Base Drawer,Whirlpool,21190,27550,23% off,4.4,9638 Ratings & 1089 Reviews,['DC Inverter Compressor' 'Built-in Stabilizer' '1 Year Warranty on Product and 10 Years on Compressor'],refrigerator
Godrej 210 L Direct Cool Single Door 4 Star Refrigerator  with Intelligent Inverter Compressor,Godrej,19599,20600,4% off,4.3,457 Ratings & 72 Reviews,['Inverter Compressor' 'Built-in Stabilizer' '1 Year on Product and 10 Years on Compressor From Godrej'],refrigerator
LG 687 L Frost Free Side by Side Refrigerator  with with Smart ThinQ(WiFi Enabled),LG,94990,104990,9% off,4.5,495 Ratings & 66 Reviews,['Inverter Linear Compressor' 'Built-in Stabilizer' '1 Year Warranty on product and 10 Years Warranty on compressor from LG'],refrigerator
Panasonic 202 L Direct Cool Single Door 2 Star Refrigerator,Panasonic,12066,17120,29% off,4.2,766 Ratings & 105 Reviews,['Normal Compressor' 'Built-in Stabilizer' '1 Year Warranty on Product and 10 Years Warranty on Compressor from Panasonic'],refrigerator
Whirlpool 200 L Direct Cool Single Door 3 Star Refrigerator,Whirlpool,15690,20100,21% off,3.6,15 Ratings & 2 Reviews,['Normal Compressor' 'Built-in Stabilizer' '1 Year on Product and 10 Years on Compressor from Whirlpool'],refrigerator
Haier 256 L Frost Free Double Door Bottom Mount 3 Star Refrigerator,Haier,39999,43534,8% off,4.0,5 Ratings & 1 Reviews,['Inverter Compressor' '1 Year Warranty on Product and 10 Years on Compressor from Haier'],refrigerator
Whirlpool 245 L Frost Free Double Door 2 Star Refrigerator,Whirlpool,23790,32200,26% off,4.1,9 Ratings & 0 Reviews,['Reciprocatory Compressor' 'Built-in Stabilizer' '1 Year Warranty on Product and 10 Years Warranty on Compressor from Whirlpool'],refrigerator
Whirlpool 200 L Direct Cool Single Door 4 Star Refrigerator,Whirlpool,18990,22750,16% off,4.3,10069 Ratings & 1052 Reviews,['IntelliSense Inverter Compressor' 'Built-in Stabilizer' '1 Year on Product and 10 Years on Compressor from Whirlpool'],refrigerator
Godrej 251 L Direct Cool Single Door 3 Star Refrigerator,Godrej,19980,20595,2% off,3.9,30 Ratings & 4 Reviews,['Reciprocatory Compressor' 'Built-in Stabilizer' '1 Year Warranty on Product and 10 Years Warranty on Compressor from Godrej'],refrigerator
SAMSUNG 415 L Frost Free Double Door 3 Star Convertible Refrigerator,SAMSUNG,57540,65000,11% off,4.4,1975 Ratings & 225 Reviews,['Digital Inverter Compressor' 'Built-in Stabilizer' '1 year comprehensive warranty on product 20 years on compressor'],refrigerator
SAMSUNG 415 L Frost Free Double Door 3 Star Convertible Refrigerator,SAMSUNG,45490,62990,27% off,4.1,80 Ratings & 7 Reviews,['Digital Inverter Compressor' 'Built-in Stabilizer' '1 year comprehensive warranty on product 10 years on compressor'],refrigerator
LG 190 L Direct Cool Single Door 4 Star Refrigerator,LG,19490,20190,3% off,4.3,210 Ratings & 20 Reviews,['Smart Inverter Compressor' 'Built-in Stabilizer' '1 Year on Product and 10 Years on Compressor From LG'],refrigerator
Haier 278 L Frost Free Double Door 3 Star Refrigerator,Haier,26350,35500,25% off,3.0,4 Ratings & 0 Reviews,['Inverter' 'Built-in Stabilizer' '1 Year Warranty on Product and 10 Years on Compressor From Haier'],refrigerator
SAMSUNG 314 L Frost Free Double Door 2 Star Refrigerator  with Curd Maestro,SAMSUNG,39200,44990,12% off,3.0,4 Ratings & 2 Reviews,['Digital Inverter Compressor' 'Built-in Stabilizer' '1 year comprehensive warranty on product 20 years on compressor'],refrigerator
Haier 345 L Frost Free Double Door 3 Star Convertible Refrigerator,Haier,38490,68100,43% off,3.7,3 Ratings & 0 Reviews,['INVERTER Compressor' 'Built-in Stabilizer' '1 Year Warranty on Product and 10 Years Warranty on Compressor from Haier'],refrigerator
Motorola 533 L Smart Wifi Enabled Frost Free Multi-Door Refrigerator,Motorola,79499,102999,22% off,4.2,167 Ratings & 20 Reviews,['Inverter Compressor' 'Built-in Stabilizer' '1 Year Warranty on Product and 10 Years on Compressor Warranty Motorola'],refrigerator
Whirlpool 190 L Direct Cool Single Door 2 Star Refrigerator with Base Drawer,Whirlpool,14390,17800,19% off,4.3,168 Ratings & 16 Reviews,['Non Inverter Compressor' 'Built-in Stabilizer' '1 Year on Product and 10 Years on the Compressor'],refrigerator
realme TechLife 631 L Frost Free Side by Side Refrigerator,realme,67990,99990,32% off,4.3,13 Ratings & 3 Reviews,['Advanced Inverter Compressor' 'Built-in Stabilizer' '1 Year Warranty on Product and 10 Years on Compressor'],refrigerator
SAMSUNG 255 L Direct Cool Single Door 3 Star Refrigerator,SAMSUNG,21700,25990,16% off,4.2,9 Ratings & 0 Reviews,['Digital Inverter Compressor' 'Built-in Stabilizer' '1 year comprehensive warranty on product 20 years on compressor'],refrigerator
SAMSUNG 192 L Direct Cool Single Door 3 Star Refrigerator with Base Drawer,SAMSUNG,16800,19990,15% off,4.4,29 Ratings & 5 Reviews,['Digital Inverter Compressor' 'Built-in Stabilizer' '1 year comprehensive warranty on product 20 years on compressor'],refrigerator
SAMSUNG 192 L Direct Cool Single Door 3 Star Refrigerator,SAMSUNG,15700,18990,17% off,3.8,28 Ratings & 2 Reviews,['Digital Inverter Compressor' 'Built-in Stabilizer' '1 year comprehensive warranty on product 20 years on compressor'],refrigerator
SAMSUNG 198 L Direct Cool Single Door 4 Star Refrigerator,SAMSUNG,16999,20990,19% off,5.0,4 Ratings & 0 Reviews,['Digital Inverter Compressor' 'Built-in Stabilizer' '1 year comprehensive warranty on product 20 years on compressor'],refrigerator
SAMSUNG 253 L Frost Free Double Door 3 Star Refrigerator with Base Drawer,SAMSUNG,29299,33990,13% off,4.3,67 Ratings & 3 Reviews,['Digital Inverter Compressor' 'Built-in Stabilizer' '1 year comprehensive warranty on product 20 years on compressor'],refrigerator
LG 190 L Direct Cool Single Door 1 Star Refrigerator,LG,14390,15699,8% off,3.0,4 Ratings & 0 Reviews,['RECIPROCATING COMPRESSOR' 'Built-in Stabilizer' '1 Year on Refrigerator Unit and 5 Years on Compressor from LG'],refrigerator
Haier 235 L Frost Free Double Door 3 Star Refrigerator,Haier,26690,34550,22% off,4.0,3 Ratings & 0 Reviews,['Reciprocating Compressor' 'Built-in Stabilizer' '1 Year Warranty on Product and 10 Years on Compressor From Haier'],refrigerator
Whirlpool 190 L Direct Cool Single Door 3 Star Refrigerator,Whirlpool,15690,19400,19% off,4.0,3 Ratings & 0 Reviews,['Normal' 'Built-in Stabilizer' '1 Year on Product and 10 Years on Compressor from Whirlpool'],refrigerator
Panasonic 584 L Frost Free Side by Side Refrigerator,Panasonic,72030,90000,19% off,4.5,195 Ratings & 20 Reviews,['Inverter Compressor' 'Built-in Stabilizer' '1 Year Warranty on Product and 10 Years on Compressor'],refrigerator
Haier 320 L Frost Free Double Door 2 Star Refrigerator,Haier,39000,48600,19% off,3.5,4 Ratings & 0 Reviews,['Reciprocatory Compressor' 'Built-in Stabilizer' '1  Year Warranty on Product and 10 Years Warranty on Compressor from Haier'],refrigerator
LG 190 L Direct Cool Single Door 5 Star Refrigerator with Base Drawer,LG,18990,24399,22% off,4.4,13 Ratings & 2 Reviews,['Smart Inverter Compressor' 'Built-in Stabilizer' '1 Year on Product and 10 Years on Compressor From LG'],refrigerator
Whirlpool 325 L Frost Free Double Door Bottom Mount 2 Star Convertible Refrigerator,Whirlpool,36090,47250,23% off,4.2,63 Ratings & 9 Reviews,['Intellisense Inverter Compressor' 'Built-in Stabilizer' '1 Year Warranty on Product and 10 Years on Compressor'],refrigerator
Whirlpool 190 L Direct Cool Single Door 3 Star Refrigerator with Base Drawer,Whirlpool,15690,19500,19% off,4.3,468 Ratings & 36 Reviews,['Non Inverter Compressor' 'Built-in Stabilizer' '1 Year on Product and 10 Years on Compressor from Whirlpool'],refrigerator
Whirlpool 292 L Frost Free Double Door 3 Star Convertible Refrigerator,Whirlpool,31375,40250,22% off,3.3,3 Ratings & 1 Reviews,['Inverter Compressor' 'Built-in Stabilizer' '1 Year Warranty on Unit and 10 Years Warranty on Compressor from Whirlpool'],refrigerator
Whirlpool 440 L Frost Free Double Door 3 Star Convertible Refrigerator,Whirlpool,52490,60500,13% off,4.3,28704 Ratings & 3078 Reviews,['Digital Inverter' 'Built-in Stabilizer' '1 Year Warranty on Unit and 10 Years Warranty on Compressor from Whirlpool'],refrigerator
SAMSUNG 255 L Direct Cool Single Door 3 Star Refrigerator with Base Drawer,SAMSUNG,23900,27990,14% off,4.0,5 Ratings & 1 Reviews,['Digital Inverter Compressor' 'Built-in Stabilizer' '1 year comprehensive warranty on product 20 years on compressor'],refrigerator
SAMSUNG 198 L Direct Cool Single Door 3 Star Refrigerator with Base Drawer,SAMSUNG,18500,21990,15% off,4.0,9 Ratings & 0 Reviews,['Digital Inverter Compressor' 'Built-in Stabilizer' '1 year comprehensive warranty on product 20 years on compressor'],refrigerator
Whirlpool 190 L Direct Cool Single Door 4 Star Refrigerator  with Intellisense Inverter Compressor,Whirlpool,14990,20850,28% off,4.4,3517 Ratings & 417 Reviews,['DC Inverter Compressor' 'Built-in Stabilizer' '1 Year Comprehensive Warranty on Product and 9 Years Additional Warranty on Compressor'],refrigerator
Whirlpool 265 L Frost Free Double Door 3 Star Convertible Refrigerator,Whirlpool,27829,35709,22% off,4.0,36 Ratings & 3 Reviews,['Inverter Compressor' 'Built-in Stabilizer' '1 Year on Product and 10 Years on Compressor From Whirlpool'],refrigerator
Whirlpool 265 L Frost Free Double Door 3 Star Convertible Refrigerator,Whirlpool,29900,37350,19% off,4.1,41 Ratings & 4 Reviews,['Inverter Compressor' 'Built-in Stabilizer' '1 Year on Product and 10 Years on Compressor From Whirlpool'],refrigerator
Whirlpool 440 L Frost Free Double Door 3 Star Convertible Refrigerator,Whirlpool,53490,68550,21% off,4.3,28704 Ratings & 3078 Reviews,['Intellisense Inverter' 'Built-in Stabilizer' '1 Year Comprehensive on Product and 10 Years on Compressor From Whirlpool'],refrigerator
Whirlpool 265 L Frost Free Double Door 2 Star Refrigerator,Whirlpool,23000,34950,34% off,3.7,19 Ratings & 3 Reviews,['Digital Inverter' 'Built-in Stabilizer' '1 Year on Product and 10 Years on Compressor From Whirlpool'],refrigerator
LG 308 L Frost Free Double Door 2 Star Convertible Refrigerator,LG,36665,49799,26% off,4.5,15 Ratings & 4 Reviews,['Smart Inverter Compressor' 'Built-in Stabilizer' '1 Year on Product and 10 Years on Compressor From LG'],refrigerator
Whirlpool 185 L Direct Cool Single Door 1 Star Refrigerator,Whirlpool,13040,16450,20% off,4.3,4 Ratings & 0 Reviews,['Normal Compressor' 'Built-in Stabilizer' '1 Year on Product and 10 Years on Compressor from Whirlpool'],refrigerator
Noise ColorFit Caliber Go with 1.69 inch HD Display 40 Sports Modes 150+ Watch Faces Smartwatch,Noise,1999,3999,50% off,4.2,18966 Ratings & 1529 Reviews,"[""1.69'' TFT display (240*280px 500 nits 218 PPI)"" 'Noise Health Suite (SpO2 24*7 heart rate tracking activity tracker sleep tracker stress monitor & female health tracker)' 'Productivity and utility features (hand wash reminder drink water reminder DND weather forecast call mute & rejection alarm idle alert stopwatch timer remote music control & find my phone)' '40 sports modes (10 inbuilt & 30 in app) | 150+ cloud-based watch faces' 'Up to 10 days of battery (300mAh)' '5 color options: Jet black Rose pink Olive green Midnight blue Mist grey' 'Touchscreen' 'Fitness & Outdoor' 'Battery Runtime: Upto 10 days' '1 Year Manufacturer Warranty']",smart_watch
boAt Storm Pro Call with Bluetooth Calling 1.78'' AMOLED Display and ASAP Charge Smartwatch,boAt,3299,9799,66% off,4.1,9288 Ratings & 1052 Reviews,"['Bluetooth Calling with Dial Pad' ""1.78'' AMOLED Display"" '60 Hz Refresh Rate' 'ASAP Charge: Full Charge in 30 Mins' '700+ Active Modes' 'Health Ecosystem with boAt Crest App' 'IP68: Dust Sweat and Splash Resistant' 'With Call Function' 'Touchscreen' 'Fitness & Outdoor' 'Battery Runtime: Upto 7 days' '1 Year Warranty from the Date of Purchase']",smart_watch
"Noise ColorFit Caliber Smart Watch with 15-day battery 1.69"" display 60 Sports Modes Smartwatch",Noise,1499,3999,62% off,4.2,243784 Ratings & 24606 Reviews,"['4.2 cm (1.69"") LCD full touch screen' '150+ customizable and cloud based watch faces' '60 Sports Mode|Body Temperature sensor' 'IP68 water resistant' 'Quick replies (Android only)' 'Blood oxygen Heart rate monitor Stress monitor and sleep monitor' 'Touchscreen' 'Fitness & Outdoor' 'Battery Runtime: Upto 15 days' '1 Year Manufacturer Warranty']",smart_watch
Noise ColorFit Icon 2 1.8 Display Bluetooth Calling AI Voice Assistance Smartwatch,Noise,2199,5999,63% off,4.2,47184 Ratings & 4105 Reviews,['1.8 display (500 nits brightness)| Bluetooth calling| AI voice assistant' '100+ cloud-based watch faces| In-built games' 'Noise Health SuiteTM (SpO2 24*7 heart rate tracking sleep monitor & activity tracker)' '60 sports modes| IP67 waterproof | 7-day battery' 'Utility features (stopwatch alarm timer weather find my phone camera & music controls)' 'NoiseFit Track app' 'With Call Function' 'Touchscreen' 'Fitness & Outdoor' 'Battery Runtime: Upto 7 days' '1 Year Manufacturer Warranty'],smart_watch
"Noise Icon Buzz BT Calling with 1.69"" display  AI Voice Assistance Built-In Games Smartwatch",Noise,1999,4999,60% off,4.2,169101 Ratings & 13923 Reviews,['1.69 TFT LCD Display' 'In-Built Games|Bluetooth Calling' 'Voice Assistance (AI voice assistance)' 'Noise Health Suite|Weather Report' 'Up to 7-Day Battery' '100+ Watch Faces|IP67 Waterproof' 'With Call Function' 'Touchscreen' 'Fitness & Outdoor' 'Battery Runtime: Upto 7 days' '1 Year Manufacturer Warranty'],smart_watch
Fire-Boltt Hurricane Smartwatch,Fire-Boltt,1799,8999,80% off,4.1,43939 Ratings & 6832 Reviews,['1.3 Color HD Full Touch Screen with 240*240 pixel resolution' '2.5D Curved Glass for Best Retina HD Color Display with Automatic Motion Recognition' 'SpO2 Monitoring Continuous Heart Rate Tracking|30 Sports Modes | IP67 Water Resistance' 'Superior Battery Life 7 Days & Standby Time 15 Days' 'Find Phone Feature - Use this feature to find your phone|Stay Socially Connected with all Notification Alerts' 'Touchscreen' 'Fitness & Outdoor Health & Medical' 'Battery Runtime: Upto 15 days' 'Contact infocare@boltt.com to Claim Warranty. Replacement will be given by the brand against Manufacturing Defects.'],smart_watch
Amazfit GTR 2 (New version)1.39HD AMOLEDBluetooth callingupto 10 days battery life Smartwatch,Amazfit,5999,16999,64% off,4.2,7254 Ratings & 688 Reviews,['1.39-inch HD AMOLED Screen covered in 2.5D Glass' '3GB Music Storage' 'SpO2 Stress Heart Rate & Sleep Monitoring Wear Detection' '90+ Sports Modes with 5 ATM Water-resistance' '11-day Battery Life 50+ Watch Faces Always-on Display Smart Notifications etc' 'With Call Function' 'Touchscreen' 'Fitness & Outdoor' 'Battery Runtime: Upto 11 days' '1'],smart_watch
Fire-Boltt Ninja Bell Bluetooth Calling & AI Voice Assistance Smartwatch Smartwatch,Fire-Boltt,1999,9999,80% off,4.2,33326 Ratings & 5420 Reviews,['1.69 LCD Display- OGS Full Touch Display with a High Resolution of 240*280 Pixel & 1.69 inch LCD Screen covered with a 2D High Hard Glass' 'Bluetooth Calling Smartwatch- Answer & Make Calls Directly from The Smartwatch with In Built Speaker & Microphone Listen to Songs and Enjoy HD Calls on this smartwatch. Split Display Easy Access- You can easily in one click land on any function without the need to search it from the menu.' 'Voice Assistant- Command your mobile phone with your smartwatchPlay Games On Your Wrist 60 Sports Modes IP68 Water Resistant- Withstand dust spills raindropssweatproof' 'With Call Function' 'Touchscreen' 'Fitness & Outdoor' 'Battery Runtime: Upto 25 days' 'Covers Manufacturing Defects'],smart_watch
Fire-Boltt Ninja Pro Max Plus 1.83inch Smartwatch 27 sports mode IP68 & Spo2 Monitoring Smartwatch,Fire-Boltt,1599,7999,80% off,4.1,1920 Ratings & 357 Reviews,['1.83 inch Large Color LCD Full Touch Screen with 2.5D Curved Glass and 240*284 pixel Resolution' 'Ultra Thin 9.8mm and IP68 Water Resistance' 'Smart Health Tracking with SpO2 Heart Rate Sleep Monitoring' '100 + Cloud Faces to match each style | All in One Social Update Notifications' 'Touchscreen' 'Fitness & Outdoor' 'Battery Runtime: Upto 8 days' 'Covers Manufacturing Defects'],smart_watch
Fire-Boltt Wonder Smartwatch,Fire-Boltt,1999,11999,83% off,4.1,22108 Ratings & 4740 Reviews,['Flaunt the 1.8inch (4.57cm) LCD Full Touch Display on your wrist|240*286 Pixel High Resolution Display with 2.5D Lamination| Bluetooth calling smartwatch can make and receive calls on the watch itself' 'Built In Mic & Speaker for HD calling experience| AI Voice Assistant to command your mobile phone & IP67 Water Resistant' 'Smart Calculation on the wrist with the inbuilt calculator| Track SpO2 & Heart Rate Monitoring with Gaming Experience On Your Wrist' 'With Call Function' 'Touchscreen' 'Fitness & Outdoor' 'Battery Runtime: Upto 5 days' 'Covers Manufacturing Defects'],smart_watch
"Noise Evolve 3 1.43"" AMOLED AOD 466*466px 500 nits BT callingTru Sync Technology Smartwatch",Noise,4299,6999,38% off,4.4,7581 Ratings & 915 Reviews,['1.43 AMOLED Always On Display (466*466px | 326 PPI | 500 nits brightness)' 'Tru SyncTM' 'Lightweight design with circular stainless steel ring' 'Noise Health SuiteTM (SpO2 stress monitor 24*7 heart rate tracking sleep monitor & breath)' 'With Call Function' 'Touchscreen' 'Fitness & Outdoor' 'Battery Runtime: Upto 7 days' '1 Year Manufacturer Warranty'],smart_watch
Fire-Boltt Talk Bluetooth Calling Smartwatch,Fire-Boltt,1799,9999,82% off,4.1,155760 Ratings & 31068 Reviews,"['Bluetooth Calling : Answer and make calls with Bluetooth directly from your watch' ""Enable Bluetooth Calling Function: First connect to the compatible app. Then manually go to the phone's Bluetooth settings and pair the watch"" '3D HD Display : 1.28 Full Circle 3D HD bevel curved glass' 'Comprehensive Health Data : Track your SPO2 Blood Pressure Heart Rate' 'With Call Function' 'Touchscreen' 'Fitness & Outdoor' 'Battery Runtime: Upto 10 days' 'Covers Manufacturing Defects']",smart_watch
Lookar Smart watch call HD display with Bluetooth calling brightness (black Strap) Smartwatch,Lookar,940,5499,82% off,4.3,11 Ratings & 1 Reviews,['With Call Function' 'Touchscreen' 'Fitness & Outdoor Health & Medical Watchphone' 'Battery Runtime: Upto 24 hrs'],smart_watch
boAt Wave beat 1.69Inch HD display with complete health monitoring Smartwatch,boAt,1499,5990,74% off,4.1,25429 Ratings & 1906 Reviews,['1.69 inch Square HD Display' '550 Nits Brightness' 'Heart Rate and Blood Oxygen Monitoring' 'Health Ecosystem with boAt Crest App' 'Touchscreen' 'Fitness & Outdoor' 'Battery Runtime: Upto 7 days' '1 Year Warranty from the Date of Purchase'],smart_watch
Gizmore GizFit BLAZE BT Calling Smartwatch | 1.69 Inch IPS Curved 500 NITS Display Smartwatch,Gizmore,1299,5499,76% off,4.0,1830 Ratings & 404 Reviews,['With Call Function' 'Touchscreen' 'Fitness & Outdoor' 'Battery Runtime: Upto 7 days' 'Gizmore smartwatches comes with a 12 months Manufacturing Warranty.'],smart_watch
"GOQii Smart Vital MAX 1.69"" Full Touch HD Smart Notification 3 Month Health Coaching Smartwatch",GOQii,1784,5999,70% off,3.9,322 Ratings & 37 Reviews,['1.69inch Full HD color display Touch screen | 240x280 HD resolution' 'Health coaching - 3 months free health & fitness coaching | Doctor consultation | health reward | Yoga | Home live workout | Diet consultation | free access to GOQii store & App' 'Body Temperature Tracker | 24x7 Heart rate Monitor | Integrated Pulse Oximeter (SpO2) | Auto Sleep tracking' 'IP68 Water/Dust resistant | Multiple customize watch faces | music control |stopwatch | timer | raise to wake | alarms | inactivity alerts | 17 mode of exercise & Battery Runtime: Upto 7 days | 1 Year Warranty' 'Touchscreen' 'Fitness & Outdoor' 'Battery Runtime: Upto 7 days' '1 Year Warranty'],smart_watch
SAMSUNG Watch 4 44mmSuper AMOLED bluetooth calling function & body composition tracking,SAMSUNG,9999,29999,66% off,4.4,29082 Ratings & 2714 Reviews,['With Call Function' 'Touchscreen' 'Fitness & Outdoor' 'Battery Runtime: Upto 40 hrs' '1 Year Manufacturing Warranty'],smart_watch
Amazfit GTR 2 (New version)1.39HD AMOLEDBluetooth callingupto 10 days battery life Smartwatch,Amazfit,5999,16999,64% off,4.2,7254 Ratings & 688 Reviews,['1.39-inch HD AMOLED Screen covered in 2.5D Glass' 'Alexa Built-in Bluetooth Phone Calls 3GB Music Storage' 'SpO2 Stress Heart Rate & Sleep Monitoring Wear Detection' '90+ Sports Modes with 5 ATM Water-resistance' '11-day Battery Life 50+ Watch Faces Always-on Display Smart Notifications etc' 'With Call Function' 'Touchscreen' 'Fitness & Outdoor' 'Battery Runtime: Upto 11 days' '1'],smart_watch
boAt Storm call 1.69 inch HD display with bluetooth calling and 550 nits brightness Smartwatch,boAt,1999,7990,74% off,4.1,75033 Ratings & 5833 Reviews,['1.69inch HD Display|550 Nits Brightness| 2.5D Curved Touch Display' 'Bluetooth Calling & Dialpad(Save upto 10 contacts)| Ultra Slim & Lightweight' '150+ Watch Faces| HR & SpO2 Monitoring' 'IP68: Dust Sweat & Splash Resistant' 'With Call Function' 'Touchscreen' 'Fitness & Outdoor' 'Battery Runtime: Upto 10 days' '1 Year Warranty from the Date of Purchase'],smart_watch
"Ambrane Wise-roam 1.28"" Full HD displaybluetooth calling and complete health tracking Smartwatch",Ambrane,1999,5999,66% off,4.2,19169 Ratings & 1935 Reviews,['Bluetooth Calling with Inbuilt Mic Inbuilt Speaker and Dialer| 1.28-inch full touch screen with round LucidDisplay?? 450 Nits Brightness 2.5D Curved Glass' 'SpO2 (Real-Time Monitoring) Blood Pressure Heart Rate Sleep Breath Training and Menstrual Cycle TrackingFitness and Productivity: Smart Notifications 60 Sports Modes Alarm Stopwatch Flashlight Timer Find Phone Music Player Shutter (Remote Camera)' 'Sturdy Body: Comfortable adjustable Straps High-quality frame and IP68 water resistantDo Not Disturb Mode & Theatre Mode | 100+ Watch Faces Upto 10 Days Battery 2 Inbuilt Games Customizable Watch Face Weather Dual Menu Options Voice Assistance' 'With Call Function' 'Touchscreen' 'Fitness & Outdoor' 'Battery Runtime: Upto 10 days' '1 Year Manufacturer Warranty'],smart_watch
DIZO Watch 2 (by realme TechLife),DIZO,1499,3999,62% off,4.2,107247 Ratings & 12492 Reviews,"['4.3cm (1.69"") Bright Full Touch Screen' '5ATM Water Resistance' 'Blood Oxygen & Heart Rate Monitor' '15 Sports Modes' '10-Day Battery Life' '100+ Stylish Watch Faces' 'Touchscreen' 'Fitness & Outdoor' 'Battery Runtime: Upto 10 days' '1 Year Warranty']",smart_watch
"boAt Wave Connect with Bluetooth Calling Voice Assistant and 1.69"" HD Display Smartwatch",boAt,2999,5990,49% off,4.2,34446 Ratings & 3178 Reviews,['Bluetooth Calling Smartwatch: Call On The Go | Voice Assistant: Connect on Command | 43mm(1.69) HD Display | 60+ Sports Modes | Heart Rate and SpO2 Monitoring | Multiple Cloud Watch Faces | IP68: Dust Sweat & Splash Resistant' 'With Call Function' 'Touchscreen' 'Fitness & Outdoor' '1 Year Warranty from the Date of Purchase'],smart_watch
Fire-Boltt Talk Pro Bluetooth Calling Smartwatch,Fire-Boltt,2199,9999,78% off,4.1,31151 Ratings & 7010 Reviews,['[Bluetooth Calling Smartwatch]- Answer & Make Calls Directly from The Smartwatch\n[In Built Speaker & Microphone]- Listen to Songs and Enjoy HD Calls on this smartwatch\n[High Resolution 360*360]- This smartwatch has a round display with High Resolution of 360*360 Pixels full touch 1.3 inch HD Screen and ultra-high colour saturation\n[60 Sports Modes To Track]- Track each activity efficiently and analyse performance based upon saved history\n[360 Health Tracker]- This watch is your go to health tracking device. Track your blood oxygen (SpO2) Heart Rate Blood Pressure and even your Sleep!\n[Play Games On Your Wrist]- Play your favourite Bird Game and 2048 Game on your watch\n[Rotating Button Function]- Scroll through the various functions in the menu list by simply rotating the button\n[Smartphone Notifications]- Get all your mobile phone notifications on the watch and never miss out any meetings birthday or calls [IP68 Water Resistant]- spills raindrops and is sweatproof too' 'With Call Function' 'Touchscreen' 'Fitness & Outdoor' 'Battery Runtime: Upto 30 days' 'Covers Manufacturing Defects'],smart_watch
Noise ColorFit Vision 2 Buzz Smartwatch,Noise,3499,7999,56% off,4.3,8813 Ratings & 814 Reviews,['1.78 inch AMOLED Always On Display (368*448px 326 PPI & 500 nits)' 'Bluetooth calling (In built speaker in-built microphone & dial from recent call logs and access favourite contacts)' 'Tru Sync Technology for quick pairing  stable connectivity and low power consumption.' 'Lightweight design & unique straps (10.9mm thick - excluding sensors (disclaimer) metallic finish)' 'Noise Health SuiteTM (SpO2 24*7 heart rate tracking activity tracker stress monitor sleep tracker & female health tracker)' '100+ watch faces (customised & cloud-based) & all-new watch UI (widgets & shortcut screens)' '100 sports modes with auto sports detection (Disclaimer: 10 in watch remaining via app)' 'Productivity and utility suite (quick reply call & message notifications world clock alarm stocks reminders remote camera/music control find my phone weather updates & smart DND)' 'With Call Function' 'Touchscreen' 'Fitness & Outdoor' 'Battery Runtime: Upto 7 days' '1 Year Manufacturer Warranty'],smart_watch
Fire-Boltt Epic with 2.5D Curved GlassSPO2 Heart Rate tracking Touchscreen Smartwatch,Fire-Boltt,1499,7999,81% off,4.2,38607 Ratings & 6369 Reviews,"['1.69"" HD Display with 2.5D Curved Glass | 240*280 Pixel High Resolution' '120 Sports Modes to Track with IP68 Water Resistant| Customised Wallpaper Option | Match Your Daily' 'Outfit with 100+ Cloud Faces' 'Smart Health Monitoring - Track SpO2 Heart Rate while your workout' 'Social App Notifications & Reminders - Never miss important calls and updates| Remote control Camera & Player click numerous pictures on the go' 'Touchscreen' 'Fitness & Outdoor' 'Battery Runtime: Upto 7 days' 'Covers Manufacturing Defects']",smart_watch
Fire-Boltt Talk Pro Bluetooth Calling Smartwatch Smartwatch,Fire-Boltt,2199,9999,78% off,4.1,31151 Ratings & 7010 Reviews,['[Bluetooth Calling Smartwatch]- Answer & Make Calls Directly from The Smartwatch\n[In Built Speaker & Microphone]- Listen to Songs and Enjoy HD Calls on this smartwatch\n[High Resolution 360*360]- This smartwatch has a round display with High Resolution of 360*360 Pixels full touch 1.3 inch HD Screen and ultra-high colour saturation\n[60 Sports Modes To Track]- Track each activity efficiently and analyse performance based upon saved history\n[360 Health Tracker]- This watch is your go to health tracking device. Track your blood oxygen (SpO2) Heart Rate Blood Pressure and even your Sleep!\n[Play Games On Your Wrist]- Play your favourite Bird Game and 2048 Game on your watch\n[Rotating Button Function]- Scroll through the various functions in the menu list by simply rotating the button\n[Smartphone Notifications]- Get all your mobile phone notifications on the watch and never miss out any meetings birthday or calls [IP68 Water Resistant]- spills raindrops and is sweatproof too' 'With Call Function' 'Touchscreen' 'Fitness & Outdoor' 'Battery Runtime: Upto 30 days' 'Covers Manufacturing Defects'],smart_watch
Ambrane Wise-Eon 1.69Lucid Display bluetooth calling function & 7 days battery life Smartwatch,Ambrane,1799,4999,64% off,4.2,51561 Ratings & 6007 Reviews,['Calling Feature: Bluetooth Calling with Inbuilt Mic Inbuilt Speaker and Dialer' 'Screen: 1.69-inch full touch screen with square LucidDisplay 450 Nits Brightness 2.5D Curved Glass With Intelligent spilt screen' 'Health Tracking: SpO2 (Real-Time Monitoring) Blood Pressure Heart Rate Sleep Breath Training and Menstrual Cycle Tracking' 'Fitness and Productivity: Smart Notifications 60 Sports Modes Alarm Stopwatch Flashlight Timer Find Phone Music Player Shutter (Remote Camera)' 'Sturdy Body: Comfortable adjustable Straps High-quality frame and IP68 water-resistant| Modes: DND & Low Power Mode' '100+ Watch Faces Upto10 Days Battery Life on Normal Use 3 Inbuilt Games Customizable Watch Face Weather Dual Menu Options Voice Assistance' 'With Call Function' 'Touchscreen' 'Fitness & Outdoor' 'Battery Runtime: Upto 10 days' '1 Year Brand Warranty'],smart_watch
DIZO Watch R Talk Amoled Display with Calling & 10 days battery,DIZO,3999,6999,42% off,4.2,5155 Ratings & 640 Reviews,"['Advanced Calling with Voice Assistant & Noise Cancellation' '1.3""Ultra-Sharp Amoled Display' 'Always on Display with 550 nits brightness' 'Fully Washable' 'Up-to 10 days Battery (2 Hours to Full Charge)' '110+ Sports Mode' '150+ Stylish Watch Faces' 'Smart Controls' 'With Call Function' 'Touchscreen' 'Fitness & Outdoor' 'Battery Runtime: Upto 10 days' '12 Month from the Date of Purchase']",smart_watch
Noise ColorFit Brio Smartwatch,Noise,1499,5999,75% off,4.2,30256 Ratings & 3432 Reviews,"['Best-In Segment Resolution with 360*400 pixels' '3.86 cms (1.52"") TruView HD Display and 100+ personalized watch faces' 'Super light and slim with 30gms weight and 9mm thickness' 'Noise Health Suite: Blood oxygen monitor (Spo2) Stress monitor Sleep monitor 24*7 Heart Rate monitor' '50 sports modes and up to 10-day battery\nSpecial features: Smart DND & quick reply with NoiseFit App' 'Touchscreen' 'Fitness & Outdoor' 'Battery Runtime: Upto 10 days' '1 Year Manufacturer Warranty']",smart_watch
"Noise ColorFit Loop Advanced BT Calling with 1.85"" display130+Sports Modes Smartwatch",Noise,2499,6999,64% off,4.3,961 Ratings & 137 Reviews,['1.85 inch TFT display: Experience bold and vibrant visuals on this big-screen smartwatch with 550 nits.' '2.5D Curved glass: Stand out in the crowd with its premium curved glass design.' 'Noise Buzz: Manage calls directly from your wrist. Access your call logs make calls from the dial pad and save up to 10 favorite contacts.' 'Noise Health SuiteTM: Take better care of your daily health with a series of health monitoring tools Blood oxygen monitor Sleep monitor 24x7 heart rate monitor Stress measurement & Female cycle tracker.' 'NoiseFit app: Make the most out of your smartwatch by pairing it with the NoiseFit app.' 'Up to 7-day battery: Go through a full week without charging with up to 7 days of battery life.' '200+ cloud-based & customized watch faces: Make your selection from a series of fun and trendy watch faces.' 'With Call Function' 'Touchscreen' 'Fitness & Outdoor' 'Battery Runtime: Upto 7 days' '1 Year Manufacturer Warranty'],smart_watch
TXOR STORM M5 With Heart Rate SPO2 & BP Monitor 35 mm Screen Blue Smartwatch,TXOR,629,1499,58% off,3.2,22237 Ratings & 1668 Reviews,['Touchscreen' 'Fitness & Outdoor' 'Battery Runtime: Upto 8 days' '6 Months | Manufacturing Defects'],smart_watch
Fire-Boltt Epic with 2.5D Curved GlassSPO2 Heart Rate tracking Touchscreen Smartwatch,Fire-Boltt,1299,7999,83% off,4.2,38607 Ratings & 6369 Reviews,"['1.69"" HD Display with 2.5D Curved Glass | 240*280 Pixel High Resolution' '120 Sports Modes to Track with IP68 Water Resistant| Customised Wallpaper Option | Match Your Daily' 'Outfit with 100+ Cloud Faces' 'Smart Health Monitoring - Track SpO2 Heart Rate while your workout' 'Social App Notifications & Reminders - Never miss important calls and updates| Remote control Camera & Player click numerous pictures on the go' 'Touchscreen' 'Fitness & Outdoor' 'Battery Runtime: Upto 7 days' 'Covers Manufacturing Defects']",smart_watch
Fire-Boltt Ninja Call 2 (1.7 inch) Bluetooth Calling with 27 Sports Modes Smartwatch,Fire-Boltt,2199,7999,72% off,4.1,64817 Ratings & 11820 Reviews,"['1.7 inch Bluetooth Calling Full Touch Smartwatch with 240*280 px Resolution' 'Built In Mic and Speaker enables user to enjoy wireless calling experience' 'Stream & Listen To Favourite Songs Through The Watch with Built - In Speaker' '360 Health Tracking - Featuring Real Time SpO2 Heart Rate Tracking Sleep Monitoring' 'With 27 Sports Modes track each activity and take a step to a healthier lifestyle' 'Smart All Round Notifications - Stay Socially Updated Always' 'Play Games Like 2048 Thunder Bottleship & Young Bird On The Wrist""' 'With Call Function' 'Touchscreen' 'Fitness & Outdoor' 'Battery Runtime: Upto 10 days' 'Covers Manufacturing Defects']",smart_watch
"Noise ColorFit Pro4 BT Calling 1.72"" TruView Display Fully-functional digital crown Smartwatch",Noise,2999,5999,50% off,4.3,10889 Ratings & 854 Reviews,['With Call Function' 'Touchscreen' 'Fitness & Outdoor' 'Battery Runtime: Upto 7 days' '1 Year Manufacturer Warranty'],smart_watch
"GOQii Smart Vital Lite 1.4"" Smart Touch HD With 3 Months Health Coaching Smartwatch",GOQii,1614,5499,70% off,3.8,2491 Ratings & 218 Reviews,['1.4inch HD color display | 240x240 HD resolution | Full Display Touch screen' 'Health coaching - 3 months free health & fitness coaching | Doctor consultation | health reward | Yoga | Home live workout | Diet consultation | free access to GOQii store & App' 'Body Temperature Tracker | 24x7 Heart rate Monitor | Integrated Pulse Oximeter (SpO2) | Auto Sleep tracking' 'IP68 Water/Dust resistant | Multiple customize watch faces | music control |stopwatch | timer | raise to wake | alarms | inactivity alerts' 'Touchscreen' 'Fitness & Outdoor Health & Medical Notifier Watchphone' 'Battery Runtime: Upto 7 days' '1 Year Warranty'],smart_watch
Fire-Boltt Talk Bluetooth Calling Smartwatch,Fire-Boltt,1799,9999,82% off,4.1,155760 Ratings & 31068 Reviews,"['Bluetooth Calling : Answer and make calls with Bluetooth directly from your watch' ""Enable Bluetooth Calling Function: First connect to the compatible app. Then manually go to the phone's Bluetooth settings and pair the watch"" '3D HD Display : 1.28 Full Circle 3D HD bevel curved glass' 'Comprehensive Health Data : Track your SPO2 Blood Pressure Heart Rate' 'With Call Function' 'Touchscreen' 'Fitness & Outdoor' 'Battery Runtime: Upto 10 days' '1 Year Warranty from the Date of Purchase']",smart_watch
"Fire-Boltt Talk Bluetooth Calling 1.32"" HD Display Smartwatch",Fire-Boltt,1799,9999,82% off,4.1,155760 Ratings & 31068 Reviews,"['Bluetooth Calling : Answer and make calls with Bluetooth directly from your watch' ""Enable Bluetooth Calling Function: First connect to the compatible app. Then manually go to the phone's Bluetooth settings and pair the watch"" '3D HD Display : 1.28 Full Circle 3D HD bevel curved glass' 'Comprehensive Health Data : Track your SPO2 Blood Pressure Heart Rate' 'With Call Function' 'Touchscreen' 'Fitness & Outdoor' 'Battery Runtime: Upto 10 days' 'Covers Manufacturing Defects']",smart_watch
realme Watch 2 with 320 x 320p Ultra Sharp 600 nits Display & up to 12-day Battery Smartwatch,realme,1899,3999,52% off,4.1,37557 Ratings & 3340 Reviews,['3.5cm (1.4 inch) Large Color Display' 'Continuous Heart Rate & SpO2 Blood Oxygen Monitor' 'IP68 Water Resistant with 90 Sport Modes' '100+ Stylish Watch Faces to be Updated via OTA' 'Magnetic Charging Base for Hassle-free Charging' 'Capacitive Touchscreen' 'Touchscreen' 'Fitness & Outdoor' 'Battery Runtime: Upto 12 days'],smart_watch
"alt OG Bluetooth Calling 1.69"" HD Display with AI Voice Assistant Built-in Games Smartwatch",alt,1499,6999,78% off,4.2,4605 Ratings & 727 Reviews,['1.69ï¿½ TFT LCD screen (240*280 px)' 'Bluetooth calling (built-in microphone & speakers recent calls dial pad contacts)' 'AI Voice Assistant Built-in Games' '200+ cloud-based & customisable watch faces' 'Health tracking with AltFit app (SpO2 stress monitor sleep tracker 24*7 HRM & BP monitor)' '230mAh battery (7 days of use 2 days with calling & 25 days on standby)' 'Utility/productivity features (Stopwatch alarm timer reminder smart DND weather quick replies find my phone camera/music controls breathe AI voice assistant)' '4 colour options & metallic finish- Lunar Black Berry Blue Misty Grey Moss Green' 'IP67 waterproof' 'With Call Function' 'Touchscreen' 'Fitness & Outdoor' 'Battery Runtime: Upto 7 days' '1 Year Manufacturer Warranty'],smart_watch
DIZO Watch 2 (by realme TechLife),DIZO,1499,3999,62% off,4.2,107247 Ratings & 12492 Reviews,['4.3cm (1.69 inch) Bright Full Touch Screen' '5ATM Water Resistance' 'Blood Oxygen & Heart Rate Monitor' '15 Sports Modes 100+ Stylish Watch Faces' 'Touchscreen' 'Fitness & Outdoor' 'Battery Runtime: Upto 10 days' '1 year from the date of purchase'],smart_watch
"Pebble Cosmos Ultra 1.91"" 600 nits BT-Calling High-Res Curved Display Ultra-Thin Dial Smartwatch",Pebble,3199,7499,57% off,4.4,9508 Ratings & 3146 Reviews,['1.91 inch High-Resolution Infinite Display with Curved Edges | 600 Nits Brightness| Answer and make calls with Bluetooth directly from your watch - Call Message & Social Media Notification' 'Blood-oxygen monitoring (SPO2) 24*7 Heart rate monitoring Sedentary alert| IP67 waterproof standard AI Voice Assistant (Google & Siri)| Inbuilt 10+ watch faces and 100+ cloud-based watch faces | Information Inbuilt games' 'Always on rotating display when charging | Social media contacts sharing by scanning QR Code| Active Rotating Crown Calculator Smart password screen lock Stopwatch Weather' 'Battery up to 5 days Stand by up to 15 Days' 'With Call Function' 'Touchscreen' 'Fitness & Outdoor' 'Battery Runtime: Upto 7 days'],smart_watch
DIZO Watch D 1.8 inch Dynamic display with 550nits brightness (by realme techLife),DIZO,1999,4999,60% off,4.2,30999 Ratings & 3998 Reviews,"['4.57cm (1.8"")  550nits Super Bright Display' 'Upto 14 Day Battery Life 2 Hours for Full Charge' '5ATM Water Resistance| 150+ Stylish Watch Faces| 110+ Sports Mode' 'Health Monitoring|DIZO Smart App Controls' 'Touchscreen' 'Fitness & Outdoor' 'Battery Runtime: Upto 14 days' '12 month from the date of purchase']",smart_watch
realme Watch 2 Pro 1.75 Inch 320 x 385p Hi-Res Display 14-day Battery & Dual GPS Smartwatch,realme,2999,5999,50% off,4.2,27386 Ratings & 2578 Reviews,['Touchscreen' 'Fitness & Outdoor' 'Battery Runtime: Upto 14 days' '1 Year Manufacturing Defects'],smart_watch
Fire-Boltt Ring 2 Smartwatch,Fire-Boltt,1999,9999,80% off,4.1,10850 Ratings & 2453 Reviews,['1.69 inch Bluetooth Calling Full Touch Smartwatch with 240*280 px Resolution' 'Built In Mic and Speaker enables user to enjoy wireless calling experience' 'Stream & Listen To Favourite Songs Through The Watch with Built - In Speaker' 'Comes with 30 Sports Modes track each activity and take a step to a healthier lifestyle' 'Play Games Like 2048 Thunder Battleship & Young Bird On The Wrist and enjoy the leisure time' 'With Call Function' 'Touchscreen' 'Fitness & Outdoor' 'Battery Runtime: Upto 7 days' 'Contact infocare@boltt.com to Claim Warranty. Replacement will be given by the brand against Manufacturing Defects.'],smart_watch
Noise ColorFit Vision 2 with 1.78'' Always on AMOLED Display Smartwatch,Noise,2499,6999,64% off,4.1,9517 Ratings & 958 Reviews,['1.78 Amoled with always on feature' 'Menstrual Cycle Tracking | Heart Rate Monitor Stress & Sleep Monitor' 'Weather and Quick Replies' 'IP68 Waterproof| multiple sports mode' 'Battery : Upto 7 days/ 30 Days Standby' 'Touchscreen' 'Fitness & Outdoor' 'Battery Runtime: Upto 7 days' '1 Year Manufacturer Warranty'],smart_watch
Fire-Boltt Tornado Bluetooth Calling Smartwatch Smartwatch,Fire-Boltt,2299,9999,77% off,4.0,7024 Ratings & 1085 Reviews,['Bluetooth Calling Smartwatch| In Built Speaker & Microphone' 'High Res 320*380 Pixels- The bigger the better smartwatch with a 1.72 TFT Screen Full Touch and a high resolution of 320*380 pixels' 'Track your blood oxygen levels (SpO2) as well as your Heart Rate with the latest HRS3300 and stay updated. Monitor your sleeping pattern' 'With Call Function' 'Touchscreen' 'Fitness & Outdoor' 'Battery Runtime: Upto 15 days' 'Covers Manufacturing Defects'],smart_watch
Fire-Boltt Atom Smartwatch,Fire-Boltt,3799,15999,76% off,4.3,6062 Ratings & 1362 Reviews,['1.3 AMOLED Display Smartwatch with 360*360 pixel RGB high resolution' 'Bluetooth Calling Smartwatch with in built mic & speaker for hd calls' 'Voice Assistant to command and get things done' '120 Sports Modes for all fitness goals along with IP67 water resistant Power' 'Dual Button Technology to land on functions in one touch' '360 Health suite - SpO2 Heart Rate Sleep Calorie Count.' 'Smart notifications to stay alert and updated all day everyday' 'With Call Function' 'Touchscreen' 'Fitness & Outdoor' 'Battery Runtime: Upto 6 days' '1 Year Brand Warranty'],smart_watch
XBY ID-116 Plus Bluetooth Smart Fitness Watch with Active Heart Rate Activity Smartwatch,XBY,468,1999,76% off,3.4,1616 Ratings & 91 Reviews,['Touchscreen' 'Fitness & Outdoor Health & Medical Watchphone Notifier'],smart_watch
huami GTS 2e 1.65 HD AMOLED advanced GPS & 90+ sports modes Smartwatch,huami,3999,13999,71% off,4.1,9111 Ratings & 916 Reviews,['Large 1.65-inch AMOLED HD screen covered by curved glass' '24-hour heart rate monitoring SpO2 measurement and sleep quality and stress level monitoring' '90 Built-in Sports Modes & 5 ATM Water-resistance' 'Lightweight and Extended Battery Life of 14 days' 'Voice operations without internet access with the offline voice control feature.' 'Touchscreen' 'Fitness & Outdoor' 'Battery Runtime: Upto 14 days' '1 Year Manufacturer Warranty'],smart_watch
realme Smart Watch 2 with Superbright HD Display & 90 Sports Modes,realme,1899,3999,52% off,4.1,37557 Ratings & 3340 Reviews,['3.5cm (1.4 inch) Large Color Display' 'Continuous Heart Rate & SpO2 Blood Oxygen Monitor' 'IP68 Water Resistant with 90 Sport Modes' '100+ Stylish Watch Faces to be Updated via OTA' 'Magnetic Charging Base for Hassle-free Charging' 'Capacitive Touchscreen' 'Touchscreen' 'Fitness & Outdoor' 'Battery Runtime: Upto 12 days'],smart_watch
Amazfit T rex Pro 1.3HD AMOLED with advanced GPS & 10ATM water resistance Smartwatch,Amazfit,7999,17999,55% off,4.5,4033 Ratings & 441 Reviews,['1.3 inch HD AMOLED always-on color screen' 'SpO2 PAI  Heart Rate Sleep Monitoring Weather tracker a sunrise and sunset Monitor' '100 Sports Modes with 10 ATM Water-resistance' 'Ultra-long Battery Life Up to 18 Days in typical use & Smart Notifications' 'GPS+Glonass GPS+BeiDou & GPS+Galilio' 'Touchscreen' 'Fitness & Outdoor' 'Battery Runtime: Upto 18 days' '1 Year'],smart_watch
"boAt Storm Pro Call Bluetooth Calling 1.78"" AMOLED Display Smartwatch",boAt,3299,9799,66% off,4.1,9288 Ratings & 1052 Reviews,"['Bluetooth Calling with Dial Pad' ""1.78'' AMOLED Display"" '60 Hz Refresh Rate' 'ASAP Charge: Full Charge in 30 Mins' 'Metal Strap' '700+ Active Modes' 'Health Ecosystem with boAt Crest App' 'IP68: Dust Sweat and Splash Resistant' 'With Call Function' 'Touchscreen' 'Fitness & Outdoor' 'Battery Runtime: Upto 7 days' '1 year warranty from the date of purchase']",smart_watch
GIONEE Ufit 6 Bluetooth Calling Metallic Frame Smartwatch,GIONEE,1899,6999,72% off,4.0,6557 Ratings & 524 Reviews,['Bluetooth Calling: Answer and make calls directly from your smartwatch.|Bluetooth Music: Listen to music through your smartwatch.\nQuick Access: Access the dial pad contacts and recent calls with just one tap on the screen.\nBig Display: 4.3cm (1.69) full-touch display|100+ Stylish Watch Faces|Wellness Modes: SpO2 Monitor Heart Rate & Sleep Tracker\nGBuddy App to track fitness with multiple sports modes.|IP68 Water Resistance\nOne-year warranty on the smartwatch and 6-month warranty on the strap' 'With Call Function' 'Touchscreen' 'Fitness & Outdoor' 'Battery Runtime: Upto 3 days' '1 Year Warranty on Smart Watch and 6 Months Warranty on Strap'],smart_watch
GIONEE Ufit 6 Bluetooth Calling Metallic Frame Smartwatch,GIONEE,1899,6999,72% off,4.0,6557 Ratings & 524 Reviews,['Bluetooth Calling: Answer and make calls directly from your smartwatch.|Bluetooth Music: Listen to music through your smartwatch.\nQuick Access: Access the dial pad contacts and recent calls with just one tap on the screen.\nBig Display: 4.3cm (1.69) full-touch display|100+ Stylish Watch Faces|Wellness Modes: SpO2 Monitor Heart Rate & Sleep Tracker\nGBuddy App to track fitness with multiple sports modes.|IP68 Water Resistance\nOne-year warranty on the smartwatch and 9-month warranty on the strap' 'With Call Function' 'Touchscreen' 'Fitness & Outdoor' 'Battery Runtime: Upto 3 days' '1 Year Warranty on Smart Watch and 6 Months Warranty on Strap'],smart_watch
GIONEE Ufit 6 Bluetooth Calling Metallic Frame Smartwatch,GIONEE,1899,6999,72% off,4.0,6557 Ratings & 524 Reviews,['Bluetooth Calling: Answer and make calls directly from your smartwatch.|Bluetooth Music: Listen to music through your smartwatch.\nQuick Access: Access the dial pad contacts and recent calls with just one tap on the screen.\nBig Display: 4.3cm (1.69) full-touch display|100+ Stylish Watch Faces|Wellness Modes: SpO2 Monitor Heart Rate & Sleep Tracker\nGBuddy App to track fitness with multiple sports modes.|IP68 Water Resistance\nOne-year warranty on the smartwatch and 8-month warranty on the strap' 'With Call Function' 'Touchscreen' 'Fitness & Outdoor' 'Battery Runtime: Upto 3 days' '1 Year Warranty on Smart Watch and 6 Months Warranty on Strap'],smart_watch
DIZO Watch 2 Sports (by realme TechLife),DIZO,1799,3499,48% off,4.2,60177 Ratings & 7017 Reviews,"['4.3 cm (1.69"") Bright Full Touch Screen' '110+ Sports Mode' 'Blood Oxygen & Heart Rate Monitor' '5 ATM Water Resistance' '150+ Stylish Watch Faces' 'Touchscreen' 'Fitness & Outdoor' 'Battery Runtime: Upto 10 days' '12 Month from the Date of Purchase']",smart_watch
"Gizmore GizFit Ultra BT Calling Smartwatch With 1.69"" HD Display| 60+ Sports Mode Smartwatch",Gizmore,1499,5999,75% off,4.2,3653 Ratings & 635 Reviews,['1.69-inch full touch 2.5D HD curve metal Display |500 Nits Brightness| Split screen feature.|Bluetooth Calling|Built-in AI Voice Assistant (Google & Siri Track SPO2 24 x 7 Heart Rate Calorie Burns Hydration Alert Menstrual Tracker Sleep monitor & Guided Breathing. Weather forecast Call rejection Alarm Find my Phone Timer Stopwatch Walk reminder Wake gesture . Vibration alert remote music control .60+ sports modes/ IP68 water proof .Smart All Round Notifications - Stay Socially Updated Always. 100+ customizable and cloud-based watch faces .Play Music on the go | 3 Built-in Games .ALWAYS-ON Display |500 NITS' 'With Call Function' 'Touchscreen' 'Fitness & Outdoor' 'Battery Runtime: Upto 15 days' 'Gizmore Smartwatches Comes With 12 Months Manufacturing Warranty'],smart_watch
realme TechLife Watch R100 Bluetooth Calling & 1.32inch Metallic Dial Smartwatch,realme,3999,5999,33% off,4.0,3344 Ratings & 457 Reviews,['3.35 cm (1.32) HD Colour Touch Display with Bluetooth Calling' 'Upto 7 days of battery life - 100% charge in 2 hrs' 'Built-in high performance mic and speakers for loud and clear calls' 'Premium looking metallic bezel design | IP68 Water and dust resistant' '100+ Watch Faces | 100+ Sports Mode' 'realme Wear App for comprehensive health tracking - real-time Heart Rate SpO2 Sleep monitoring and many more' 'With Call Function' 'Touchscreen' 'Fitness & Outdoor' 'Battery Runtime: Upto 7 days' '1 Year Manufacturer Warranty'],smart_watch
Fitshot Connect 1.85inch CosmicDisplay Bluetooth Calling & SoloSync Technology Smartwatch,Fitshot,1499,4990,69% off,4.1,1853 Ratings & 329 Reviews,['Calling Feature: Bluetooth Calling with Inbuilt Mic Inbuilt Speaker and Dialer| Screen: 1.85-inch full touch screen with square CosmicDisplay 500 Nits Brightness 60Hz Refresh Rate' 'Health Tracking: SpO2 24x7 Heart Rate Monitoring Blood Pressure Rate Breath Rate Sleep Mood Measurement Female Health Tracker| Fitness and Productivity: Smart Notifications 100+ Sports Modes Voice Assistance Stopwatch Alarm Clock Timer Flashlight Find Phone Remote Camera and Music Player' 'Sturdy Body: Comfortable adjustable Straps High-quality frame and IP68 water resistant' 'With Call Function' 'Touchscreen' 'Fitness & Outdoor' 'Battery Runtime: Upto 7 days' '1 Year Brand Warranty'],smart_watch
realme Watch S100 1.69 Inch HD Display with Temperature Sensor & Lightweight Smartwatch,realme,2499,3999,37% off,4.1,19927 Ratings & 1811 Reviews,['4.3 cm (1.69 inch) TFT-LCD Super Bright HD Colour Display' 'Battery Life: Up to 12 days (depending on usage)' '24x7 Heart Rate Monitor | 110+ New Watch Faces' 'SpO2 Blood Oxygen Saturation Monitor | Body & Skin Temperature Sensor' 'Sleep Monitoring | IP68 Water Resistant' 'Ultra Light weight & Ergonomic design | Hassle free Magnetic Fast Charging' 'Touchscreen' 'Fitness & Outdoor Health & Medical' 'Battery Runtime: Upto 12 days' '1 Year Carry-in Warranty'],smart_watch
"Noise ColorFit Qube Spo2 1.4"" Full Touch display Multi-Sports modes 7-day Battery Smartwatch",Noise,1499,4999,70% off,4.2,52699 Ratings & 4052 Reviews,['Touchscreen' 'Fitness & Outdoor' 'Battery Runtime: Upto 7 days' '1 Year Manufacturer Warranty'],smart_watch
Boult Drift Bluetooth Calling 1.69inch HD Display Smartwatch,Boult,2999,7999,62% off,4.3,37276 Ratings & 4245 Reviews,['Bluetooth Calling with Dedicated Speaker and Mic | Smart Notification' '1.69 HD Screen 475 Nits High Brightness Display' 'Health Monitor: SpO2 Blood Oxygen Saturation Monitor 24*7 Heart Rate Monitor Female Menstrual Cycle Tracking Sleep Monitor Drink Water Reminder Sedentary Reminder' '140+ Cloud-based Watch Faces with Custom Watch Face Option | 60 Sports Modes' '10 Days Battery Life | 20 Days Standby | Full Charge in 2.5 Hrs' 'Fast Charging | 10 Min Charge = 2 Days Standard Use' 'Interactive Mini-Games | IP68 Water Resistant' 'With Call Function' 'Touchscreen' 'Fitness & Outdoor' 'Battery Runtime: Upto 10 days' 'Repair or Replace'],smart_watch
"boAt Wave Select with 1.69"" HD Display upto 10 Days Battery HR & SpO2 Monitoring Smartwatch",boAt,1799,5990,69% off,3.9,1483 Ratings & 101 Reviews,['1.69 inch HD Display' 'HR SpO2 and Sleep Monitoring' 'Guided Breathing' '20+ Sports Modes' '5ATM Dust Sweat & Splash Resistant' '100+ Cloud Watch Faces' 'Supports Google Fit and Apple Health' 'Touchscreen' 'Fitness & Outdoor' 'Battery Runtime: Upto 10 days' '1 year warranty from the date of purchase'],smart_watch
APPLE Watch SE(GPS 40mm) - Silver Aluminium Case with Abyss Blue Sport Band - Regular,APPLE,26999,29900,9% off,4.6,4869 Ratings & 342 Reviews,['1-Take calls and reply to texts' 'right from your wrist' '2-Track your daily activity on Apple Watch and see your trends in the Fitness app on iPhone' '3-Track new tai chi and pilates workouts' 'in addition to favourites like running' 'yoga' 'swimming and dance' '4-Hike smarter with built-in compass and real-time elevation readings' '5-Stay on top of your health with high and low heart rate' 'and irregular heart rhythm notifications' '6-Apple Watch can detect if you have taken a hard fall' 'then automatically call emergency services for you' '7-Emergency SOS lets you call for help when you need it' 'With Call Function' 'Touchscreen' 'Fitness & Outdoor' 'Battery Runtime: Upto 18 hrs' '1 Year Manufacturer Warranty'],smart_watch
Fastrack Reflex Hello 1.69 HD Display BT Calling AI Voice 50+ Sport Smartwatch,Fastrack,3995,5995,33% off,4.2,660 Ratings & 77 Reviews,['Hands-free calls right from your wrist' 'Large 1.69 HD display with vivid picture quality' 'Track your sports activities with 50+ Multisports modes across 9 categories. Game On!' 'Track your health like never before with the Blood Pressure Monitor SpO2 Tracker 24x7 Heart Rate Monitor Sleep Monitor & Women Health Tracker' '100+ Watchfaces- Choose from over 100+ cloud Watchfaces to match your style and mood. Custom Watchfaces- Say Hello to a new avatar every day with custom watchfaces on the Fastrack Reflex Hello.' 'Up to 5 Days Battery*- A long-lasting battery on a single charge IP68 Water and Dust Resistance' 'Exciting features like Phone Finder Camera Control Music Control and Built-in Flashlight' 'With Call Function' 'Touchscreen' 'Fitness & Outdoor' '1 Year Limited warranty'],smart_watch
"boAt Storm 1.3"" CurvedDisplay Smartwatch",boAt,2299,5990,61% off,4.1,612691 Ratings & 54475 Reviews,['3.3 cms(1.3 inches) Full Touch Screen Curved Display with Multiple Cloud Based Watch Faces (Note: Cloud Based Watch Faces will be Available via OTA Post Launch)' 'Wellness Mode: Spo2 (Real-time Blood Oxygen Level Monitor) 24x7 Heart Rate Monitor Sleep monitor Guided Breathing & Menstruation Tracker' 'Metal Body Casing and 5ATM Water Resistance' 'Daily Activity Tracker and 9 sports Modes | Notifications with Vibration Alerts for Calls Texts Social media Alarms and Sedentary Alerts' 'Touchscreen' 'Fitness & Outdoor' 'Battery Runtime: Upto 10 days' '1 Year Warranty from the Date of Purchase'],smart_watch
"boAt Storm 1.3"" CurvedDisplay Smartwatch",boAt,2299,5990,61% off,4.1,612691 Ratings & 54475 Reviews,['3.3 cms(1.3 inches) Full Touch Screen Curved Display with Multiple Cloud Based Watch Faces (Note: Cloud Based Watch Faces will be Available via OTA Post Launch)' 'Wellness Mode: Spo2 (Real-time Blood Oxygen Level Monitor) 24x7 Heart Rate Monitor Sleep monitor Guided Breathing & Menstruation Tracker' 'Metal Body Casing and 5ATM Water Resistance' 'Daily Activity Tracker and 9 sports Modes | Notifications with Vibration Alerts for Calls Texts Social media Alarms and Sedentary Alerts' 'Touchscreen' 'Fitness & Outdoor' 'Battery Runtime: Upto 8 days' '1 Year Warranty from the Date of Purchase'],smart_watch
APPLE Watch SE (GPS 44mm) - Space Grey Aluminium Case with Midnight Sport Band,APPLE,28999,32900,11% off,4.6,4869 Ratings & 342 Reviews,['1-Take calls and reply to texts' 'right from your wrist' '2-Track your daily activity on Apple Watch and see your trends in the Fitness app on iPhone' '3-Track new tai chi and pilates workouts' 'in addition to favourites like running' 'yoga' 'swimming and dance' '4-Hike smarter with built-in compass and real-time elevation readings' '5-Stay on top of your health with high and low heart rate' 'and irregular heart rhythm notifications' '6-Apple Watch can detect if you have taken a hard fall' 'then automatically call emergency services for you' '7-Emergency SOS lets you call for help when you need it' 'With Call Function' 'Touchscreen' 'Fitness & Outdoor' 'Battery Runtime: Upto 18 hrs' '1 Year Manufacturer Warranty'],smart_watch
"boAt Storm 1.3"" CurvedDisplay Smartwatch",boAt,2299,5990,61% off,4.1,612691 Ratings & 54475 Reviews,['3.3 cms(1.3 inches) Full Touch Screen Curved Display with Multiple Cloud Based Watch Faces (Note: Cloud Based Watch Faces will be Available via OTA Post Launch)\nWellness Mode: Spo2 (Real-time Blood Oxygen Level Monitor) 24x7 Heart Rate Monitor Sleep monitor Guided Breathing & Menstruation Tracker\nMetal Body Casing and 5ATM Water Resistance\nDaily Activity Tracker and 9 sports Modes | Notifications with Vibration Alerts for Calls Texts Social media Alarms and Sedentary Alerts' 'Touchscreen' 'Fitness & Outdoor' 'Battery Runtime: Upto 10 days' '1 Year Warranty from the date of Purchase'],smart_watch
"Noise Evolve 3 1.43"" AMOLED AOD 466*466px 500 nits BT callingTru Sync Technology Smartwatch",Noise,4299,6999,38% off,4.4,7581 Ratings & 915 Reviews,['1.43 AMOLED Always On Display (466*466px | 326 PPI | 500 nits brightness)' 'Tru SyncTM' 'Lightweight design with circular stainless steel ring' 'Noise Health SuiteTM (SpO2 stress monitor 24*7 heart rate tracking sleep monitor & breath)' 'With Call Function' 'Touchscreen' 'Fitness & Outdoor' 'Battery Runtime: Upto 7 days'],smart_watch
DIZO Watch D Talk 1.8 display with calling&7 day battery (by realme Techlife),DIZO,3499,5999,41% off,4.2,1431 Ratings & 169 Reviews,['1.8 4.57cm Display with 550 nits brightness & 2.5D curved glass' 'Up-to 10 days Battery Life 2hours to full charge' '150+ Watch faces & 120+ Sports Mode' 'Fully Washable' 'GPS Route Tracking' 'Phone Camera Control' 'With Call Function' 'Touchscreen' 'Fitness & Outdoor' '12 month from the date of purchase'],smart_watch
"Mivi Model E with 1.69"" Display 7-Day Battery Life  Spo2 Heart Rate Monitor. Smartwatch",Mivi,1299,3999,67% off,4.4,3676 Ratings & 1579 Reviews,['1.69 inch Square Display (240*280)px 500 Nits Brightness' '120 Sports Modes inbuilt' 'Mivi Health Suite- (SpO2 24*7 heart rate tracking activity trackersleep tracker female health tracker' 'Battery Runtime: 7 days' 'Waterproof Level-IP68' 'Made in India' 'Touchscreen' 'Fitness & Outdoor' '1 Year Warranty from the Date of Purchase'],smart_watch
"boAt Storm 1.3"" CurvedDisplay Smartwatch",boAt,2299,5990,61% off,4.1,612691 Ratings & 54475 Reviews,['3.3 cms(1.3 inches) Full Touch Screen Curved Display with Multiple Cloud Based Watch Faces (Note: Cloud Based Watch Faces will be Available via OTA Post Launch)' 'Wellness Mode: Spo2 (Real-time Blood Oxygen Level Monitor) 24x7 Heart Rate Monitor Sleep monitor Guided Breathing & Menstruation Tracker' 'Metal Body Casing and 5ATM Water Resistance' 'Daily Activity Tracker and 9 sports Modes | Notifications with Vibration Alerts for Calls Texts Social media Alarms and Sedentary Alerts' 'Touchscreen' 'Fitness & Outdoor'],smart_watch
"realme Smart Watch S 1.3"" Auto-bright Display with Metallic Dial",realme,4999,7999,37% off,4.3,54375 Ratings & 5755 Reviews,['3.3cm (1.3 inch) Auto Brightness Touchscreen' 'Heart Rate & Blood Oxygen Monitor IP68 Water Resistant with 16 Sport Modes' '100+ Stylish Watch Faces to be Updated via OTA | Aluminium Alloy Case for a Premium Look and Durability' 'Magnetic Charging Base for Hassle-free Charging' 'Touchscreen' 'Fitness & Outdoor' 'Battery Runtime: Upto 15 days' '1 Year Manufacturer Warranty'],smart_watch
boAt Wave Ultima with 1.8 inch Curve Arc HD Display Bluetooth Calling with BT v5.3 Smartwatch,boAt,2999,6990,57% off,4.1,415 Ratings & 50 Reviews,['Bluetooth Calling with BT v5.3' 'Curve Arc Display' '1.8 inch HD Display with 550 Nits Brightness' '100+ Sports Modes' 'Upto 10 Days Battery Life' 'IP68: Dust Sweat & Splash Resistant' 'Ambient Sound Detection' 'HR SpO2 & Stress Monitoring' 'Personalized Customization- Menu Watch Faces & Ringtones' 'With Call Function' 'Touchscreen' 'Fitness & Outdoor' '1 year warranty from the date of purchase'],smart_watch
Noise Core 2 Buzz BT Calling 1.28 Display AI Voice Assistant & NoiseFit Track app Smartwatch,Noise,1899,5999,68% off,3.8,4934 Ratings & 365 Reviews,['1.28 display (240*240px 500 nits)' 'AI voice assistant' 'NoiseFit Track app integration' 'Noise Health SuiteTM (SpO2 activity record 24*7 heart rate tracking stress monitor sleep monitor & breathe)' 'With Call Function' 'Touchscreen' 'Fitness & Outdoor' 'Battery Runtime: Upto 7 days' '1 Year Manufacturer Warranty'],smart_watch
Noise ColorFit Caliber 2 with 1.83'' display Up to 12 Day Battery 60 sports mode Smartwatch,Noise,1499,4999,70% off,4.0,2628 Ratings & 222 Reviews,['1.83ï¿½ï¿½ display (240*284px 500 nits) - 25% increase in screen viewing area with just 6% increase in total watch area' 'Flat edge design (thinner than ColorFit Caliber)' '150+ cloud-based & customised watch faces' 'Noise Health SuiteTM (SpO2 24*7 heart rate tracking sleep monitor female health tracker activity tracker stress monitor)' '60 sports modes' 'Up to 12 days of battery life' '5 colours (Jet black midnight blue light lavender vintage brown & pine green)' 'Touchscreen' 'Fitness & Outdoor' 'Battery Runtime: Upto 12 days' '1 Year Manufacturer Warranty'],smart_watch
"Fire-Boltt Epic Plus with1.83"" 2.5D Curved GlassSPO2 Heart Rate tracking Touchscreen Smartwatch",Fire-Boltt,1499,9999,85% off,4.2,38607 Ratings & 6369 Reviews,"['1.83"" HD Display with 2.5D Curved Glass | 240*286 Pixel High Resolution' '120 Sports Modes to Track with IP68 Water Resistant| Customised Wallpaper Option | Match Your Daily' 'Outfit with 100+ Cloud Faces' 'Smart Health Monitoring - Track SpO2 Heart Rate while your workout' 'Social App Notifications & Reminders - Never miss important calls and updates| Remote control Camera & Player click numerous pictures on the go' 'Touchscreen' 'Fitness & Outdoor' 'Battery Runtime: Upto 7 days' 'Covers Manufacturing Defects']",smart_watch
"Pebble Cosmos luxe 1.36"" AMOLED Always-on Display Bluetooth calling(Midnight Gold) Smartwatch",Pebble,3799,9499,60% off,4.1,6960 Ratings & 1399 Reviews,"[""1.36'' Ultra Sharp AMOLED Screen with Color Always On Display (AOD) - Analog & Digital| Multifunction rotating Crown"" 'Blood-oxygen monitoring (Real SPO2-VC32 Real sensor) 24*7 Heart rate monitoring Scientific Sleep Monitoring & Stress Monitor' 'Inbuilt 10+ Watch faces & 100+ Cloud-based watch faces|5ATM water resistant| Voice assistant Multiple Sports Mode| IML Coating on back (Skin Friend glass back panel)' 'Bluetooth Calling: Answer and make calls with Bluetooth directly from your watch| Call Message and Social Media Notification' 'Battery Upto 7 days (300 Mah battery)| Power Saver with Battery saver mode' 'With Call Function' 'Touchscreen' 'Fitness & Outdoor Fitness & Outdoor Health & Medical Notifier Safety & Security' 'Battery Runtime: Upto 7 days' 'Pebble smartwatches comes with 12 months of Replacement Guarantee. To claim the Warranty kindly register the product on pebblecart.com within 10 days of your purchase. Reach out to us at support@pebblecart.com/+91 8800271651 for all technical support. Product registration is mandatory within 10 days of purchase.']",smart_watch
alt Lit 1.85HD Display Bt Calling 7 day Battery AI Voice Asst Rotating Crown Smartwatch,alt,1799,9999,82% off,4.1,665 Ratings & 105 Reviews,"['BT calling: Experience effortless BT calling' ""1.85' LCD TFT display: See your stats clearly with a whopping 1.85' screen"" '100+ cloud-based watch faces: Choose your watch face as per your OOTD' 'Up to 7-day battery: Always stay connected' 'alt fit: Find all your stats in one place' 'alt access: Your favourite apps just one swipe away' 'AI voice: Say it to get it done' 'IP67 waterproof: Ready for rain sweat and grime' 'With Call Function' 'Touchscreen' 'Fitness & Outdoor' 'Battery Runtime: Upto 7 days' '1 Year Manufacturer Warranty']",smart_watch
"Noise ColorFit Caliber 2 Buzz Advanced BT Calling 1.85"" display10 days battery Smartwatch",Noise,2999,5999,50% off,4.1,1313 Ratings & 183 Reviews,"['1.85"" TFT Display with 500 nits' 'Stylish flat edge design' 'Noise Health Suite (Heart rate Spo2 sleep monitor stress measurement breathing practice)' 'Calling Smartwatch with Tru Sync' 'With Call Function' 'Touchscreen' 'Fitness & Outdoor' 'Battery Runtime: Upto 10 days' '1 Year Manufacturer Warranty']",smart_watch
Fitshot Crystal 1.8inch AMOLED Display with bluetooth calling 560 nits brightness Smartwatch,Fitshot,2799,6990,59% off,4.3,1918 Ratings & 349 Reviews,['Calling Feature: Bluetooth Calling with Inbuilt Mic Inbuilt Speaker and Dialer| Screen: 368*448 AMOLED 1.8-inch full touch screen with square CosmicDisplay 560 Nits Brightness' 'Health Tracking: Continuous Heart Rate SpO2 Menstrual Cycle Sleep Monitoring Breath Training| Fitness and Productivity: Smart Notifications 100+ Sports Modes Voice Assistance Sedentary Alert Drink Water Reminder Stopwatch Alarm Clock Timer Flashlight Find Phone Remote Camera and Music Player' 'Sturdy Body: Comfortable adjustable Straps High-quality frame and IP68 water resistant' 'Additional Features: SoloSync Technology (One Step Pairing) 100+ Watch Faces Up to 7 Days Battery 2 Inbuilt Games Customizable Watch Face Weather Forecast' 'With Call Function' 'Touchscreen' 'Fitness & Outdoor' 'Battery Runtime: Upto 7 days' '1 Year Brand Warranty'],smart_watch
XBY ID-116 Plus Bluetooth Smart Fitness Watch with Active Heart Rate Activity Smartwatch,XBY,499,1908,73% off,3.4,1616 Ratings & 91 Reviews,['Touchscreen' 'Fitness & Outdoor Health & Medical Watchphone Notifier'],smart_watch
Fitshot Crystal 1.8inch AMOLED Display with bluetooth calling 560 nits brightness Smartwatch,Fitshot,2799,6990,59% off,4.3,1918 Ratings & 349 Reviews,['Calling Feature: Bluetooth Calling with Inbuilt Mic Inbuilt Speaker and Dialer| Screen: 368*448 AMOLED 1.8-inch full touch screen with square CosmicDisplay 560 Nits Brightness' 'Health Tracking: Continuous Heart Rate SpO2 Menstrual Cycle Sleep Monitoring Breath Training| Fitness and Productivity: Smart Notifications 100+ Sports Modes Voice Assistance Sedentary Alert Drink Water Reminder Stopwatch Alarm Clock Timer Flashlight Find Phone Remote Camera and Music Player' 'Sturdy Body: Comfortable adjustable Straps High-quality frame and IP68 water resistant' 'Additional Features: SoloSync Technology (One Step Pairing) 100+ Watch Faces Up to 7 Days Battery 2 Inbuilt Games Customizable Watch Face Weather Forecast' 'With Call Function' 'Touchscreen' 'Fitness & Outdoor' 'Battery Runtime: Upto 7 days'],smart_watch
Fire-Boltt Almighty BT Calling Voice Assistant Smartwatch,Fire-Boltt,3499,14999,76% off,4.2,7542 Ratings & 1959 Reviews,['Bluetooth Calling : You can make and receive calls through the watch via InBuilt Speaker & Mic' 'Voice Assistance : First ever watch with Google/Siri Voice Assistance' 'AMOLED Always ON' 'Display : 1.4 inch screen with Ultra High Resolution of 454 x 454 Pixels' '360 Health Control : with Spo2 Heart rate and Blood Pressure Monitoring' 'Music Player : Listen to Songs on your Watch' 'With Call Function' 'Touchscreen' 'Fitness & Outdoor' 'Battery Runtime: Upto 20 days' 'Covers Manufacturing Defects'],smart_watch
boAt Wave pro 1.69inch HD display withTemperature Sensor and live cricket updates Smartwatch,boAt,1799,6990,74% off,3.9,15971 Ratings & 1401 Reviews,"['42mm(1.69"") HD Display' 'Fast Charge: 30 Mins= Full Charge' 'Live Cricket Scores' 'Health Ecosystem with boAt Crest app|24H Heart Rate SpO2 and Temperature Monitoring' 'IP67 Dust Sweat and Splash Resistant|Supports Google Fit &amp; Apple Health' 'Touchscreen' 'Fitness & Outdoor' 'Battery Runtime: Upto 7 days' '1 Year Warranty from the Date of Purchase']",smart_watch
"Fastrack Reflex Play AMOLED1.3"" Always On DisplayPremium Metal Frame & IP68 Smartwatch",Fastrack,3995,6995,42% off,4.0,80 Ratings & 10 Reviews,"['Premium Metal Frame with 1.3"" Ultra Sharp AMOLED Screen with Always On Display - An immersive 360 x 360 AMOLED display that brings an awesome optical quality' '100+ Smart Watch Faces - Wear a new look for a new you every day' 'Built-in games for the player in you and control your phone vibes with Camera & Music control' 'Multiple Sports Mode - Game on with 25+ multisport modes including Cricket Football Basketball Yoga & more' ""Health Tracker - With Blood Pressure Monitor 24 X7 Heart Rate Monitor Sleep Tracker SPO2 (Blood Oxygen Level) Tracker and Women's Health Tracker"" 'Up-to 7-day battery - Super long battery life to enjoy all the watch features without any worry with an IP68 Water Resistance' 'Perfect Companion with Reflex World App' 'Touchscreen' 'Fitness & Outdoor' 'Battery Runtime: Upto 7 days']",smart_watch
"alt Hype 1.83"" HD Display BT Calling AI VoiceAssistant with 7 Days Battery Life Smartwatch",alt,1799,8499,78% off,4.0,2020 Ratings & 243 Reviews,"['1.83"" LCD TFT OGS Display: (240*284 pixels) with BT Calling' 'Utility/productivity features (Stopwatch alarm timer reminder smart DND weather quick replies find my phone camera/music controls breathe AI voice assistant)' 'AltFit: Slay your fitness goals every day via the AltFit app. (SpO2 stress monitor sleep tracker 24*7 HRM & BP monitor)' 'Up to 7-day battery: With the Alt Hype smartwatch you are good to go for a week courtesy of 7-day battery life. (230mAh battery- 7 days of use 2 days with Bluetooth Calling & 15 days on standby)' 'Alt Access: Get access to your favorite apps with a single slide via the Alt Access.' ""IP67 waterproof: From outdoors adventures to indoor sweat sessions it's your partner through and through."" 'Thin bezels & sleek design with No-lug design for better fit.' 'With Call Function' 'Touchscreen' 'Fitness & Outdoor' 'Battery Runtime: Upto 7 days' '1 Year Manufacturer Warranty']",smart_watch
"Noise Core 2 1.28"" Display  Noisefit sync app 100+ watch faces & 50+ Sports Modes Smartwatch",Noise,1499,3999,62% off,3.9,5303 Ratings & 418 Reviews,"[""1.28'' round display (240*240px)"" 'Noise Health SuiteTM (SpO2 24*7 heart rate tracking activity tracker sleep tracker & breathe mode)' '50+ sports modes| 100+ cloud-based watch faces| 7-day battery life| IP68 water resistance' 'App: NoiseFit Sync app' 'Touchscreen' 'Fitness & Outdoor' 'Battery Runtime: Upto 7 days' '1 Year Manufacturer Warranty']",smart_watch
Fastrack Reflex Hello 1.69 HD Display BT Calling AI Voice 50+ Sport Smartwatch,Fastrack,3995,5995,33% off,4.2,660 Ratings & 77 Reviews,['Hands-free calls right from your wrist' 'Large 1.69 HD display with vivid picture quality' 'Track your sports activities with 50+ Multisports modes across 9 categories. Game On!' 'Track your health like never before with the Blood Pressure Monitor SpO2 Tracker 24x7 Heart Rate Monitor Sleep Monitor & Womens Health Tracker' '100+ Watchfaces- Choose from over 100+ cloud Watchfaces to match your style and mood. Custom Watchfaces- Say Hello to a new avatar every day with custom watchfaces on the Fastrack Reflex Hello.' 'Up to 5 Days Battery*- A long-lasting battery on a single charge IP68 Water and Dust Resistance' 'Exciting features like Phone Finder Camera Control Music Control and Built-in Flashlight' 'With Call Function' 'Touchscreen' 'Fitness & Outdoor' '1 Year Limited warranty'],smart_watch
Honor Magic Watch 2 (46mm) Smartwatch,Honor,9999,14999,33% off,4.4,14430 Ratings & 2010 Reviews,['46mm (1.39-inch) AMOLED Color Full Touch Screen' 'SpO2 Monitor It Detects the Oxygen Saturation Levels' 'Bluetooth Calls: Call Answer Decline calls & Call Waiting Contacts list Call Records' 'Watch Faces Store: Multiple & Customizable Watch Faces 100+ Workout Modes' 'Music Playback Control music and 4GB built-in storage' 'Battery Life 455 mAh Battery lasts for up to 2 Weeks' 'Other Health Monitors: 24/7Heart Rate Monitor TruSleep Monitor Stress Test' 'With Call Function' 'Touchscreen' 'Fitness & Outdoor' 'Battery Runtime: Upto 14 days'],smart_watch
RAJAK SALES i8 Pro Max Smart Watch Series 8 For Men & Women (BLACK Free Size) Smartwatch Smartwatch,RAJAK,821,2999,72% off,4.1,150 Ratings & 39 Reviews,['With Call Function' 'Touchscreen' 'Fitness & Outdoor Health & Medical Notifier Safety & Security Watchphone' 'Battery Runtime: Upto 5 days'],smart_watch
Wings Strive 100 with Real SPO2 1.4 inch Large Display Smartwatch,Wings,999,3999,75% off,3.9,1282 Ratings & 134 Reviews,['1.4 inch Full Touch IPS' 'Bluetooth Version 5.1|200 plus Smartwatch Faces' 'Personal Health Assistance and monitoring' '10 days Battery life|IP68 Water resistent|Smart Controls' 'Touchscreen' 'Fitness & Outdoor' 'Battery Runtime: Upto 10 days' '1 year manufacturing warranty against manufacturing defects only'],smart_watch
Fire-Boltt Ninja Pro Max Smartwatch,Fire-Boltt,1499,5999,75% off,4.0,69777 Ratings & 12177 Reviews,"['1.6"" Large Color LCD Full Touch Screen with 2.5D Curved Glass and 240*288 pixel Resolution' 'Ultra Thin 9.5mm and IP68 Water Resistance' '27 Sports Mode | Large 8 Days Battery Power' 'Smart Health Tracking with' 'SpO2 Heart Rate Sleep Monitoring' '100 + Cloud Faces to match each style | All in One Social Update Notifications' 'Touchscreen' 'Fitness & Outdoor Health & Medical' 'Battery Runtime: Upto 8 days' '1 Year Warranty from the Date of Purchase']",smart_watch
boAt Wave Arcade with 1.81 inch HD Display and Bluetooth Calling Smartwatch,boAt,1999,7990,74% off,4.0,602 Ratings & 100 Reviews,['1.81 inch HD Display' 'Bluetooth Calling' '2.5D Curve Arc Display' 'In Built Games- 2048 &b Whack-a-Mole' '100+ Sports Modes' 'Upto 7 Days Battery Life' 'IP68: Dust Sweat & Splash Resistant' 'HR SpO2 & Stress Monitoring' 'With Call Function' 'Touchscreen' 'Fitness & Outdoor' 'Battery Runtime: Upto 7 days' '1 Year Warranty from the Date of Purchase'],smart_watch
"Pebble Cosmos luxe 1.36"" AMOLED Always-on Display Bluetooth calling Smartwatch",Pebble,3799,9499,60% off,4.1,6960 Ratings & 1399 Reviews,"[""1.36'' Ultra Sharp AMOLED Screen with Color Always On Display (AOD) - Analog & Digital| Multifunction rotating Crown"" 'Blood-oxygen monitoring (Real SPO2-VC32 Real sensor) 24*7 Heart rate monitoring Scientific Sleep Monitoring & Stress Monitor' 'Inbuilt 10+ Watch faces & 100+ Cloud-based watch faces|5ATM water resistant| Voice assistant Multiple Sports Mode| IML Coating on back (Skin Friend glass back panel)' 'Bluetooth Calling: Answer and make calls with Bluetooth directly from your watch| Call Message and Social Media Notification' 'Battery Upto 7 days (300 Mah battery)| Power Saver with Battery saver mode' 'With Call Function' 'Touchscreen' 'Fitness & Outdoor' 'Battery Runtime: Upto 7 days' 'Pebble smartwatches comes with 12 months of Replacement Guarantee. To claim the Warranty kindly register the product on pebblecart.com within 10 days of your purchase. Reach out to us at support@pebblecart.com/+91 8800271651 for all technical support. Product registration is mandatory within 10 days of purchase.']",smart_watch
huami Amazfit GTS 2 Smartwatch,huami,8999,17999,50% off,4.0,2098 Ratings & 219 Reviews,['1.65-inch HD AMOLED Screen covered in 3D Glass' 'Bluetooth Phone Calls 3GB Music Storage' 'SpO2 Stress Heart Rate & Sleep Monitoring Wear Detection' '90+ Sports Modes with 5 ATM Water-resistance' '50+ Watch Faces Always-on Display Smart Notifications etc' 'With Call Function' 'Touchscreen' 'Fitness & Outdoor' '1 Year Manufacturer Warranty'],smart_watch
CHIWAY D20 Bluetooth Smartwatch Touch Screen Bluetooth Smart Watches Smartwatch,CHIWAY,465,1999,76% off,3.1,2715 Ratings & 241 Reviews,['With Call Function' 'Touchscreen' 'Fitness & Outdoor' 'Battery Runtime: Upto 24 hrs'],smart_watch
GIONEE Stylfit GSW10 with 4.29cm (1.69) display SpO2 sensor and 5ATM Smartwatch,GIONEE,1399,4999,72% off,4.1,6551 Ratings & 609 Reviews,['Big screen 4.29cm (1.69) Full Touch Display' '100+ Stylish Dials & Editable Watch Face' 'Dedicated SpO2 Sensor & 5ATM Waterproof' 'Magnetic Charging & Fitness & Outdoor' '24/7 Heart Rate Sleep Monitor Daily Activity Tracker and Multi- Sports Mode' 'Notification with Vibration Alerts for Call Text Social Media Alarm & Sedentary Reminder' 'GBuddy App to Track Fitness' 'Battery Use Time: 8 Days' '1 year Manufacture Warranty' 'Touchscreen' 'Fitness & Outdoor' '1 Year Warranty on Smart Watch and 6 Months Warranty on Strap'],smart_watch
boAt Wave Neo with 1.69 inch  2.5D Curved Display & Multiple Sports Modes Smartwatch,boAt,1799,5990,69% off,4.0,79963 Ratings & 5527 Reviews,['42mm(1.69 inch) HD Display|2.5D Curved Display|550 Nits Brightness|Lightweight: 35 gms' 'Multiple Sports Modes: Walking Running Cycling Climbing Yoga Basketball Football Badminton Skipping & Swimming' '24H Heart Rate SpO2 & Stress Monitoring|Sleep Tracker|Music & Camera Control' 'IP68 Dust Sweat and Splash Resistant|Multiple Watch Face|Call Text & Social Media Notifications' 'Touchscreen' 'Fitness & Outdoor' 'Battery Runtime: Upto 7 days' '1 Year Warranty from the Date of Purchase'],smart_watch
Noise Fit Active SpO2 Smartwatch,Noise,1999,5999,66% off,4.2,36802 Ratings & 6480 Reviews,['1.28 inches Full Touch Screen Round Display with Multiple Cloud Based Watch Faces' 'Spo2 (Real-time Blood Oxygen Level Monitor) 24x7 Heart Rate Monitor Sleep monitor Guided Breathing Sessions & more\n14 sports mode with auto sports recognition' 'Weather forecast Call rejection Alarm Find my phone Timer Stopwatch Walk reminder Wake gesture Calender reminder Vibration alert Remote music control' '5 ATM Water Resistance' 'Dedicated NoiseFit App to meet your personal health goals track of your progress and more' 'Touchscreen' 'Fitness & Outdoor' 'Battery Runtime: Upto 7 days' '1 Year Manufacturer Warranty'],smart_watch
APPLE Watch Series7 (GPS 41mm) - (PRODUCT)RED Aluminium Case-(PRODUCT)RED Sport Band,APPLE,38999,41900,6% off,4.6,2643 Ratings & 155 Reviews,['Always-on Retina display has nearly 20% more screen area than Series 6 making everything easier to see and use' 'The most crack-resistant front crystal yet on an Apple Watch IP6X dust resistance and swimproof design' 'Measure your blood oxygen with a powerful sensor and app' 'Take an ECG anytime and anywhere' 'Get high and low heart rate and irregular heart rhythm notifications' 'Stay in the moment with the new Mindfulness app reach your sleep goals with the Sleep app' 'Track new tai chi and pilates workouts in addition to favourites like running yoga swimming and dance' 'With Call Function' 'Touchscreen' 'Notifier Fitness & Outdoor' 'Battery Runtime: Upto 18 hrs' '1 Year Manufacturer Warranty'],smart_watch
Fire-Boltt Mercury Smartwatch,Fire-Boltt,1699,7999,78% off,4.0,45313 Ratings & 9025 Reviews,['Body Temperature Monitoring - Control and check your body temperature changes real time with this watch' 'Fashion Meets Fitness - With a 1.7 inch HD screen and Full Metal Body enjoy all eyes on you. ULtra Thin 9.2 mm Body' 'SpO2 Monitoring & Continuous Heart Rate Tracking - Monitor your Oxygen Levels and Keep a watch on your heart rate' 'Powerful Battery Backup - With 8 days of intensive use and 30 days on stand by.' '7 Sports Modes & Smart Controls like Remote Camera & Music Weather Alarm' 'Stop clock' 'Touchscreen' 'Fitness & Outdoor' 'Battery Runtime: Upto 8 days' 'Covers Manufacturing Defects'],smart_watch
Emmqura ID-116 Series X ULTRA PRO PLUS SMART WATCH Smartwatch,Emmqura,489,2499,80% off,3.2,541 Ratings & 58 Reviews,['With Call Function' 'Touchscreen' 'Fitness & Outdoor Health & Medical Notifier Safety & Security Watchphone' 'Battery Runtime: Upto 2 days' '7 days Replacment'],smart_watch
Fastrack Reflex Play+ 1.3 AMOLED Display|BT Calling|25+ Sports Modes|Smartwatch Smartwatch,Fastrack,6995,9995,30% off,4.2,358 Ratings & 34 Reviews,['Enjoy hands-free calling right from your wrist' 'Stunning AMOLED display with awe-striking picture quality' 'Choose from over 100+ cloud watchfaces to match your style and mood. Create a unique Watchface to match your Vibe with custom watchfaces with the Fastrack Reflex Vybe' 'Game on with 25+ multisport modes including Cricket Football Basketball Yoga & more' 'IP68 ï¿½ Protection against Water and Dust' 'More Exciting features like a Phone Finder Camera Control Music Control and Built-in Flashlight Beat the boredom with the built-in games with the Fastrack Reflex Play+' 'Up to 7 Days Battery*- Charge and forget for a week with the long-lasting 7 days battery backup' 'With Call Function' 'Touchscreen' 'Fitness & Outdoor' '1 Year Limited warranty'],smart_watch
APPLE Watch SE (GPS 40mm) - Gold Aluminium Case with Starlight Sport Band - Regular,APPLE,26999,29900,9% off,4.6,4869 Ratings & 342 Reviews,['1-Take calls and reply to texts' 'right from your wrist' '2-Track your daily activity on Apple Watch and see your trends in the Fitness app on iPhone' '3-Track new tai chi and pilates workouts' 'in addition to favourites like running' 'yoga' 'swimming and dance' '4-Hike smarter with built-in compass and real-time elevation readings' '5-Stay on top of your health with high and low heart rate' 'and irregular heart rhythm notifications' '6-Apple Watch can detect if you have taken a hard fall' 'then automatically call emergency services for you' '7-Emergency SOS lets you call for help when you need it' 'With Call Function' 'Touchscreen' 'Fitness & Outdoor' 'Battery Runtime: Upto 18 hrs' '1 Year Manufacturer Warranty'],smart_watch
nkk ID116 Smartwatch,nkk,499,1799,72% off,3.6,41 Ratings & 7 Reviews,['Touchscreen' 'Fitness & Outdoor Health & Medical Notifier Safety & Security Watchphone'],smart_watch
APPLE Watch Series7 (GPS +Cellular 41mm) Midnight Aluminium Case-Midnight Sport Band,APPLE,44999,50900,11% off,4.4,383 Ratings & 20 Reviews,"[""Stay connected to family and friends with calls texts and email even when you don't have your phone"" 'Stream music and podcasts on the go and leave your phone at home' 'Always-on Retina display has nearly 20% more screen area than Series 6 making everything easier to see and use' 'The most crack-resistant front crystal yet on an Apple Watch IP6X dust resistance and swimproof design' 'Measure your blood oxygen with a powerful sensor and app' 'Take an ECG anytime and anywhere' 'Get high and low heart rate and irregular heart rhythm notifications' 'With Call Function' 'Touchscreen' 'Watchphone Notifier Fitness & Outdoor' 'Battery Runtime: Upto 18 hrs' '1 Year Manufacturer Warranty']",smart_watch
Fastrack Reflex Curv with 2.5D Curve DisplayAI Enabled CoachHealth Suite &5ATM Smartwatch,Fastrack,2995,6495,53% off,4.0,1238 Ratings & 134 Reviews,['2.5 D Curved Display' '1.69 Big Display' 'Body Temperature Monitor' '100+ Watch Faces' 'Multisport Mode' 'Hydration Reminder' 'Sleep Tracker' '24 * 7 HRM' 'SP02 Tracker' 'Music control' 'Camera Control' 'Reflex World App Support' 'Touchscreen' 'Fitness & Outdoor' 'Battery Runtime: Upto 7 days' '1 Year Warranty'],smart_watch
Noise ColorFit Pro 3 Smartwatch,Noise,2199,5999,63% off,4.1,68626 Ratings & 8936 Reviews,['TruView Display 1.55 inch HD Color touch screen with 320*360 Resolution & 500 NITS Brightness' 'Spo2 Stress  Sleep & Heart Rate Monitoring with 14 sports mode( with breathing exercise)' 'Customisable & Cloud-based Watch Faces' '5-7 Days battery life' 'Compatible with NoiseFit App' 'Touchscreen' 'Fitness & Outdoor' 'Battery Runtime: Upto 7 days' '1 Year Manufacturer Warranty'],smart_watch
Jocoto B1580_D20 PRO MULTI SPORTS BLUETOOTH SAMRT WATCH WHITE(PACK OF 1) Smartwatch,Jocoto,534,1599,66% off,3.3,3 Ratings & 0 Reviews,['Touchscreen' 'Fitness & Outdoor'],smart_watch
Jeteck Smart Watch for Boys Y68 Bluetooth CallingTouchscreen Watch 03 Smartwatch,Jeteck,472,799,40% off,3.3,577 Ratings & 33 Reviews,['With Call Function' 'Touchscreen' 'Fitness & Outdoor'],smart_watch
"Fastrack Reflex Vox with 1.69"" Super Bright HD Display10 days Battery & 5 ATM Smartwatch",Fastrack,2995,6995,57% off,4.2,58 Ratings & 3 Reviews,['1.69 inches (4.3 cm) Super Bright Metal Frame HD Display with premium touch and controls.' 'Alexa built-in voice assistant to set reminders and alarms and add items to your shopping list at your command.' '100+ Watch Faces - Exciting 100+ Unique Watch faces to give your watch a new look every day.' '10 Days Battery - Super long 10 days battery life to enjoy all the watch features without any worry.' 'AI Enabled Coach and 10+ Sports Modes with 5 ATM Water resistance levels for all the sporty adventures.' 'With a 24 X7 Heart rate monitor SPO2 (Blood Oxygen Level ) Tracker and Menstrual tracker to keep a check on your period cycle.' 'Let the watch keep a check on your stress levels and sleep health with active stress and sleep monitoring.' 'Touchscreen' 'Fitness & Outdoor' 'Battery Runtime: Upto 10 days'],smart_watch
"boAt Storm Pro with 1.78"" AMOLED Display 700+ Active Modes Smartwatch",boAt,2999,8999,66% off,4.0,5360 Ratings & 666 Reviews,['1.78 inch AMOLED Display| 2.5D Curved Display|60Hz Refresh Rate' '700+ Active Modes| Multiple Watch faces' 'ASAP Charge: 30 Mins= Full Charge' '24*7 HR Oxygen and Sleep Monitoring| IP68 Dust Sweat and Splash Resistant' 'Supports Google Fit & Apple Health | Live Cricket Score' 'Touchscreen' 'Fitness & Outdoor' 'Battery Runtime: Upto 7 days' '1 Year Warranty from the Date of Purchase'],smart_watch
ShopSmart A1 Smart Watch - Support SIM/Memory Card/Camera/Bluetooth/Voice Calling Smartwatch,ShopSmart,999,2000,50% off,2.7,58 Ratings & 1 Reviews,['With Call Function' 'Touchscreen' 'Fitness & Outdoor'],smart_watch
Noise ColorFit Pro 2 Smartwatch,Noise,1499,4999,70% off,4.1,146911 Ratings & 16821 Reviews,['Get Upto 10 Day Battery Life with Magnetic Charger' 'Menstrual Cycle Tracking' 'Heart Rate Monitor' 'IP68 Waterproof' 'Touchscreen' 'Fitness & Outdoor' 'Battery Runtime: Upto 10 days' '1 Year Manufacturer Warranty'],smart_watch
Syska PLUTO Smartwatch,Syska,1799,3999,55% off,4.2,895 Ratings & 131 Reviews,['Touchscreen' 'Fitness & Outdoor' 'Battery Runtime: Upto 10 days' '1 Year Manufacturer Warranty'],smart_watch
Firpro T55 Smart Watch with Calling Function and BP Monitor Smartwatch,Firpro,798,3499,77% off,3.4,1309 Ratings & 108 Reviews,['With Call Function' 'Touchscreen' 'Fitness & Outdoor Health & Medical Notifier Watchphone' 'Battery Runtime: Upto 5 days'],smart_watch
Amazfit GTS 3 175 HD AMOLED with advanced GPS and 150+ sports modes Smartwatch,Amazfit,9999,18999,47% off,4.1,271 Ratings & 22 Reviews,['Amoled Display SpO2 Zepp OS Heart Rate Sleep Monitor Sports Watch with Over 150 Sports Modes 5 ATM Waterproof 12 Day Battery Life GPS' 'Touchscreen' 'Fitness & Outdoor' 'Battery Runtime: Upto 12 days' '1 Year'],smart_watch
Amazfit GTR 3 1.3 HD AMOLED with Always on Display and powerful Zepp OS Smartwatch,Amazfit,9999,18999,47% off,4.1,847 Ratings & 72 Reviews,['1.39-inch truly clear & Easy-to-read HD AMOLED display' 'Always-on Display\nTest Four Health Metrics in One Tap (Heart Rate Blood-Oxygen Saturation Stress level and Breathing Rate)\nPowerful Zepp OS' 'Spo2' '5 ATM Water-resistance\n21 Days Long-lasting Battery Life' 'more than 100 stylish watch faces' 'Smart Notification\nPowerful Navigation Systems' '150+ Sports Modes' 'Alexa Built-in' 'Female Cycles Reminder' 'Touchscreen' 'Fitness & Outdoor' '1 Year'],smart_watch
"Noise ColorFit Caliber 2 Buzz Advanced BT Calling 1.85"" display10 days battery Smartwatch",Noise,2999,5999,50% off,4.1,1313 Ratings & 183 Reviews,"['1.85"" TFT Display with 500 nits' 'Stylish flat edge design' 'Noise Health Suite (Heart rate Spo2 sleep monitor stress measurement breathing practice)' 'Calling Smartwatch with Tru Sync' 'With Call Function' 'Touchscreen' 'Fitness & Outdoor' 'Battery Runtime: Upto 10 days']",smart_watch
huami Amazfit GTS 2 Smartwatch,huami,8999,17999,50% off,4.0,2098 Ratings & 219 Reviews,['With Call Function' 'Touchscreen' 'Fitness & Outdoor' '1 Year Manufacturer Warranty'],smart_watch
Fire-Boltt Mercury Smartwatch,Fire-Boltt,1699,7999,78% off,4.0,45313 Ratings & 9025 Reviews,['Body Temperature Monitoring - Control and check your body temperature changes real time with this watch' 'Fashion Meets Fitness - With a 1.7 inch HD screen and Full Metal Body enjoy all eyes on you. ULtra Thin 9.2 mm Body' 'SpO2 Monitoring & Continuous Heart Rate Tracking - Monitor your Oxygen Levels and Keep a watch on your heart rate' 'Powerful Battery Backup - With 8 days of intensive use and 30 days on stand by.' '7 Sports Modes & Smart Controls like Remote Camera & Music Weather Alarm Stop clock' 'Touchscreen' 'Fitness & Outdoor' 'Battery Runtime: Upto 8 days' 'Covers Manufacturing Defects'],smart_watch
Amazfit Bip 3 Pro with 1.69 inch Large Color Display Built-in GPS Smartwatch,Amazfit,3999,5999,33% off,4.1,260 Ratings & 28 Reviews,"[""1.69'' Large Color Display | Built-in GPS | Super Slim & Light Body"" ""2 Weeks' Battery Life |Swimming Mode | Cricket Sports Data Monitoring |60 Sports Modes"" '5 ATM Water-resistance | PAI Health Assessment System |50+ Vibrant Watch Faces' 'Blood-oxygen Saturation Measurement | Monitoring of Heart Rate Stress Levels & Sleep' 'Touchscreen' 'Fitness & Outdoor' 'Battery Runtime: Upto 14 days' '1 Year Brand Warranty']",smart_watch
Amazfit Bip 3 Pro with 1.69 inch Large Color Display Built-in GPS Smartwatch,Amazfit,3999,5999,33% off,4.1,28 Ratings & 4 Reviews,"[""1.69'' Large Color Display | Built-in GPS | Super Slim & Light Body"" ""2 Weeks' Battery Life |Swimming Mode | Cricket Sports Data Monitoring |60 Sports Modes"" '5 ATM Water-resistance | PAI Health Assessment System |50+ Vibrant Watch Faces' 'Blood-oxygen Saturation Measurement | Monitoring of Heart Rate Stress Levels & Sleep' 'Touchscreen' 'Fitness & Outdoor' 'Battery Runtime: Upto 14 days' '1 Year Brand Warranty']",smart_watch
"DIZO Watch D Sharp 1.75"" with High Res (320*390) Display (By realme techLife)",DIZO,1499,5499,72% off,3.9,325 Ratings & 32 Reviews,['4.57cm (1.8inch)  550nits Super Bright Display\nUpto 14 Day Battery Life 2 Hours for Full Charge\n5ATM Water Resistance\n150+ Stylish Watch Faces| 110+ Sports Mode| Health Monitoring\nDIZO Smart App Controls' 'Touchscreen' 'Fitness & Outdoor' 'Battery Runtime: Upto 14 days' '12 Month from the Date of Purchase'],smart_watch
Hawai sales i8 Pro Max Smart Watch Series 8 For Men & Women (BLACK Free Size) Smartwatch Smartwatch,Hawai,849,2999,71% off,3.7,30 Ratings & 4 Reviews,['With Call Function' 'Touchscreen' 'Fitness & Outdoor Health & Medical Notifier Safety & Security Watchphone' 'Battery Runtime: Upto 5 days'],smart_watch
Noise ColorFit Pro 3 Alpha Smartwatch,Noise,5499,8999,38% off,4.0,5423 Ratings & 534 Reviews,"['1.69"" grand display: Get the rich immersive viewing experience on the 1.69"" LCD display with 500 Nits Brightness' 'Bluetooth calling: Answer and make calls save your favourite contacts dial from the recent call logsAn on-wrist skin temperature sensor TWS/Neckband pairingAmbient noise detection' 'Music Storage and playback: Store 80+ songs and play them at your discretion.Fast charge- 30 mins full charge 100 sports modeIn watch customizable watch faces' 'With Call Function' 'Touchscreen' 'Fitness & Outdoor' 'Battery Runtime: Upto 5 days' '1 Year Manufacturer Warranty']",smart_watch
Amazfit GTR 4 1.43AMOLED display Bluetooth calling & 6 satellite GPS positioning system Smartwatch,Amazfit,16999,23999,29% off,4.3,356 Ratings & 51 Reviews,"[""1.1.43 HD AMOLED Display: The Amazfit GTR 4 is the industry's first smartwatch with anti-glare technology on the glass bezel cover and the AMOLED display has an anti-fingerprint coating to keep your watch looking pristine."" ""Strong & Accurate GPS Tracking: The Amazfit GTR 4 uses dual-band circularly-polarized GPS antenna technology enabling a highly accurate GPS tracking. While you're hiking a tree-covered trail or cycling to work through a congested city center enjoy positioning that's unimpeded by environmental and multi-path interference. Even import a route file to the watch from the Zepp App."" 'Smart recognition of Strength Training Exercises: The Amazfit GTR 4 can automatically recognize the movements and count the reps of dozens of strength training exercises.' '14-day Battery Life: Crush your professional and workout goals for up to two weeks at a time.' '24/7 Health Management: Enjoy highly-accurate 24-hour monitoring of heart rate blood-oxygen saturation breathing rate and stress levels.' 'With Call Function' 'Touchscreen' 'Fitness & Outdoor' 'Battery Runtime: Upto 12 days' '1 Year']",smart_watch
AYANSHENTRPRISE ID116 Smartwatch,AYANSHENTRPRISE,499,1901,73% off,3.3,9746 Ratings & 649 Reviews,['With Call Function' 'Touchscreen' 'Watchphone'],smart_watch
"boAt Watch Iris 1.39"" AMOLEDDisplay Smartwatch",boAt,2499,11999,79% off,3.8,2268 Ratings & 309 Reviews,['35mm(1.39inches) Amoled Display | Multiple Watch Faces' '24 Hours Heart Rate & SpO2 Monitor' 'Music & Camera Control | Notification Alerts' 'IP68 Dust Sweat and Splash Resistant' 'Touchscreen' 'Fitness & Outdoor' 'Battery Runtime: Upto 7 days' '1 year warranty from the date of purchase'],smart_watch
Bashaam A534_A1 PRO HEART RATE BLUETOOTH SMART WATCH BLACK(PACK OF 1) Smartwatch,Bashaam,489,1499,67% off,2.8,22 Ratings & 3 Reviews,['Touchscreen' 'Fitness & Outdoor'],smart_watch
Longan A1 Smart Watch - Mini Phone - Support Sim/Memory Card/Camera/Voice Calling Smartwatch,Longan,999,2000,50% off,3.0,7 Ratings & 0 Reviews,['With Call Function' 'Touchscreen' 'Fitness & Outdoor'],smart_watch
Hotnix M1 smart watch for girls and boys bluetooth sports trackers Smartwatch,Hotnix,799,1999,60% off,3.6,335 Ratings & 17 Reviews,['With Call Function' 'Touchscreen' 'Fitness & Outdoor' 'Battery Runtime: Upto 10 hrs'],smart_watch
Zwero T55 Series 6 Smart Watch Enabled with Bluetooth Calling and Fitness Tracker Smartwatch,Zwero,799,4999,84% off,3.3,1639 Ratings & 103 Reviews,['With Call Function' 'Touchscreen' 'Fitness & Outdoor Health & Medical Safety & Security Watchphone' 'Battery Runtime: Upto 24 days'],smart_watch
"GOQii Smart Vital Lite 1.4"" Smart Touch HD With 3 Months Health Coaching Smartwatch",GOQii,1614,5499,70% off,3.8,2491 Ratings & 218 Reviews,['1.4 inch HD color display | 240x240 HD resolution | Full Display Touch screen' 'Health coaching - 3 months free health & fitness coaching | Doctor consultation | health reward | Yoga | Home live workout | Diet consultation | free access to GOQii store & App' 'Body Temperature Tracker | 24x7 Heart rate Monitor | Integrated Pulse Oximeter (SpO2) | Auto Sleep tracking' 'IP68 Water/Dust resistant | Multiple customize watch faces | music control |stopwatch | timer | raise to wake | alarms | inactivity alerts | 17 mode of exercise & Battery Runtime: Upto 7 days | 1 Year Warranty' 'Touchscreen' 'Fitness & Outdoor Health & Medical Notifier Safety & Security Watchphone' 'Battery Runtime: Upto 7 days' '1 Year Replacement warranty from the date of purchase'],smart_watch
Honor Watch GS 3 Smartwatch,Honor,12999,18999,31% off,4.2,52 Ratings & 1 Reviews,['With Call Function' 'Touchscreen' 'Fitness & Outdoor' '1 Year Domestic Warranty'],smart_watch
APPLE Watch Series 3 (GPS 38mm) - Space Grey Aluminium Case with Black Sport Band,APPLE,16999,20900,18% off,4.6,55302 Ratings & 4852 Reviews,['1-GPS' '2-Retina display' '3-Swimproof' '4-Optical heart sensor' '5-Store and stream music' 'podcasts and audiobooks' '6-Elevation' '7-Emergency SOS' 'Touchscreen' 'Notifier Fitness & Outdoor' 'Battery Runtime: Upto 18 hrs' '1 Year Warranty'],smart_watch
Auto Ryde D116 Watch Smartwatch,Auto,469,1999,76% off,3.3,1068 Ratings & 57 Reviews,['Touchscreen' 'Fitness & Outdoor' 'Battery Runtime: Upto 4 days' 'NA'],smart_watch
SAMSUNG Watch 5 44mmSuper AMOLED displayLTE calling & body composition tracking,SAMSUNG,32999,39999,17% off,4.3,352 Ratings & 48 Reviews,['With Call Function' 'Touchscreen' 'Fitness & Outdoor' '1 Year Brand Warranty'],smart_watch
Cyxus 4G ANDROID T500/T500+ 5TH SERIES WATCH Smartwatch,Cyxus,747,1499,50% off,3.5,1559 Ratings & 166 Reviews,['With Call Function' 'Touchscreen' 'Health & Medical Watchphone Notifier Fitness & Outdoor Safety & Security'],smart_watch
Xuper Human Smart Watch for Android/iOS Smart Phones with Touch & waterproof Smartwatch,Xuper,599,1299,53% off,2.9,49 Ratings & 2 Reviews,['With Call Function' 'Touchscreen' 'Fitness & Outdoor Health & Medical Notifier Safety & Security Watchphone' 'Battery Runtime: Upto 5 hrs' 'NA'],smart_watch
CrossBeats IGNITE-SPECTRA Super Retina 1.78 AMOLED Display Metal Body with BT Calling Smartwatch,CrossBeats,4999,9999,50% off,4.0,70 Ratings & 32 Reviews,['Bluetooth Calling - You can receive and make calls through the watch In-Built Speaker and Mic. *1.78 AMOLED Display with Metal Body.* Heart rate Accelerometer SpO2 Multi-motion activity Touch sensor Light sensor.*Music Player - Listen and Control Music on your watch.*Notifications - Get Notification from facebook Whatsapp Instagram E mail.*Fitness - yoga Sleeping Running Walking Cycling Basket Ball Football & More.* Voice Assistance - Google / Siri Voice Assistance.*Battery Runtime - Up to 15 days.' 'With Call Function' 'Touchscreen' 'Watchphone Notifier Fitness & Outdoor Health & Medical' 'Battery Runtime: Upto 15 days' '12 Months manufacturer warranty subject to registration.'],smart_watch
Jeteck Smart Watch for Boys Y68 Bluetooth CallingTouchscreen Watch 05 pink Smartwatch,Jeteck,549,799,31% off,3.6,27 Ratings & 1 Reviews,['With Call Function' 'Touchscreen' 'Fitness & Outdoor'],smart_watch
Sportzee DZ09 Smartwatch,Sportzee,819,1399,41% off,3.4,2213 Ratings & 309 Reviews,['With Call Function' 'Touchscreen' 'Watchphone Notifier Health & Medical Fitness & Outdoor'],smart_watch
DEFY Space fit 1.54'' HD Display with Real time Temperature Sensor and SPO2 Smartwatch,DEFY,999,4499,77% off,3.8,3429 Ratings & 520 Reviews,"[""39mm(1.54'') HD Display|Slim Design"" '24H Heart Rate SpO2 and Real Time Temperature Monitoring' 'IP68 Dust Splash and Sweat Resistant' 'Music &amp; Camera Alerts' '100+ Cloud- Based Watch Faces' 'Touchscreen' 'Fitness & Outdoor' 'Battery Runtime: Upto 6 days' '1 Year warranty from the date of purchase']",smart_watch
Malhotra enterprises ID116 Smartwatch,Malhotra,499,1499,66% off,3.2,280 Ratings & 24 Reviews,['With Call Function' 'Touchscreen' 'Fitness & Outdoor' 'Battery Runtime: Upto 2.5 days' '**ALERT NOTE: Other sellers are selling this same product by copying our brand name craftartz and providing cheap quality at cheap prices . Please make sure that you select craftartz seller name before placing your order as we ensure quality and original product before delivering them. Please select craftartz by clicking view more sellers as we got lots of customer complaints who ordered from other seller regarding cheap product quality.'],smart_watch
Emmqura ID116 Smartwatch,Emmqura,499,1254,60% off,3.4,548 Ratings & 49 Reviews,['With Call Function' 'Touchscreen' 'Health & Medical Fitness & Outdoor'],smart_watch
Lastpoint 4G Camera and Sim Card Support watch Smartwatch,Lastpoint,999,1499,33% off,3.2,1748 Ratings & 151 Reviews,['With Call Function' 'Touchscreen' 'Watchphone Notifier Fitness & Outdoor Health & Medical Safety & Security'],smart_watch
Fusion Tech ID116plus better quality bluetooth watch Smartwatch,Fusion,599,1449,58% off,3.8,16 Ratings & 0 Reviews,['Touchscreen' 'Fitness & Outdoor' 'Battery Runtime: Upto 15 days' '**ALERT NOTE: Other sellers are selling this same product by copying our brand name STYBITS and providing cheap quality at cheap prices . Please make sure that you select STYBITS seller name before placing your order as we ensure quality and original product before delivering them. Please select STYBITS by clicking view more sellers as we got lots of customer complaints who ordered from other seller regarding cheap product quality.'],smart_watch
Rajendra Gift Gallery Smart Watch Series 7 For Men & Women (BLACK Free Size) Smartwatch Smartwatch,Rajendra,999,1999,50% off,3.9,137 Ratings & 27 Reviews,['With Call Function' 'Touchscreen' 'Fitness & Outdoor Health & Medical Notifier Safety & Security Watchphone' 'Battery Runtime: Upto 5 days'],smart_watch
AYANSHENTRPRISE ID116 Smartwatch,AYANSHENTRPRISE,499,2403,79% off,3.3,9746 Ratings & 649 Reviews,['With Call Function' 'Touchscreen' 'Watchphone'],smart_watch
AYANSHENTRPRISE ID 116 Smartwatch,AYANSHENTRPRISE,445,1399,68% off,3.3,2316 Ratings & 147 Reviews,['With Call Function' 'Touchscreen' 'Fitness & Outdoor'],smart_watch
MTJ w26 plus smartwatch series 6 Smartwatch Smartwatch,MTJ,1399,1999,30% off,2.8,33 Ratings & 3 Reviews,['With Call Function' 'Touchscreen' 'Fitness & Outdoor Health & Medical Notifier Watchphone' 'Battery Runtime: Upto 15 days' 'NA'],smart_watch
"Callmate Orbit 1.32"" HD display With Bluetooth Calling Sports modes AI Voice Assistance Smartwatch",Callmate,2999,4999,40% off,4.2,14 Ratings & 4 Reviews,['1.32 Color HD Full Touch Screen with 240*240 pixel resolution' 'SpO2 Monitoring Continuous Heart Rate Tracking|30 Sports Modes | IP67 Water Resistance' 'Superior Battery Life 7 Days & Standby Time 15 Days' 'Find Phone Feature - Use this feature to find your phone|Stay Socially Connected with all Notification Alerts' 'Smart Health Monitoring - Track SpO2 Heart Rate while your workout' 'With Call Function' 'Touchscreen' 'Fitness & Outdoor Health & Medical Notifier Watchphone' 'Battery Runtime: Upto 7 days' '1 Year Warranty from the Date of Purchase'],smart_watch
CrossBeats IGNITE-SPECTRA PLUS AMOLED with BT Calling150 Music storage & TWS connectivity Smartwatch,CrossBeats,5999,11999,50% off,4.2,63 Ratings & 33 Reviews,['Bluetooth Calling - You can receive and make calls through the watch In-Built Speaker and Mic.*1.78 AMOLED Display with Metal Body.*150 Music Storage & TWS Connectivity.*Heart rate Accelerometer SpO2 Multi-motion activity Touch sensor Light sensor.*Music Player - Listen and Control Music on your watch. *Notifications - Get Notification from facebook Whatsapp Instagram E mail.*Fitness - yoga Sleeping Running Walking Cycling Basket Ball Football & More.*Voice Assistance - Google / Siri Voice Assistance.*Battery Runtime - Up to 15 days.' 'With Call Function' 'Touchscreen' 'Watchphone Notifier Fitness & Outdoor Health & Medical' 'Battery Runtime: Upto 15 days' '12 Months manufacturer warranty subject to registration.'],smart_watch
Zwero T55 Series 6 Bluetooth calling fitness Full Touch & Multiple Watch Smartwatch Smartwatch,Zwero,889,4449,80% off,3.3,67 Ratings & 4 Reviews,['With Call Function' 'Touchscreen' 'Fitness & Outdoor Health & Medical Notifier Safety & Security Watchphone' 'Battery Runtime: Upto 5 hrs' 'Na'],smart_watch
DIZO Watch Pro (by realme TechLife),DIZO,3799,3999,5% off,4.1,7443 Ratings & 870 Reviews,"[""4.4cm (1.75'') High-resolution Full Touch Screen"" '14-Day Battery Life' 'Built-in Dual Satellite GPS | Smart AIoT Control' 'Live Watch Faces | 90 Sport Modes' 'Blood Oxygen & Heart Rate Monitor' '100+Customizable Watch Faces' 'IP68 Water Resistant' 'Smart Connect | Magnetic Charging Base' 'Touchscreen' 'Fitness & Outdoor' 'Battery Runtime: Upto 14 days' '1 Year Warranty from the Date of Purchase']",smart_watch
HIMOCEAN Z-01 T500 Smart Watch 1.3'' Full Touch Men Women Fitness Tracker Smartwatch,HIMOCEAN,692,1499,53% off,3.3,1095 Ratings & 110 Reviews,['With Call Function' 'Touchscreen' 'Fitness & Outdoor Health & Medical Notifier Safety & Security Watchphone'],smart_watch
VIMORK T-55 smart calling whatsapp Facebook watch SPO2 Heart rate monitor step count Smartwatch,VIMORK,799,3499,77% off,3.3,1182 Ratings & 86 Reviews,['With Call Function' 'Touchscreen' 'Fitness & Outdoor Health & Medical Watchphone Safety & Security Notifier' 'Battery Runtime: Upto 4 days'],smart_watch
"Titan Talk with 1.39"" AMOLED Display BT Calling & Music Storage with TWS Connect Smartwatch",Titan,9995,14995,33% off,4.4,24 Ratings & 7 Reviews,['BT Calling - Enjoy crystal clear calls hands-free right from your wrist' 'AMOLED Display - An immersive large 1.39 AMOLED display with a 454 x 454 resolution' 'Music Storage With TWS Connect -Store and listen to your playlist on the go and connect your audio devices right from the watch' '100+ Watchfaces- Choose from over 100+ cloud Watchfaces to match your style and mood' 'Complete Health Suite- Tune into your health like never before with a SpO2 Tracker 24x7 Heart Rate Monitor Sleep Monitor Breathe exercise and Womens Health Tracker' 'Exciting features like In-Built Games Phone Finder Camera Control Music Control Built-in Calculator & Weather all with a long-lasting battery of up to 5 Days and IP68 Water Resistance' 'AI Voice - Connect to the Ok Google or Hey Siri just with a tap' 'With Call Function' 'Touchscreen' 'Fitness & Outdoor' 'Battery Runtime: Upto 5 days' '1 Year Limited warranty'],smart_watch
Priyansh I7 PRO MAX Smartwatch,Priyansh,999,3999,75% off,3.0,250 Ratings & 15 Reviews,['With Call Function' 'Touchscreen' 'Fitness & Outdoor'],smart_watch
Jocoto A118 D18_ MAX FITNESS TRACKER MULTI FACES SMART WATCH BLACK (PACK OF 1) Smartwatch,Jocoto,599,1699,64% off,3.3,3 Ratings & 0 Reviews,['Touchscreen' 'Fitness & Outdoor'],smart_watch
HAKEX ID116 Smart Fitness Band for Boys Girls Men Women & Kids | Sports Gym Watch Smartwatch,HAKEX,547,1499,63% off,3.6,162 Ratings & 14 Reviews,['Touchscreen' 'Fitness & Outdoor'],smart_watch
VIMORK T55 SMART CALLING WATSAPP FACEBOOK FITNESS WATCH XL SIZE BLACK CLOUR DUEL STRAP Smartwatch,VIMORK,898,3999,77% off,3.2,123 Ratings & 12 Reviews,['With Call Function' 'Touchscreen' 'Watchphone' 'Battery Runtime: Upto 3 days'],smart_watch
APPLE Watch Series7 (GPS + Cellular 41mm) - Green Aluminium Case-Clover Sport Band,APPLE,44999,50900,11% off,4.5,1428 Ratings & 111 Reviews,"[""Stay connected to family and friends with calls texts and email even when you don't have your phone"" 'Stream music and podcasts on the go and leave your phone at home' 'Always-on Retina display has nearly 20% more screen area than Series 6 making everything easier to see and use' 'The most crack-resistant front crystal yet on an Apple Watch IP6X dust resistance and swimproof design' 'Measure your blood oxygen with a powerful sensor and app' 'Take an ECG anytime and anywhere' 'Get high and low heart rate and irregular heart rhythm notifications' 'With Call Function' 'Touchscreen' 'Watchphone Notifier Fitness & Outdoor' 'Battery Runtime: Upto 18 hrs' '1 Year Manufacturer Warranty']",smart_watch
vidyasagar I7 PRO MAX FULL SCREEN SMART WATCH SERIIES 7 Smartwatch (Black Strap 44 MM) Smartwatch,vidyasagar,769,1999,61% off,4.3,22 Ratings & 1 Reviews,['With Call Function' 'Touchscreen' 'Fitness & Outdoor Health & Medical Notifier Safety & Security Watchphone' 'Battery Runtime: Upto 5 days'],smart_watch
MindsArt ANDROID T500 MOBILE WATCH Smartwatch,MindsArt,749,1499,50% off,4.8,17 Ratings & 1 Reviews,['With Call Function' 'Touchscreen' 'Notifier Watchphone Health & Medical Fitness & Outdoor Safety & Security'],smart_watch
ZEPAD D18 smart braceletfitness band Smartwatch,ZEPAD,654,1999,67% off,2.9,153 Ratings & 15 Reviews,['Touchscreen' 'Fitness & Outdoor Notifier Safety & Security Watchphone' 'NA'],smart_watch
Cartbae ID11 Smartwatch,Cartbae,469,1399,66% off,3.1,451 Ratings & 25 Reviews,['Touchscreen' 'Fitness & Outdoor' 'Battery Runtime: Upto 12 hrs'],smart_watch
CORBITAL IMPEX Square Dial Led Lights Digital Watch Smartwatch,CORBITAL,205,399,48% off,3.4,1551 Ratings & 106 Reviews,['Watchphone'],smart_watch
THE MOBILE POINT Bluetooth Fitness Smart Watch Smartwatch,THE,389,2499,84% off,3.4,1546 Ratings & 75 Reviews,['With Call Function' 'Touchscreen' 'Health & Medical Notifier Fitness & Outdoor' 'Battery Runtime: Upto 6 hrs' '10 Day Warranty'],smart_watch
Mayne I7 PRO MAX FULL SCREEN SMART WATCH SERIES 7 Smartwatch (Black Strap 44 MM) Smartwatch,Mayne,990,1399,29% off,3.5,36 Ratings & 1 Reviews,['With Call Function' 'Touchscreen' 'Watchphone'],smart_watch
CYXUS 4G Camera and Sim Card Support watch Smartwatch,CYXUS,939,1299,27% off,3.4,6672 Ratings & 553 Reviews,['With Call Function' 'Touchscreen' 'Fitness & Outdoor'],smart_watch
XITARA Notifier Heart Rate & Blood Pressure Monitor Sleep Monitor Smartwatch,XITARA,474,1499,68% off,3.2,1085 Ratings & 66 Reviews,['With Call Function' 'Touchscreen' 'Watchphone Notifier Fitness & Outdoor Safety & Security' 'NA'],smart_watch
E-LIVE DZ09 4g calling health notifier Smartwatch,E-LIVE,819,1399,41% off,3.5,7301 Ratings & 894 Reviews,['With Call Function' 'Touchscreen' 'Watchphone Notifier Health & Medical Fitness & Outdoor'],smart_watch
Noise ColorFit Pro 2 Oxy Smartwatch,Noise,1799,4999,64% off,4.0,4111 Ratings & 435 Reviews,['Touchscreen' 'Fitness & Outdoor' 'Battery Runtime: Upto 10 days' '1 Year Manufacturer Warranty'],smart_watch
JAKCOM Android Calling Smart mobile 4G watch Smartwatch,JAKCOM,879,1499,41% off,3.3,573 Ratings & 30 Reviews,['With Call Function' 'Touchscreen' 'Watchphone Notifier Health & Medical Fitness & Outdoor Safety & Security'],smart_watch
DIZO Watch S 1.57 Bright touch screen with rectangular display and 110+ sports modes,DIZO,2418,3998,39% off,3.9,3314 Ratings & 548 Reviews,"['4 cm (1.57"") Sleek Bright Touch Screen' '110+ Sports Mode' 'Splash & Sweat Resistance' 'Blood Oxygen & Heart Rate Monitor' '7 Days Battery Life' '150+ Stylish Watch Faces' 'Touchscreen' 'Fitness & Outdoor' 'Battery Runtime: Upto 7 days' '12 Month from the Date of Purchase']",smart_watch
"CrossBeats Ignite ATLAS In-Built GPS 1.7"" 3D Curved HD Display BT Calling Smartwatch",CrossBeats,3999,11999,66% off,4.1,209 Ratings & 90 Reviews,['Bluetooth Calling - You can receive and make calls through the watch In-Built Speaker and Mic. *1.7 3D Curved HD Display | Built-In GPS. *Heart rate Accelerometer SpO2 Multi-motion activity Touch sensor Light sensor. *Music Player - Listen and Control Music on your watch. *Notifications - Get Notification from Facebook WhatsApp Instagram E mail. *Fitness - yoga Sleeping Running Walking Cycling Basket Ball Football & More. *Voice Assistance - Google / Siri Voice Assistance. *Battery Runtime - Up to 10 days.' 'With Call Function' 'Touchscreen' 'Watchphone Notifier Fitness & Outdoor Health & Medical' 'Battery Runtime: Upto 10 days' '12 Months manufacturer warranty subject to registration.'],smart_watch
Malhotra enterprises ID116 Smartwatch,Malhotra,499,1499,66% off,3.2,280 Ratings & 24 Reviews,['With Call Function' 'Touchscreen' 'Watchphone'],smart_watch
Roods Sale i7 Pro Max Smart Watch Series 7 For Men & Women (BLACK Free Size) Smartwatch Smartwatch,Roods,799,1999,60% off,3.7,195 Ratings & 14 Reviews,['With Call Function' 'Touchscreen' 'Fitness & Outdoor Health & Medical Notifier Safety & Security Watchphone' 'Battery Runtime: Upto 5 days'],smart_watch
Titan Smart 2 with 1.78 AMOLED Display & Premium Metal Body 100+ Watchfaces Smartwatch,Titan,6995,12995,46% off,4.3,692 Ratings & 99 Reviews,['Premium Aluminium Body with 1.78 AMOLED Display' 'Bright 368 x 448 Pixels Resolution with Always On Display' 'Stress and Active Sleep Monitor - Dont stress over your stress levels and let the watch determine it for you with active stress monitoring and track your sleeping patterns and keep a tab on your sleep health' 'Complete Health Suite - A perfect companion for your health goals with built-in features like Heart rate monitor SPO2 (Blood Oxygen Level) Tracker and Female health monitor' 'Touchscreen' 'Fitness & Outdoor' 'Battery Runtime: Upto 7 days' '1 Year Brand Warranty'],smart_watch
MindsArt ANDROID T500 MOBILE WATCH Smartwatch,MindsArt,749,1499,50% off,3.5,1055 Ratings & 92 Reviews,['With Call Function' 'Touchscreen' 'Notifier Watchphone Health & Medical Fitness & Outdoor Safety & Security'],smart_watch
SAMSUNG Watch 5 pro 45mmSuper AMOLED displayBluetooth callingwith advanced GPS tracking,SAMSUNG,44999,48999,8% off,4.2,72 Ratings & 7 Reviews,['With Call Function' 'Touchscreen' 'Fitness & Outdoor' '1 Year Brand Warranty'],smart_watch
Remaxa Waterproof Digital SmartWatch For Men & Women with Extra Strap Smartwatch,Remaxa,878,2999,70% off,3.3,137 Ratings & 9 Reviews,['With Call Function' 'Touchscreen' 'Fitness & Outdoor' 'Battery Runtime: Upto 7 days' 'NA'],smart_watch
nkk ID116 BLACK ABC11 Smartwatch,nkk,469,1799,73% off,3.5,11 Ratings & 3 Reviews,['With Call Function' 'Touchscreen' 'Fitness & Outdoor Health & Medical Notifier Notifier Watchphone'],smart_watch
ZEPAD SMART WATCH FOR BOYS & GIRLS Smartwatch,ZEPAD,899,1999,55% off,3.7,18 Ratings & 0 Reviews,['With Call Function' 'Touchscreen' 'Watchphone Notifier Health & Medical Safety & Security' 'Battery Runtime: Upto 2 days' 'NA'],smart_watch
TAGG Verve Max Buzz 1.81inch High Res Display Bluetooth Calling Password Protection Smartwatch,TAGG,2999,7499,60% off,4.1,3273 Ratings & 438 Reviews,['1.81 Hi-Resolution Display with 500 NITS Brightness |60Hz Refresh Rate |320*386px| Password Protection Answer and make calls from your smartwatch directly. Connect Smartwatch with a single tap.| Battery Upto 7 days (3 Days with BT Calling) Smart QR Codes: Add your QR codes to the smartwatch to receive payments.Supports Siri and Google Assistant| Vibration Intensity Adjuster while getting alerts Sense+ Technology: Track your Blood Oxygen Blood Pressure Heart Rate and Sleep Cycle accurately |120+ Sports Mode|150+ Watchfaces| Smart Reminders: Drink Water Reminder Medicine Reminder and Relax Mode etc.' 'With Call Function' 'Touchscreen' 'Fitness & Outdoor' 'Battery Runtime: Upto 3 days' '1 Year Repair or Replacement Wattanty'],smart_watch
Fliptic DZ09 Smartwatch,Fliptic,818,1199,31% off,3.6,216 Ratings & 16 Reviews,['With Call Function' 'Fitness & Outdoor' '10 Days Flipkart Replacement'],smart_watch
TECHEMPIRE ID116plus smartband for boys&girls Smartwatch,TECHEMPIRE,590,1500,60% off,3.0,4 Ratings & 0 Reviews,['Touchscreen' 'Fitness & Outdoor' 'Battery Runtime: Upto 15 days'],smart_watch
GARMIN Forerunner 245 Music GPS Running Smartwatch Advanced Running Dynamics Smartwatch,GARMIN,27990,36490,23% off,4.5,38 Ratings & 8 Reviews,"[""Evaluates your current training status to indicate if you're undertraining or overdoing it; offers additional performance monitoring features"" 'Provides advanced running dynamics including ground contact time balance stride length vertical ratio and more' 'Safety and tracking features such as built-in incident detection make it easy to share your location' 'Battery life: up to 7 days in smartwatch mode; up to 24 hours in GPS mode' 'With Call Function' 'Touchscreen' 'Fitness & Outdoor' '1 year']",smart_watch
CrossBeats IGNITE LYT 1.69 DisplayWaterproof15 days Battery200+ Watch Faces Smartwatch,CrossBeats,1999,4999,60% off,4.1,128 Ratings & 46 Reviews,['1.69 HD Display | 500 Nits Brightness. *Heart rate Accelerometer SpO2 Multi-motion activity Touch sensor Light sensor. *Notifications - Get Notification from Facebook WhatsApp Instagram E mail. *Fitness - yoga Sleeping Running Walking Cycling Basket Ball Football & More . *Slim & Lightweight. *Battery Runtime - Up to 15 days.' 'Touchscreen' 'Fitness & Outdoor' 'Battery Runtime: Upto 15 days' '12 Months manufacturer warranty subject to registration.'],smart_watch
EVOTECH BATMAN Smartwatch,EVOTECH,279,399,30% off,3.8,36 Ratings & 1 Reviews,['Touchscreen' 'Notifier'],smart_watch
Syska SW200 Smartwatch,Syska,2099,5499,61% off,3.8,9768 Ratings & 1397 Reviews,['Touchscreen' 'Fitness & Outdoor' 'Battery Runtime: Upto 10 days' '1 Year Manufacturer Warranty'],smart_watch
Syska SW200 Smartwatch,Syska,2199,5499,60% off,3.8,9768 Ratings & 1397 Reviews,['100+ cloud & customizable watch faces' 'Health Tracking with - SPO2 Monitoring l Heart Rate Monitor | Sleep Monitor | Step Monitoring' 'Sedentary Water and Hand Sanitisation Alerts| Camera and Music Control at your fingertips' 'Smart Notifications for Calls SMS Whatsapp and all your social media apps' 'Touchscreen' 'Fitness & Outdoor' 'Battery Runtime: Upto 10 days' '1 Year Manufacturer Warranty'],smart_watch
Pulse Razor1 Smart Bracelet |Waterproof & Touch Screen| Smartwatch,Pulse,699,2199,68% off,3.0,65 Ratings & 3 Reviews,['With Call Function' 'Touchscreen' 'Fitness & Outdoor Health & Medical Notifier Safety & Security Watchphone' 'Battery Runtime: Upto 12 hrs'],smart_watch
HIMOCEAN Z-01 T500 Smart Watch 1.3'' Full Touch Men Women Fitness Tracker Smartwatch,HIMOCEAN,593,1299,54% off,3.3,1095 Ratings & 110 Reviews,['With Call Function' 'Touchscreen' 'Fitness & Outdoor Health & Medical Notifier Safety & Security Watchphone'],smart_watch
nidhish seles i8 Pro Max Smart Watch Series 8 For Men & Women (BLACK Free Size) Smartwatch Smartwatch,nidhish,819,2999,72% off,2.7,3 Ratings & 1 Reviews,['With Call Function' 'Touchscreen' 'Fitness & Outdoor' 'Battery Runtime: Upto 5 days'],smart_watch
Priyansh ID 116 Smartwatch,Priyansh,469,2999,84% off,3.2,2752 Ratings & 117 Reviews,['With Call Function' 'Touchscreen' 'Fitness & Outdoor'],smart_watch
Emmqura ID-116 ULTRA PRO PLUS SMART WATCH Smartwatch,Emmqura,499,2713,81% off,3.2,1647 Ratings & 119 Reviews,['With Call Function' 'Touchscreen' 'Fitness & Outdoor Health & Medical Notifier Safety & Security Watchphone' 'Battery Runtime: Upto 2 days' '7 days Replacment'],smart_watch
KPM ID116 Smartwatch,KPM,599,1499,60% off,3.1,77 Ratings & 7 Reviews,['Touchscreen' 'Fitness & Outdoor' 'Battery Runtime: Upto 11 hrs'],smart_watch
SAMSUNG Galaxy Watch4 Classic LTE (4.6cm),SAMSUNG,39999,42999,6% off,4.2,478 Ratings & 45 Reviews,['With Call Function' 'Touchscreen' 'Fitness & Outdoor' '1 Year Manufacturer Warranty'],smart_watch
HIMOCEAN Z-01 T500 Smart Watch 1.3'' Full Touch Men Women Fitness Tracker Smartwatch,HIMOCEAN,699,1999,65% off,3.3,1095 Ratings & 110 Reviews,['With Call Function' 'Touchscreen' 'Fitness & Outdoor Health & Medical Notifier Safety & Security Watchphone'],smart_watch
Roods Sale i8 Pro Max Smart Watch Series 8 For Men & Women (BLACK Free Size) Smartwatch Smartwatch,Roods,849,1999,57% off,3.9,41 Ratings & 11 Reviews,['With Call Function' 'Touchscreen' 'Fitness & Outdoor Health & Medical Notifier Safety & Security Watchphone' 'Battery Runtime: Upto 5 days'],smart_watch
Remaxa Waterproof Digital SmartWatch For Men & Women Smartwatch,Remaxa,899,2499,64% off,3.3,137 Ratings & 9 Reviews,['With Call Function' 'Touchscreen' 'Fitness & Outdoor' 'Battery Runtime: Upto 12 hrs'],smart_watch
Hawai sales i8 Pro Max Smart Watch Series 8 For Men & Women (BLACK Free Size) Smartwatch Smartwatch,Hawai,879,1999,56% off,3.7,30 Ratings & 4 Reviews,['With Call Function' 'Touchscreen' 'Fitness & Outdoor Health & Medical Notifier Safety & Security Watchphone' 'Battery Runtime: Upto 5 days'],smart_watch
MindsArt ANDROID 5th SERIES T500 WATCH Smartwatch,MindsArt,749,1499,50% off,3.6,265 Ratings & 30 Reviews,['With Call Function' 'Touchscreen' 'Watchphone Notifier Health & Medical Fitness & Outdoor Safety & Security'],smart_watch
CHIWAY ID-116 Plus Bluetooth Smart Fitness Watch with Active Heart Rate Activity Smartwatch,CHIWAY,524,1999,73% off,3.3,7273 Ratings & 511 Reviews,['With Call Function' 'Touchscreen' 'Fitness & Outdoor Health & Medical'],smart_watch
STROMBUCKS T55 White (Silver) Dual Belt Smartwatch,STROMBUCKS,940,3999,76% off,3.3,117 Ratings & 12 Reviews,['With Call Function' 'Touchscreen' 'Watchphone Fitness & Outdoor Health & Medical Notifier' 'Battery Runtime: Upto 10 days' 'NA'],smart_watch
HK Gauri Singari Smart watch I7 Hiwatch promax full touchscreen for boys and girls watch Smartwatch,HK,1399,4999,72% off,4.2,5 Ratings & 0 Reviews,['With Call Function' 'Touchscreen' 'Fitness & Outdoor Health & Medical Safety & Security'],smart_watch
Atomex Tz I8 PRO MAX SMART WATCH FOR ANDROID & IOS Smartwatch,Atomex,995,2599,61% off,3.7,80 Ratings & 21 Reviews,['With Call Function' 'Touchscreen' 'Fitness & Outdoor Health & Medical Notifier Watchphone' 'Battery Runtime: Upto 3 days'],smart_watch
Atina DZ09 phone Smartwatch,Atina,979,1981,50% off,3.5,3449 Ratings & 265 Reviews,['With Call Function' 'Touchscreen' 'Watchphone'],smart_watch
Turet Kids Phone with GPS Locator - Goldfish Kids' Smartwatch,Turet,5499,5999,8% off,3.2,17 Ratings & 0 Reviews,['With Call Function' 'Touchscreen' 'Safety & Security' 'Battery Runtime: Upto 2.5 days' 'Manufacturing Defect'],smart_watch
REEBOK ActiveFit 1.0 Smartwatch,REEBOK,2999,7499,60% off,4.0,18 Ratings & 0 Reviews,['Touchscreen' 'Fitness & Outdoor'],smart_watch
JAKCOM Android smart mobile 4G watchphone Smartwatch,JAKCOM,896,1499,40% off,3.4,1580 Ratings & 116 Reviews,['With Call Function' 'Touchscreen' 'Fitness & Outdoor'],smart_watch
AYANSHENTRPRISE id 116 Smartwatch,AYANSHENTRPRISE,475,1999,76% off,3.3,2316 Ratings & 147 Reviews,['With Call Function' 'Touchscreen' 'Watchphone'],smart_watch
Ykarn Trades AQ500/ID116 ULTRA FITNESS TRACKER MULTI FACES SMART WATCH BLACK(PACK OF 1) Smartwatch,Ykarn,497,1499,66% off,3.3,38 Ratings & 2 Reviews,['Touchscreen' 'Fitness & Outdoor'],smart_watch
CYXUS 4G Camera and Sim Card Support watch Smartwatch,CYXUS,816,1299,37% off,3.4,6672 Ratings & 553 Reviews,['With Call Function' 'Touchscreen' 'Fitness & Outdoor'],smart_watch
Bymaya A518(ID116) LATEST HEART RATE STEP COUNT SMART WATCH BLACK( PACK OF 1) Smartwatch,Bymaya,499,1499,66% off,3.5,64 Ratings & 3 Reviews,['Touchscreen' 'Fitness & Outdoor'],smart_watch
Ispite Dz09 Bluetooth Smartwatch Smartwatch,Ispite,839,999,16% off,3.5,216 Ratings & 8 Reviews,['With Call Function' 'Touchscreen' 'Watchphone' 'Battery Runtime: Upto 6 hrs'],smart_watch
Shree Sangarah ID116plus smartband for boys&girls Smartwatch,Shree,598,1499,60% off,3.4,29 Ratings & 0 Reviews,['Touchscreen' 'Fitness & Outdoor' 'Battery Runtime: Upto 15 days' '**ALERT NOTE: Other sellers are selling this same product by copying our brand name Shree Sangarah and providing cheap quality at cheap prices . Please make sure that you select Shree Sangarah seller name before placing your order as we ensure quality and original product before delivering them. Please select Shree Sangarah by clicking view more sellers as we got lots of customer complaints who ordered from other seller regarding cheap product quality.'],smart_watch
SMART 4G ANDROID 4G CALLING BLUETOOTH SMART WATCH Smartwatch,SMART,868,1499,42% off,3.4,146 Ratings & 11 Reviews,['With Call Function' 'Touchscreen' 'Watchphone Notifier Health & Medical Fitness & Outdoor Safety & Security'],smart_watch
Priyansh I7 PRO MAX Smartwatch,Priyansh,1149,3499,67% off,3.0,250 Ratings & 15 Reviews,['With Call Function' 'Touchscreen' 'Fitness & Outdoor'],smart_watch
Malhotra enterprises ID116 water proof watch Smartwatch,Malhotra,499,1499,66% off,4.1,7 Ratings & 2 Reviews,['With Call Function' 'Touchscreen' 'Fitness & Outdoor' '**ALERT NOTE: Other sellers are selling this same product by copying our brand name craftartz and providing cheap quality at cheap prices . Please make sure that you select craftartz seller name before placing your order as we ensure quality and original product before delivering them. Please select craftartz by clicking view more sellers as we got lots of customer complaints who ordered from other seller regarding cheap product quality.'],smart_watch
Priyansh ID116 Smartwatch,Priyansh,499,2785,82% off,3.3,1076 Ratings & 84 Reviews,['With Call Function' 'Touchscreen' 'Fitness & Outdoor'],smart_watch
Jocoto D1923(A1) PLUS STEP COUNT BLUETOOTH SMART WATCH BLACK (PACK OF 1) Smartwatch,Jocoto,649,1499,56% off,3.4,8 Ratings & 0 Reviews,['Touchscreen' 'Fitness & Outdoor'],smart_watch
Noise NoiseFit Active with GPS SpO2 Monitor Smartwatch,Noise,1999,5999,66% off,3.8,592 Ratings & 75 Reviews,['Touchscreen' 'Fitness & Outdoor' 'Battery Runtime: Upto 7 days' '1 Year Manufacturer Warranty'],smart_watch
DIZO Watch R AMOLED with 45 mm Dial Size (by realme techLife),DIZO,4499,5999,25% off,4.0,26803 Ratings & 3220 Reviews,['1.3inch Amoled Display' 'Always On Display' '150+ Stylish Watch Faces' '110+ Sports Mode' '5 ATM Water Resistance' 'Premium Metal Frame' 'Health Monitoring' 'Touchscreen' 'Fitness & Outdoor' 'Battery Runtime: Upto 10 days' '12 month from the date of purchase'],smart_watch
CREATION4U DZ09-428 phone Smartwatch,CREATION4U,899,1999,55% off,3.3,65 Ratings & 3 Reviews,['With Call Function' 'Touchscreen' 'Watchphone' '6 Months Warranty for Manufacturing Defects'],smart_watch
Raysx ANDROID CALLING MOBILE WATCH PHONE Smartwatch,Raysx,879,1499,41% off,3.2,186 Ratings & 18 Reviews,['With Call Function' 'Touchscreen' 'Watchphone Notifier Fitness & Outdoor Safety & Security Health & Medical'],smart_watch
ZEPAD Multi functional Smartwatch,ZEPAD,895,1999,55% off,3.5,109 Ratings & 8 Reviews,['With Call Function' 'Touchscreen' 'Watchphone Notifier Fitness & Outdoor Safety & Security' 'NA'],smart_watch
englon Camera and Sim Card Support Smartwatch,englon,899,2999,70% off,3.7,25 Ratings & 4 Reviews,['With Call Function' 'Touchscreen' 'Watchphone Notifier Fitness & Outdoor Safety & Security' 'NA'],smart_watch
lock deal t-55 Intelligence Bluetooth Wrist Smart Watch/Health Bracelet Smartwatch,lock,840,2082,59% off,3.5,1218 Ratings & 99 Reviews,['With Call Function' 'Touchscreen' 'Fitness & Outdoor' 'Battery Runtime: Upto 2.5 days'],smart_watch
Bastex DZ09 Smartwatch,Bastex,819,2399,65% off,3.5,10776 Ratings & 1396 Reviews,['With Call Function' 'Touchscreen' 'Watchphone Notifier Fitness & Outdoor Health & Medical' 'Battery Runtime: Upto 24 hrs'],smart_watch
Jeteck Smart Watch for Boys Y68 Bluetooth CallingTouchscreen Watch white 06 Smartwatch,Jeteck,519,999,48% off,3.1,16 Ratings & 1 Reviews,['With Call Function' 'Touchscreen' 'Fitness & Outdoor'],smart_watch
Bashaam A804_A1 ADVANCE STEP COUNT BLUETOOTH SMART WATCH BLACK(PACK OF 1) Smartwatch,Bashaam,590,1599,63% off,3.7,3 Ratings & 0 Reviews,['Touchscreen' 'Fitness & Outdoor'],smart_watch
Bymaya ID116plus bluetooth smart wristband Smartwatch,Bymaya,499,2231,77% off,3.2,1488 Ratings & 104 Reviews,['Touchscreen' 'Fitness & Outdoor' 'Battery Runtime: Upto 15 days' '7 days'],smart_watch
CrossBeats Orbit Apex Super Retina AMOLED Display BT Calling 60 Sports Mode 3D Glass Smartwatch,CrossBeats,4999,9999,50% off,4.4,56 Ratings & 33 Reviews,['With Call Function' 'Touchscreen' 'Fitness & Outdoor Watchphone Health & Medical Notifier' 'Battery Runtime: Upto 10 days' '1 Year Manufacturer Warranty subject to registration.'],smart_watch
Atomex Tz T500 PINK COLOR SMART WATCH WITH CALLING FUNCTION Smartwatch,Atomex,895,1999,55% off,3.6,133 Ratings & 16 Reviews,['With Call Function' 'Touchscreen' 'Fitness & Outdoor Health & Medical Notifier Watchphone' 'Battery Runtime: Upto 3 days'],smart_watch
Malhotra enterprises ID116 Smartwatch,Malhotra,450,1549,70% off,3.2,280 Ratings & 24 Reviews,['With Call Function' 'Touchscreen' 'Watchphone'],smart_watch
GADGETSZONE i8 Pro Max new Smart Watch full screen Series 8 For Men & Women Smartwatch,GADGETSZONE,819,2999,72% off,3.4,17 Ratings & 2 Reviews,['With Call Function' 'Touchscreen' 'Fitness & Outdoor Health & Medical Notifier Safety & Security Watchphone' 'Battery Runtime: Upto 5 days'],smart_watch
AYANSHENTRPRISE ID116 Smartwatch,AYANSHENTRPRISE,359,2799,87% off,3.3,9746 Ratings & 649 Reviews,['With Call Function' 'Touchscreen' 'Fitness & Outdoor'],smart_watch
HEALTHIN HIN02-BK phone Smartwatch,HEALTHIN,839,1399,40% off,3.5,4175 Ratings & 466 Reviews,['With Call Function' 'Touchscreen' 'Watchphone' 'Battery Runtime: Upto 6 hrs'],smart_watch
SAMSUNG Galaxy Watch4 Classic Bluetooth (4.6cm),SAMSUNG,34999,37999,7% off,4.2,478 Ratings & 45 Reviews,['With Call Function' 'Touchscreen' 'Fitness & Outdoor' '1 Year Manufacturer Warranty'],smart_watch
Priyansh ID116 Smartwatch,Priyansh,445,2773,83% off,3.3,1076 Ratings & 84 Reviews,['With Call Function' 'Touchscreen' 'Fitness & Outdoor'],smart_watch
spellcell Latest T55 Smart Watch for men & women with calling function Smartwatch,spellcell,818,1999,59% off,3.5,579 Ratings & 36 Reviews,['With Call Function' 'Touchscreen' 'Fitness & Outdoor' 'Battery Runtime: Upto 3 days'],smart_watch
Atomex Tz I8 PRO MAX SMART WATCH FOR ANDROID & IOS Smartwatch,Atomex,985,2499,60% off,3.7,80 Ratings & 21 Reviews,['With Call Function' 'Touchscreen' 'Fitness & Outdoor Health & Medical Notifier Watchphone' 'Battery Runtime: Upto 3 days'],smart_watch
MindsArt Android 4G Camera Watch With Sim Card Supports Smartwatch,MindsArt,948,1299,27% off,3.0,8 Ratings & 1 Reviews,['With Call Function' 'Touchscreen' 'Fitness & Outdoor Health & Medical Notifier Safety & Security Watchphone'],smart_watch
GARMIN Forerunner 55 GPS Smartwatch upto 2 Weeks of Battery Life PacePro Technology Smartwatch,GARMIN,18990,20990,9% off,4.3,52 Ratings & 6 Reviews,['Track pace distance and more with built-in GPS.' 'Take guesswork out of training. This watch suggests runs tailored to you.' 'High-end running features help you meet your potential. Minus the high-end price tag.' 'Track more than just running with an array of built-in activity profiles.' 'Get up to 2 weeks of battery life. Because less charging is always a good thing' 'Fitness & Outdoor'],smart_watch
Hayyo A1 Smart Watch - Support SIM/Memory Card/Camera/Bluetooth/Voice Calling Smartwatch,Hayyo,999,2000,50% off,3.3,10 Ratings & 1 Reviews,['With Call Function' 'Touchscreen' 'Fitness & Outdoor'],smart_watch
Gazzet 4G A1 Black for android mobile Smartwatch,Gazzet,898,1499,40% off,3.5,3664 Ratings & 381 Reviews,['With Call Function' 'Touchscreen' 'Fitness & Outdoor'],smart_watch
"GOQii Smart Vital Plus 1.57"" HD Full Touch Smart Notification SpO2 3Month Health Coach Smartwatch",GOQii,2974,6499,54% off,3.9,86 Ratings & 29 Reviews,['1.57 inches color display with full touch screen' 'Health coaching - 3 months free health & fitness coaching | Doctor consultation | health reward | Yoga | Home workout | Diet consultation | GOQii store' 'Body Temperature Tracker | 24x7 Heart rate Monitor | Blood Pressure Monitor | Integrated Pulse Oximeter (SpO2) | Auto Sleep tracking' 'IP68 Water/Dust resistant | Multiple customize watch faces music control camera stopwatch timer raise to wake alarms inactivity alerts | 17 mode of exercise | 7 days battery life| 1 Year Warranty' 'Touchscreen' 'Fitness & Outdoor' 'Battery Runtime: Upto 7 days' '1 Year Warranty'],smart_watch
FIT FOREST GRACEFULLY CRAFTED I7ProMax For Men & Women (BLACK Free Size) Smartwatch,FIT,849,1999,57% off,3.0,4 Ratings & 0 Reviews,['With Call Function' 'Touchscreen' 'Fitness & Outdoor' 'Battery Runtime: Upto 10 hrs'],smart_watch
Wireless DZ09 Smartwatch,Wireless,839,1399,40% off,3.3,1356 Ratings & 126 Reviews,['With Call Function' 'Touchscreen' 'Watchphone' 'Battery Runtime: Upto 4 days' '1 Year  Warranty'],smart_watch
FOSSIL Gen 5E Smartwatch,FOSSIL,17570,18495,5% off,4.0,71 Ratings & 7 Reviews,['Heart Rate and Activity tracking' 'Tethered GPS' 'Multi-day battery modes' 'Built-in speaker' 'With Call Function' 'Touchscreen' 'Fitness & Outdoor' 'Battery Runtime: Upto 24 hrs' '1 Year'],smart_watch
SMART 4G 4G Camera and Sim Card Support watch Smartwatch,SMART,895,1499,40% off,3.3,1274 Ratings & 82 Reviews,['With Call Function' 'Touchscreen' 'Watchphone Health & Medical Notifier Fitness & Outdoor Safety & Security'],smart_watch
Ykarn Trades AW300/ ID116 PLUS HEART RATE SLEEP TRACKER BLUETOOTH SMART WATCH(PACK OF 1) Smartwatch,Ykarn,529,1499,64% off,4.2,5 Ratings & 0 Reviews,['Touchscreen' 'Fitness & Outdoor'],smart_watch
markif DIGITAL SMART WATCH WITH SIM CARD SLOT (GOLD) Smartwatch,markif,784,2559,69% off,3.3,24 Ratings & 0 Reviews,['With Call Function' 'Touchscreen' 'Watchphone' 'Battery Runtime: Upto 2 days'],smart_watch
huami Amazfit GTR 42 mm Smartwatch,huami,9999,12999,23% off,4.3,973 Ratings & 147 Reviews,['Upto 12 Days Battery Life' '1.2 inch AMOLED Display with High Resolution 326 PPI' '5 ATM Water Resistance + Music Control + 12 Sports Modes' 'Built-in GPS + GLONASS+Actiity Tracking' '24 x 7 Continuous Heart Rate + Abnormal Heart Rate Warning' 'Sleep Monitoring + Smart Notifications + Weather Forecast' 'Touchscreen' 'Fitness & Outdoor' '1 Year Manufacturer Warranty'],smart_watch
GARMIN Lily Sport Smartwatch upto 5 days battery Women's Health & FitnessTracking Smartwatch,GARMIN,18990,20990,9% off,3.4,22 Ratings & 2 Reviews,"['One small fashionable smartwatch to keep track of your important health stats.' 'See texts calls and calendar reminders on a watch that looks this good? Yeah we did that.' 'Yes this watch tracks your steps sleep stress and energy levels3.' 'Wellness comes easy with apps for yoga walking cardio mindful breathing and more.' ""Don't put life on pause. Go longer between charges with up to 5 days of battery life."" 'With Call Function' 'Touchscreen' 'Fitness & Outdoor']",smart_watch
gazzet 4G Calling mobile -4G watch with bluetooth-Smartwatchs Smartwatch,gazzet,834,1299,35% off,3.1,22 Ratings & 0 Reviews,['With Call Function' 'Touchscreen' 'Fitness & Outdoor Health & Medical Watchphone'],smart_watch
ZEPAD Bluetooth Camera Phone Smartwatch,ZEPAD,899,1999,55% off,3.6,301 Ratings & 25 Reviews,['With Call Function' 'Touchscreen' 'Watchphone Notifier Fitness & Outdoor Safety & Security' 'Battery Runtime: Upto 10 hrs' 'NA'],smart_watch
Hawai sales i7 Pro Max Smart Watch Series 7 For Men & Women (BLACK Free Size) Smartwatch Smartwatch,Hawai,789,1999,60% off,3.4,69 Ratings & 6 Reviews,['With Call Function' 'Touchscreen' 'Fitness & Outdoor Health & Medical Notifier Safety & Security Watchphone' 'Battery Runtime: Upto 5 days'],smart_watch
CHIWAY D20 Bluetooth Smartwatch Touch Screen Bluetooth Smart Watches Smartwatch,CHIWAY,519,1499,65% off,3.1,2715 Ratings & 241 Reviews,['With Call Function' 'Touchscreen' 'Fitness & Outdoor Health & Medical Notifier Safety & Security Watchphone'],smart_watch
HEAVEN T55 Smartwatch,HEAVEN,930,1499,37% off,3.6,105 Ratings & 10 Reviews,['With Call Function' 'Touchscreen' 'Fitness & Outdoor'],smart_watch
GARMIN Venu 2 Plus AMOLED Display Built in Speaker & MIC Upto 9 Days Battery SPO2 Smartwatch,GARMIN,39490,50490,21% off,4.9,7 Ratings & 1 Reviews,"[""Create or respond to text messages hands-free courtesy of your paired smartphone's voice assistant."" ""Health and wellness features give a better look at what's going on inside your body."" 'Find new ways to move your body with more than 25 preloaded sports apps.' 'Store music on the watch for phone-free listening with your wireless headphones.' 'Bright AMOLED display and up to 9 days of battery life? Yes please!' 'With Call Function' 'Touchscreen' 'Fitness & Outdoor']",smart_watch
Shop New A1 Smart Watch - Support SIM/Memory Card/Camera/Bluetooth/Voice Calling Smartwatch,Shop,999,2000,50% off,3.3,54 Ratings & 4 Reviews,['With Call Function' 'Touchscreen' 'Fitness & Outdoor'],smart_watch
TUVOK Calling Android mobile watch with Camera Smartwatch,TUVOK,935,1299,28% off,3.3,756 Ratings & 58 Reviews,['With Call Function' 'Touchscreen' 'Watchphone Notifier Health & Medical Fitness & Outdoor'],smart_watch
Windsales T500 Bluetooth Calling Function Smartwatch,Windsales,745,1499,50% off,3.3,896 Ratings & 127 Reviews,['With Call Function' 'Touchscreen' 'Watchphone Health & Medical Fitness & Outdoor Safety & Security Notifier' 'Battery Runtime: Upto 16 hrs'],smart_watch
BMC Bluetooth Notifier Calling Smart Band Fitness tracker Smartwatch Smartwatch,BMC,949,2999,68% off,3.6,27 Ratings & 4 Reviews,['With Call Function' 'Touchscreen' 'Fitness & Outdoor Health & Medical Notifier Safety & Security Watchphone'],smart_watch
REEPUD Smart Watch Accessories with Camera Touch Screen Sim Card & SD Card Support Smartwatch,REEPUD,899,1999,55% off,3.7,61 Ratings & 9 Reviews,['With Call Function' 'Touchscreen' 'Watchphone Notifier Fitness & Outdoor Safety & Security' 'NA'],smart_watch
LINCTECH Dz09 SMART WATCH FOR BOYS & GIRLS Smartwatch,LINCTECH,899,1999,55% off,3.5,256 Ratings & 25 Reviews,['With Call Function' 'Touchscreen' 'Watchphone Notifier Health & Medical Safety & Security' 'Battery Runtime: Upto 2 days' 'NA'],smart_watch
FitPro T55 Series 7 Smart Watch Enabled with Bluetooth Calling and Fitness Tracker Smartwatch,FitPro,845,5999,85% off,3.5,360 Ratings & 20 Reviews,['With Call Function' 'Touchscreen' 'Watchphone Fitness & Outdoor'],smart_watch
Pebble Cosmos Pro 1.7inch HD display with Bluetooth calling function Smartwatch,Pebble,3999,7999,50% off,4.0,2826 Ratings & 607 Reviews,"['Bluetooth Calling: Answer and make calls with Bluetooth directly from your watch' 'Store Local Music and Use Your voice on the smartwatch to perform tasks with Google Assistant Siri etc.' ""Massive 1.7' HD LCD Display"" 'Remote Camera Control Sedentary and Hydration alerts Weather updates' 'Battery Runtime: Up to 15 days on standby 7 days normal usage and 3 days on calling' 'With Call Function' 'Touchscreen' 'Fitness & Outdoor' 'Battery Runtime: Upto 13 days' '1 Year Replacement Guarantee']",smart_watch
Mytrack Yoga Bluetooth Call Voice Assistance Multi Face Whatsapp Incoming Smartwatch,Mytrack,1615,7995,79% off,3.8,171 Ratings & 12 Reviews,['With Call Function' 'Touchscreen' 'Fitness & Outdoor Watchphone' 'Battery Runtime: Upto 20 days' '1 Year Brand warranty'],smart_watch
IBS gw_190 phone Smartwatch,IBS,901,1999,54% off,3.3,281 Ratings & 43 Reviews,['With Call Function' 'Touchscreen' 'Watchphone'],smart_watch
SKYRISE V8 ADVANCE Smartwatch,SKYRISE,1299,2499,48% off,3.3,177 Ratings & 35 Reviews,['With Call Function' 'Touchscreen' 'Watchphone Notifier Health & Medical Fitness & Outdoor Safety & Security' 'Battery Runtime: Upto 24 hrs'],smart_watch
M-Technologies SMART WATCH Smartwatch,M-Technologies,756,2999,74% off,3.2,365 Ratings & 20 Reviews,['With Call Function' 'Touchscreen' 'Fitness & Outdoor' 'Battery Runtime: Upto 18 hrs'],smart_watch
"Hammer Pulse Ace Pro 1.81"" Large HD Display Bluetooth calling with Multiple Sports Mode Smartwatch",Hammer,1999,4999,60% off,3.7,79 Ratings & 8 Reviews,['With Call Function' 'Touchscreen' 'Fitness & Outdoor' 'Hammer comes with 6 month warranty only in case of manufacturing defects. Product registration is mandatory at Hammeronline.in within 7 days of your purchase to claim the warranty. Customer Care: Email: info@hammeronline.in & Contact No: 9991108081'],smart_watch
Drishna Sales i7 Pro Max Smart Watch Series 7 For Men & Women (BLACK Free Size) Smartwatch Smartwatch,Drishna,799,1999,60% off,3.1,122 Ratings & 13 Reviews,['With Call Function' 'Touchscreen' 'Fitness & Outdoor Health & Medical Notifier Safety & Security Watchphone' 'Battery Runtime: Upto 5 days'],smart_watch
JERK A1 CALLING WEARABLE SMARTWATCH BLACK Smartwatch,JERK,845,1299,34% off,3.2,2064 Ratings & 166 Reviews,['With Call Function' 'Touchscreen' 'Watchphone Notifier Safety & Security Fitness & Outdoor'],smart_watch
Auto Ryde M6 band Smartwatch,Auto,489,999,51% off,3.3,286 Ratings & 19 Reviews,['Touchscreen' 'Fitness & Outdoor' 'Battery Runtime: Upto 4 days' 'NA'],smart_watch
MECKWELL Regular fitness band D18 Smartwatch,MECKWELL,664,999,33% off,2.1,8 Ratings & 0 Reviews,['Touchscreen' 'Fitness & Outdoor Notifier Safety & Security Watchphone' 'NA'],smart_watch
Bymaya ID116 smart fitness band for unisex Smartwatch,Bymaya,419,2299,81% off,3.1,495 Ratings & 23 Reviews,['Touchscreen' 'Fitness & Outdoor' 'Battery Runtime: Upto 15 days' '7 days'],smart_watch
CHIWAY ID-116 Plus Bluetooth Smart Fitness Watch with Active Heart Rate Activity Smartwatch,CHIWAY,399,1299,69% off,3.3,7273 Ratings & 511 Reviews,['Touchscreen' 'Fitness & Outdoor Health & Medical Notifier Safety & Security Watchphone' 'Battery Runtime: Upto 2 days'],smart_watch
Shree Sangarah ID116 Smartwatch,Shree,425,1674,74% off,3.1,339 Ratings & 20 Reviews,['With Call Function' 'Touchscreen' 'Fitness & Outdoor' 'Battery Runtime: Upto 6 hrs' '**ALERT NOTE: Other sellers are selling this same product by copying our brand name Shree Sangarah and providing cheap quality at cheap prices . Please make sure that you select Shree Sangarah seller name before placing your order as we ensure quality and original product before delivering them. Please select Shree Sangarah by clicking view more sellers as we got lots of customer complaints who ordered from other seller regarding cheap product quality.'],smart_watch
SMART 4G SMART ANDROID 4G CALLING MOBILE WATCH Smartwatch,SMART,990,1499,33% off,3.3,533 Ratings & 27 Reviews,['With Call Function' 'Touchscreen' 'Notifier Watchphone Health & Medical Fitness & Outdoor Safety & Security'],smart_watch
GIONEE UFIT 6 Smartwatch,GIONEE,3099,6999,55% off,2.9,14 Ratings & 0 Reviews,['Touchscreen' 'Fitness & Outdoor Health & Medical Notifier Safety & Security Watchphone' 'Battery Runtime: Upto 15 days' '1 Year Warranty on Smartwatch and 6 Months Warranty on Strap'],smart_watch
CrossBeats IGNITE CRUX 1.69 HD Display Spo2 & HR monitoring 200+ Watch Faces Smartwatch,CrossBeats,1799,7999,77% off,3.5,16 Ratings & 2 Reviews,['1.69 HD Display | 200+ watch Faces.*Heart rate Accelerometer SpO2 Multi-motion activity Touch sensor Light sensor. *Notifications - Get Notification from Facebook WhatsApp Instagram E mail. Fitness - yoga Sleeping Running Walking Cycling Basket Ball Football & More.*Slim & Lightweight.*Battery Runtime - Up to 11 days.' 'Touchscreen' 'Health & Medical Notifier Watchphone' 'Battery Runtime: Upto 10 days' '12 Months manufacturer warranty subject to registration.'],smart_watch
Pebble Cosmos Pro 1.7inch HD LCD display with Bluetooth calling function Smartwatch,Pebble,3999,7999,50% off,4.0,2826 Ratings & 607 Reviews,"['Bluetooth Calling: Answer and make calls with Bluetooth directly from your watch' 'Store Local Music and Use Your voice on the smartwatch to perform tasks with Google Assistant Siri etc.' ""Massive 1.7' HD LCD Display"" 'Remote Camera Control Sedentary and Hydration alerts Weather updates' 'Battery Runtime: Up to 15 days on standby 7 days normal usage and 3 days on calling' 'With Call Function' 'Touchscreen' 'Fitness & Outdoor' 'Battery Runtime: Upto 13 days' '1 Year Replacement Guarantee']",smart_watch
DEEP GLOBAL DZ09 Fitness Smartwatch,DEEP,849,1399,39% off,3.4,143 Ratings & 20 Reviews,['With Call Function' 'Touchscreen' 'Fitness & Outdoor' '6 Months Warranty for Manufacturing Defects'],smart_watch
FitPro T500 Smart Watch with Bluetooth Calling Fitness Tracker Steps Counter Smartwatch,FitPro,746,1999,62% off,3.2,62 Ratings & 2 Reviews,['With Call Function' 'Touchscreen' 'Fitness & Outdoor' 'Battery Runtime: Upto 8 hrs' 'NO'],smart_watch
FitPro T55 Dual Belt Heart Rate ECG Smartwatch Smartwatch,FitPro,845,4999,83% off,3.3,479 Ratings & 44 Reviews,['With Call Function' 'Touchscreen' 'Fitness & Outdoor Watchphone Health & Medical' 'Battery Runtime: Upto 24 hrs' 'NO'],smart_watch
Beewear 100%New Arrival Smart Health Tracker Watch Compatible With All Smartphones Smartwatch,Beewear,499,1999,75% off,3.2,3459 Ratings & 182 Reviews,['With Call Function' 'Touchscreen' 'Watchphone'],smart_watch
SMART 4G 4G Camera and Sim Card Support watch Smartwatch,SMART,997,1499,33% off,3.3,1274 Ratings & 82 Reviews,['With Call Function' 'Touchscreen' 'Watchphone Notifier Health & Medical Fitness & Outdoor Safety & Security'],smart_watch
GARMIN Venu Sq Music Smartwatch Advanced Sleep Monitoring Upto 6 Days Battery SPO2 Smartwatch,GARMIN,20990,25990,19% off,4.4,21 Ratings & 0 Reviews,"[""On-the-wrist health and wellness monitoring doesn't get more thorough than this."" 'Leave the phone at home. Your favorite music and playlists are right on your watch.' 'Run walk bike golf - choose from more than 20 preloaded sports apps.' 'Let the watch plan workouts for you including yoga strength cardio even Pilates.' 'Bright color display and up to 6 days of battery life? Yep - two more reasons to love this watch.' 'With Call Function' 'Touchscreen' 'Notifier Fitness & Outdoor' 'Battery Runtime: Upto 6 days' '1 year']",smart_watch
IBS gw_135 phone Smartwatch,IBS,901,1999,54% off,3.3,281 Ratings & 43 Reviews,['With Call Function' 'Touchscreen' 'Watchphone'],smart_watch
nkk ID 116 FIT PRO Smartwatch (Black Strap SMALL) Smartwatch,nkk,485,1999,75% off,3.5,13 Ratings & 1 Reviews,['Touchscreen' 'Fitness & Outdoor Health & Medical Notifier Safety & Security Watchphone'],smart_watch
MindsArt T500 M.I Watch With Bluetooth Connectivity Functions Smartwatch,MindsArt,749,1499,50% off,3.5,544 Ratings & 69 Reviews,['With Call Function' 'Touchscreen' 'Fitness & Outdoor Health & Medical Notifier Safety & Security Watchphone' 'Battery Runtime: Upto 12 hrs'],smart_watch
Emmqura ID-116 Fitness Frequency Monitor Band Smartwatch,Emmqura,499,1262,60% off,3.4,82 Ratings & 5 Reviews,['With Call Function' 'Touchscreen' 'Health & Medical Fitness & Outdoor'],smart_watch
IBS gw_114 phone Smartwatch,IBS,901,1999,54% off,3.3,281 Ratings & 43 Reviews,['With Call Function' 'Touchscreen' 'Watchphone'],smart_watch
TXOR LEXY 35mm Screen with SPO2 and BP Monitor Round Smartwatch,TXOR,719,1499,52% off,2.7,601 Ratings & 37 Reviews,['Touchscreen' 'Fitness & Outdoor' 'Battery Runtime: Upto 8 days' 'NA'],smart_watch
Lastpoint 4G Camera and Sim Card Support watch Smartwatch,Lastpoint,798,1499,46% off,3.2,1748 Ratings & 151 Reviews,['With Call Function' 'Touchscreen' 'Watchphone Health & Medical Notifier Safety & Security Fitness & Outdoor' 'Battery Runtime: Upto 18 hrs'],smart_watch
SCHN T500 Fitness Smartwatch For all Smartphones Smartwatch,SCHN,749,1499,50% off,3.3,7 Ratings & 0 Reviews,['With Call Function' 'Touchscreen' 'Fitness & Outdoor'],smart_watch
FOSSIL Q Venture Smartwatch,FOSSIL,19999,21995,9% off,3.8,51 Ratings & 2 Reviews,['Android Wear 2.0' 'Activity Tracking Sleep Tracking Calorie Count' 'Notifications - Call Text Alarm Calendar Email Social Media' 'Wireless Charging' 'LED Flashlight' 'Auto Update Time and Date' 'Customisable Watch Faces' 'Interchangeable Watch Bands' 'Touchscreen' 'Notifier' 'Battery Runtime: Upto 24 hrs' '2 Years Warranty'],smart_watch
SMART DZ Notifier Health Smartwatch,SMART,999,1999,50% off,3.3,286 Ratings & 34 Reviews,['With Call Function' 'Touchscreen' 'Watchphone Notifier Health & Medical Fitness & Outdoor'],smart_watch
IBS gw_219 phone Smartwatch,IBS,901,1999,54% off,3.3,281 Ratings & 43 Reviews,['With Call Function' 'Touchscreen' 'Watchphone'],smart_watch
GARMIN Forerunner 745 GPS Multisport Watch Training Stats Advanced Running Dynamics Smartwatch,GARMIN,34990,51990,32% off,5.0,5 Ratings & 1 Reviews,['Swim bike run tri - do it all with preloaded activity profiles.' 'Performance Monitoring\nObsessed with stats? This watch is too. Get VO2 max training load and more at your fingertips.' 'Workouts\nGet daily workout suggestions just for you based on your recent training.' 'Music\nThe right tunes are essential. Sync your favorite music right to your watch.' 'Battery\nHave enough juice for any race. Get up to 6 hours in GPS mode with music.' 'With Call Function' 'Fitness & Outdoor Notifier' 'Battery Runtime: Upto 7 days' '1 year'],smart_watch
Autofasters T500 Bluetooth Calling Function Smartwatch,Autofasters,899,3999,77% off,3.1,271 Ratings & 38 Reviews,['With Call Function' 'Touchscreen' 'Watchphone Health & Medical Fitness & Outdoor Safety & Security Notifier' 'Battery Runtime: Upto 16 hrs'],smart_watch
FitPro SMART T55 CALLING WATCH WITH 44MM BRIGHT DISPLAY AND 2 TYPE OF STRAP Smartwatch,FitPro,844,6299,86% off,3.4,913 Ratings & 72 Reviews,['With Call Function' 'Touchscreen' 'Health & Medical' 'Battery Runtime: Upto 15 days'],smart_watch
GARMIN Instinct Solar Rugged Outdoor Smartwatch Multi GNSS TracBack ABC Sensor Smartwatch,GARMIN,34990,41490,15% off,4.3,18 Ratings & 2 Reviews,['Experience unprecedented battery life with solar charging.' 'Military standard toughness lets you play rough without worry.' 'GPS GLONASS and Galileo. Your 3 best friends in the wild.' 'Train smarter with built-in sports apps right on your wrist.' 'Do more. Charge less. Get up to 54 days in smartwatch mode.' 'With Call Function' 'Fitness & Outdoor Notifier' 'Battery Runtime: Upto 45 days' '2 year'],smart_watch
GPQ STORE GPQ STORE ID116 Advance Sleep Monitor Step Count Smart Watch (A28) Smartwatch,GPQ,499,1999,75% off,3.5,38 Ratings & 8 Reviews,['Touchscreen' 'Fitness & Outdoor' 'Battery Runtime: Upto 24 hrs' '**ALERT NOTE: Other sellers are selling this same product by copying our brand name GPQ STORE and providing cheap quality at cheap prices . Please make sure that you select GPQ STORE seller name before placing your order as we ensure quality and original product before delivering them. Please select GPQ STORE by clicking view more sellers as we got lots of customer complaints who ordered from other seller regarding cheap product quality.'],smart_watch
Realme Classic Watch,Realme,4799,6999,31% off,4.0,82483 Ratings & 10047 Reviews,['3.5 cm (1.4 inch) Large Color Touch Screen' 'Real Time Heart Rate Monitor | Blood Oxygen Level Monitor (SpO2) | Intelligent Activity Tracker (14 Sports Modes) | IP68 Water Resistant' 'Smart Notifications for SMS Calls WhatsApp and Other Apps' 'Upto 9 Day Battery Life' 'Smart Connect - Control Your Phone Camera and Music from Your Watch' 'Realme Link App - Get All Your Fitness Data on Your Phone Seamlessly (Only for Android)' 'Touchscreen' 'Fitness & Outdoor' 'Battery Runtime: Upto 9 days' '1 Year Manufacturer Warranty'],smart_watch
AYANSHENTRPRISE ID116 Smartwatch,AYANSHENTRPRISE,449,2999,85% off,3.3,9746 Ratings & 649 Reviews,['With Call Function' 'Touchscreen' 'Fitness & Outdoor'],smart_watch
AeoFit Polaris Pro Bluetooth Calling Smartwatch,AeoFit,2499,5299,52% off,3.7,233 Ratings & 20 Reviews,['1.28 inch Full touch display' 'Compatible with Andriod and iOS' 'Battery Usage Runtime upto 5 days' 'Bluetooth call and music support' 'Blood Oxygen (SpO2) monitor' 'Heart rate Blood pressure and Sleep monitor' 'Sports Mode: Walking Running Climbing' 'Swimming cycling etc' 'IP67 Water resistant' 'Alarm Stop watch Timer Pedometer Low battery reminder' 'With Call Function' 'Touchscreen' 'Fitness & Outdoor Notifier Health & Medical' 'Battery Runtime: Upto 5 days' '1 Year Manufacturer Defects Warranty'],smart_watch
WONDERWORLD ®Dz09 All in 1 Unlocked Watch Cell Phone Smartwatch,WONDERWORLD,819,1399,41% off,3.4,294 Ratings & 14 Reviews,['With Call Function' 'Touchscreen' 'Watchphone Notifier Safety & Security Fitness & Outdoor Health & Medical' 'Wonder World 1¢ year Replacement Warrenty'],smart_watch
HiWatch watch Smartwatch,HiWatch,1139,5999,81% off,3.3,8 Ratings & 0 Reviews,['With Call Function' 'Touchscreen' 'Fitness & Outdoor Health & Medical Notifier Watchphone'],smart_watch
Thomson 9R PRO 108 cm (43 inch) Ultra HD (4K) LED Smart Android TV,Thomson,19999,33999,41% off,4.4,15183 Ratings & 3547 Reviews,['Operating System: Android' 'Ultra HD (4K) 3840 x 2160 Pixels' '1 Year Warranty on Product and 6 Months on Accessories'],tv
SAMSUNG Crystal 4K Neo Series 138 cm (55 inch) Ultra HD (4K) LED Smart Tizen TV with (Black) (2022 Mod...,SAMSUNG,46999,70900,33% off,4.4,15280 Ratings & 1651 Reviews,['Operating System: Tizen' 'Ultra HD (4K) Crystal 4K FE UHD (3840 x 2160) Pixels' '1 Year Comprehensive Warranty on Product and 1 Year Additional on Panel'],tv
SAMSUNG 80 cm (32 Inch) HD Ready LED Smart Tizen TV with 2022 Model,SAMSUNG,12990,18900,31% off,4.3,73617 Ratings & 6551 Reviews,['Operating System: Tizen' 'HD Ready 1366 x 768 Pixels' '1 Year Comprehensive Warranty on Product and 1 Year Additional on Panel'],tv
Mi 5A 80 cm (32 inch) HD Ready LED Smart Android TV with Dolby Audio (2022 Model),Mi,12999,24999,48% off,4.4,329264 Ratings & 31298 Reviews,['Operating System: Android' 'HD Ready 1366 x 768 Pixels' '1 Year Warranty on Product and 2 Years for Panel'],tv
Thomson Alpha 80 cm (32 inch) HD Ready LED Smart Linux TV with 30 W Sound Output & Bezel-Less Design,Thomson,7999,14999,46% off,4.5,7220 Ratings & 1294 Reviews,['Operating System: Linux' 'HD Ready 1366 x 768 Pixels' '1 Year Warranty on Product and 6 Months on Accessories'],tv
realme 80 cm (32 inch) HD Ready LED Smart Android TV,realme,11999,17999,33% off,4.3,237671 Ratings & 26878 Reviews,['Operating System: Android' 'HD Ready 1366 x 768 Pixels' '1 Year Domestic Warranty 2 Years on Panel'],tv
Vu 108 cm (43 inch) Ultra HD (4K) LED Smart WebOS TV,Vu,19999,40000,50% off,4.4,24776 Ratings & 3858 Reviews,['Operating System: WebOS' 'Ultra HD (4K) 3840 x 2160 Pixels' '1 Year Domestic Warranty from Vu'],tv
LG 80 cm (32 inch) HD Ready LED Smart TV,LG,23247,28000,16% off,4.2,71 Ratings & 9 Reviews,['HD Ready 1366 x 768 Pixels' '1 Year LG India Comprehensive Warranty and additional 1 year Warranty is applicable on panel/module'],tv
LG 80 cm (32 inch) HD Ready LED Smart WebOS TV,LG,13490,21990,38% off,4.4,49451 Ratings & 4401 Reviews,['Operating System: WebOS' 'HD Ready 1366 x 768 Pixels' '1 Year LG India Comprehensive Warranty and additional 1 year Warranty is applicable on Panel/Module from the date of purchase.'],tv
realme 100.3 cm (40 inch) Full HD LED Smart Android TV with Android 11 - 2022 Model,realme,17999,31999,43% off,4.3,237671 Ratings & 26878 Reviews,['Operating System: Android' 'Full HD 1920 x 1080 Pixels' '1 Year Domestic Warranty on Product and 2 Years on Panel'],tv
Thomson 9R PRO 139 cm (55 inch) Ultra HD (4K) LED Smart Android TV,Thomson,28999,46999,38% off,4.4,15183 Ratings & 3547 Reviews,['Operating System: Android' 'Ultra HD (4K) 3840 x 2160 Pixels' '1 Year Warranty on Product and 6 Months on Accessories'],tv
Thomson 9R PRO 126 cm (50 inch) Ultra HD (4K) LED Smart Android TV,Thomson,25999,42999,39% off,4.4,15183 Ratings & 3547 Reviews,['Operating System: Android' 'Ultra HD (4K) 3840 x 2160 Pixels' '1 Year Warranty on Product and 6 Months on Accessories'],tv
Vu GloLED 108 cm (43 inch) Ultra HD (4K) LED Smart Google TV with DJ Subwoofer 84W,Vu,25999,40000,35% off,4.4,5606 Ratings & 1061 Reviews,['Operating System: Google TV' 'Ultra HD (4K) 3840 x 2160 Pixels' '1 Year Domestic Warranty from Vu'],tv
OnePlus Y1 100 cm (40 inch) Full HD LED Smart Android TV with Dolby Audio,OnePlus,21999,27999,21% off,4.3,137565 Ratings & 12704 Reviews,['Operating System: Android' 'Full HD 1920 x 1080 Pixels' '1 Year Warranty on Product and 1 Year Additional Warranty for Panel'],tv
Infinix Y1 80 cm (32 inch) HD Ready LED Smart Linux TV with Wall Mount,Infinix,8999,16999,47% off,4.2,10905 Ratings & 1599 Reviews,['Operating System: Linux' 'HD Ready 1366 x 768 Pixels' '1 Year Domestic Warranty'],tv
realme NEO 80 cm (32 inch) HD Ready LED Smart Linux TV,realme,10999,21999,50% off,4.3,34839 Ratings & 3049 Reviews,['Operating System: Linux' 'HD Ready 1366 x 768 Pixels' '1 Year Warranty on Product and 2 Years Warranty on the Display Panel'],tv
SAMSUNG Crystal 4K 138 cm (55 inch) Ultra HD (4K) LED Smart Tizen TV,SAMSUNG,45999,69900,34% off,4.3,11689 Ratings & 1193 Reviews,['Operating System: Tizen' 'Ultra HD (4K) 3840 x 2160 Pixels' '1 Year Comprehensive Warranty on Product and 1 Year Additional on Panel'],tv
SAMSUNG The Frame 138 cm (55 inch) QLED Ultra HD (4K) Smart Tizen TV,SAMSUNG,91990,144900,36% off,4.2,1379 Ratings & 179 Reviews,['Operating System: Tizen' 'Ultra HD (4K) 3840 x 2160 Pixels' '1 Year Comprehensive Warranty on Product and 1 Year Additional on Panel'],tv
Mi 5A 100 cm (40 inch) Full HD LED Smart Android TV with Dolby Audio (2022 Model),Mi,20999,29999,30% off,4.4,329264 Ratings & 31298 Reviews,['Operating System: Android' 'Full HD 1920 x 1080 Pixels' '1 Year Warranty on Product and 2 Years for Panel'],tv
SAMSUNG Crystal 4K Neo Series 108 cm (43 inch) Ultra HD (4K) LED Smart Tizen TV with (Black) (2022 Mod...,SAMSUNG,31990,47900,33% off,4.4,15280 Ratings & 1651 Reviews,['Operating System: Tizen' 'Ultra HD (4K) Crystal 4K FE UHD (3840 x 2160) Pixels' '1 Year Comprehensive Warranty on Product and 1 Year Additional on Panel'],tv
Adsun Smart Series 60 cm (24 inch) HD Ready LED Smart Android Based TV,Adsun,6599,18999,65% off,3.9,14297 Ratings & 2153 Reviews,['Operating System: Android Based' 'HD Ready 1366 x 768 Pixels' '3 Years Standard Manufacturer Warranty from Adsun'],tv
Thomson OATHPRO Max 126 cm (50 inch) Ultra HD (4K) LED Smart Android TV with Dolby MS12 & 40W Speakers,Thomson,27999,46999,40% off,4.5,28566 Ratings & 7417 Reviews,['Operating System: Android' 'Ultra HD (4K) 3840 x 2160 Pixels' '1 Year Warranty on Product and 6 Months on Accessories'],tv
Thomson 9A Series 80 cm (32 inch) HD Ready LED Smart Android TV,Thomson,8999,14499,37% off,4.4,88179 Ratings & 18468 Reviews,['Operating System: Android' 'HD Ready 1366 x 768 Pixels' '1 Year Warranty on Product & 6 Months on Accessories'],tv
OnePlus Y1S 108 cm (43 inch) Full HD LED Smart Android TV with Android 11 and Bezel-Less Frame,OnePlus,24999,31999,21% off,4.3,137565 Ratings & 12704 Reviews,['Operating System: Android' 'Full HD 1920 x 1080 Pixels' '1 Year Comprehensive Warranty and Additional 1 Year on Panel Provided By the Manufacturer From Date of Purchase'],tv
OnePlus Y1S 80 cm (32 inch) HD Ready LED Smart Android TV with Android 11 and Bezel-Less Frame,OnePlus,15999,21999,27% off,4.3,137565 Ratings & 12704 Reviews,['Operating System: Android' 'HD Ready 1366 x 768 Pixels' '1 Year Comprehensive Warranty and Additional 1 Year on Panel Provided By the Manufacturer From Date of Purchase'],tv
Vu GloLED 164 cm (65 inch) Ultra HD (4K) LED Smart Google TV with DJ Subwoofer 104W,Vu,52999,85000,37% off,4.4,5606 Ratings & 1061 Reviews,['Operating System: Google TV' 'Ultra HD (4K) 3840 x 2160 Pixels' '1 Year Domestic Warranty'],tv
OnePlus Y1S Pro 138 cm (55 inch) Ultra HD (4K) LED Smart Android TV,OnePlus,39999,49999,20% off,4.0,19 Ratings & 0 Reviews,['Operating System: Android' 'Ultra HD (4K) 3840 x 2160 Pixels' '1 Year Comprehensive Warranty on Product and Additional 1 Year Warranty on Panel Provided by the Manufacturer from the Date of Purchase'],tv
SONY Bravia 125.7 cm (50 inch) Ultra HD (4K) LED Smart Google TV,SONY,52999,85900,38% off,4.6,2738 Ratings & 550 Reviews,"['Operating System: Google TV' 'Ultra HD (4K) 3840 x 2160 Pixels' ""1 year Comprehensive warranty by the manufacture from the date of purchase | Contact Brand toll free number for assistance and provide product's model name and seller's details mentioned on your invoice. The service center will allot you a convenient slot for the service.""]",tv
Adsun Frameless 80 cm (32 inch) HD Ready LED Smart Android Based TV,Adsun,7999,29999,73% off,3.9,14297 Ratings & 2153 Reviews,['Operating System: Android Based' 'HD Ready 1366 x 768 Pixels' '3 Years Standard Manufacturer Warranty from Adsun'],tv
iFFALCON by TCL 79.97 cm (32 inch) HD Ready LED TV,iFFALCON,7499,18990,60% off,4.2,1557 Ratings & 150 Reviews,['HD Ready 1366 x 768 Pixels' '1 Year Warranty on Product'],tv
Blaupunkt 139 cm (55 inch) QLED Ultra HD (4K) Smart Google TV With Dolby Atmos & Far-Field Mic,Blaupunkt,40999,59999,31% off,4.7,641 Ratings & 170 Reviews,['Operating System: Google TV' 'Ultra HD (4K) 3840 x 2160 Pixels' '1 Year Warranty on Product and 6 Months on Accessories'],tv
MarQ by Flipkart 60 cm (24 inch) HD Ready LED TV,MarQ,5499,14999,63% off,4.2,1861 Ratings & 222 Reviews,['HD Ready 1366 x 768 Pixels' '1 Year Warranty'],tv
Infinix Y1 109 cm (43 inch) Full HD LED Smart Linux TV with Wall Mount,Infinix,15490,24999,38% off,4.2,10905 Ratings & 1599 Reviews,['Operating System: Linux' 'Full HD 1920 x 1080 Pixels' '1 Year Warranty on Product'],tv
Thomson OATHPRO Max 139 cm (55 inch) Ultra HD (4K) LED Smart Android TV with Dolby MS12 & 40W Speakers,Thomson,29999,54999,45% off,4.5,28566 Ratings & 7417 Reviews,['Operating System: Android' 'Ultra HD (4K) 3840 x 2160 Pixels' '1 Year Warranty on Product and 6 Months on Accessories'],tv
Mi 4A Horizon Edition 100 cm (40 inch) Full HD LED Smart Android TV with 20W Powerful Audio & Bezel-le...,Mi,19999,29999,33% off,4.3,37571 Ratings & 3302 Reviews,['Operating System: Android' 'Full HD 1920 x 1080 Pixels' '1 Year Warranty and 2 Years For Panel'],tv
Thomson 9A Series 108 cm (43 inch) Full HD LED Smart Android TV with Bezel Less Display,Thomson,15999,29999,46% off,4.4,88179 Ratings & 18468 Reviews,['Operating System: Android' 'Full HD 1920 x 1080 Pixels' '1 Year Warranty on Product & 6 Months on Accessories'],tv
SAMSUNG Crystal 4K Pro 108 cm (43 inch) Ultra HD (4K) LED Smart Tizen TV with Voice Search,SAMSUNG,32990,54900,39% off,4.4,15280 Ratings & 1651 Reviews,['Operating System: Tizen' 'Ultra HD (4K) 3840 x 2160 Pixels' '1 Year Comprehensive Warranty on Product and 1 Year Additional on Panel'],tv
SAMSUNG Crystal 4K 108 cm (43 inch) Ultra HD (4K) LED Smart Tizen TV,SAMSUNG,30990,52900,41% off,4.3,11689 Ratings & 1193 Reviews,['Operating System: Tizen' 'Ultra HD (4K) 3840 x 2160 Pixels' '1 Year Comprehensive Warranty on Product and 1 Year Additional on Panel'],tv
LG 80 cm (32 inch) HD Ready LED Smart WebOS TV with Alpha5 Gen5 AI Processor | (Ceramic Black) (2022 M...,LG,15490,23990,35% off,4.4,1360 Ratings & 189 Reviews,['Operating System: WebOS' 'HD Ready 1366 x 768 Pixels' '1 Year LG India Comprehensive Warranty and additional 1 year Warranty is applicable on Panel/Module from the date of purchase.'],tv
realme 108 cm (43 inch) Ultra HD (4K) LED Smart Android TV with Handsfree Voice Search and Dolby Visio...,realme,25999,32999,21% off,4.3,32530 Ratings & 3710 Reviews,['Operating System: Android' 'Ultra HD (4K) 3840 x 2160 Pixels' '1 Year Warranty On TV and 2 Years Warranty On The Display Panel'],tv
iFFALCON by TCL K61 164 cm (65 inch) Ultra HD (4K) LED Smart Android TV,iFFALCON,44999,106990,57% off,4.3,24208 Ratings & 3320 Reviews,['Operating System: Android' 'Ultra HD (4K) 3840 x 2160 Pixels' '1 Year Warranty on Product'],tv
Vu GloLED 126 cm (50 inch) Ultra HD (4K) LED Smart Google TV with DJ Subwoofer 104W,Vu,32999,55000,40% off,4.4,5606 Ratings & 1061 Reviews,['Operating System: Google TV' 'Ultra HD (4K) 3840 x 2160 Pixels' '1 Year Domestic Warranty'],tv
Blaupunkt Cybersound 106 cm (42 inch) Full HD LED Smart Android TV with 40W Speaker,Blaupunkt,15999,29999,46% off,4.4,10127 Ratings & 2294 Reviews,['Operating System: Android' 'Full HD 1920 x 1080 Pixels' '1 Year Warranty on Product & 6 Months on Accessories'],tv
Mi 5X 125.7 cm (50 inch) Ultra HD (4K) LED Smart Android TV with Dolby Vision & 40W Dolby Atmos,Mi,40999,59999,31% off,4.3,49297 Ratings & 4517 Reviews,['Operating System: Android' 'Ultra HD (4K) 3840 x 2160 Pixels' '1 Year Warranty and 2 Years for Panel'],tv
Hisense A6H 108 cm (43 inch) Ultra HD (4K) LED Smart Google TV with Hands Free Voice Control Dolby Vi...,Hisense,27999,44990,37% off,3.9,18 Ratings & 0 Reviews,['Operating System: Google TV' 'Ultra HD (4K) 3840 x 2160 Pixels' '2 Years Warranty on Product and Panel'],tv
Adsun 80 cm (32 inch) HD Ready LED Smart Android Based TV,Adsun,7999,21999,63% off,3.9,14297 Ratings & 2153 Reviews,['Operating System: Android Based' 'HD Ready 1366 x 768 Pixels' '3 Years of warranty'],tv
Compaq 127 cm (50 inch) Ultra HD (4K) LED Smart Android TV,Compaq,23999,43999,45% off,4.2,887 Ratings & 157 Reviews,['Operating System: Android' 'Ultra HD (4K) 3840 x 2160 Pixels' '1 Year Warranty on Product'],tv
LG UQ7500 139 cm (55 inch) Ultra HD (4K) LED Smart WebOS TV 2022 Edition,LG,47999,71990,33% off,4.4,11059 Ratings & 1366 Reviews,['Operating System: WebOS' 'Ultra HD (4K) 3840 x 2160 Pixels' '1 Year LG India Comprehensive Warranty and additional 1 year Warranty is applicable on Panel/Module from the date of purchase.'],tv
SONY Bravia 108 cm (43 inch) Ultra HD (4K) LED Smart Google TV,SONY,44999,69900,35% off,4.6,2738 Ratings & 550 Reviews,"['Operating System: Google TV' 'Ultra HD (4K) 3840 x 2160 Pixels' ""1 year Comprehensive warranty by the manufacture from the date of purchase | Contact Brand toll free number for assistance and provide product's model name and seller's details mentioned on your invoice. The service center will allot you a convenient slot for the service.""]",tv
Vu Premium 108 cm (43 inch) Ultra HD (4K) LED Smart Android TV,Vu,24999,45000,44% off,4.4,24776 Ratings & 3858 Reviews,['Operating System: Android' 'Ultra HD (4K) 3840 x 2160 Pixels' '1 Year Domestic Warranty'],tv
Dyanora 60 cm (24 inch) HD Ready LED TV with Noise Reduction Cinema Zoom Powerful Audio Box Speakers,Dyanora,5599,10999,49% off,4.1,4635 Ratings & 658 Reviews,['HD Ready 1366 x 768 Pixels' '1 Year Manufacturer Warranty from the Date of Purchase'],tv
Dyanora 60 cm (24 inch) HD Ready LED Smart Android Based TV with Noise Reduction Android 9.0 Powerfu...,Dyanora,6499,12499,48% off,4.1,4635 Ratings & 658 Reviews,['Operating System: Android Based' 'HD Ready 1366 x 768 Pixels' '1 Year Manufacturer Warranty from the Date of Purchase from Dyanora'],tv
TOSHIBA C350LP Series 126 cm (50 inch) Ultra HD (4K) LED Smart Google TV with Dolby Vision Atmos and R...,TOSHIBA,33990,54990,38% off,4.2,224 Ratings & 44 Reviews,['Operating System: Google TV' 'Ultra HD (4K) 3840 x 2160 Pixels' '2 Years Warranty on Product and Panel'],tv
Thomson R9 80 cm (32 inch) HD Ready LED TV,Thomson,7499,14990,49% off,4.1,58531 Ratings & 8387 Reviews,['HD Ready 1366 x 768 Pixels' '1 Year Warranty on Product & 6 Months on Accessories'],tv
MOTOROLA Revou 2 109 cm (43 inch) Ultra HD (4K) LED Smart Android TV with Sound by boAt and Dolby Visi...,MOTOROLA,23749,39000,39% off,4.3,2410 Ratings & 352 Reviews,['Operating System: Android' 'Ultra HD (4K) 3840 x 2160 Pixels' '1 Year Warranty on Product'],tv
MarQ By Flipkart 80 cm (32 inch) HD Ready LED TV,MarQ,8549,19999,57% off,4.2,8938 Ratings & 1088 Reviews,['HD Ready 1366 X 768 Pixels' '1 Year Warranty on Product'],tv
MOTOROLA Revou 2 127 cm (50 inch) Ultra HD (4K) LED Smart Android TV with Dolby Atmos and Dolby Vision,MOTOROLA,27999,52000,46% off,4.3,1409 Ratings & 207 Reviews,['Operating System: Android' 'Ultra HD (4K) 3840 x 2160 Pixels' '1 Year Warranty on Product'],tv
Vu 139 cm (55 inch) QLED Ultra HD (4K) Smart Android TV,Vu,39999,65000,38% off,4.3,430 Ratings & 84 Reviews,['Operating System: Android' 'Ultra HD (4K) 3840 x 2160 Pixels' '1 Year Warranty'],tv
KODAK CA Series 108 cm (43 inch) Ultra HD (4K) LED Smart Android TV with Dolby Digital Plus & DTS TruS...,KODAK,20999,37999,44% off,4.5,19605 Ratings & 5819 Reviews,['Operating System: Android' 'Ultra HD (4K) 3840X2160 Pixels' '1 Year Warranty on Product & 6 Months on Accessories'],tv
Blaupunkt Cybersound 98 cm (40 Inch) HD Ready LED Smart Android TV with 40W Speaker,Blaupunkt,14999,23999,37% off,4.4,10127 Ratings & 2294 Reviews,['Operating System: Android' 'HD Ready 1366 x 768 Pixels' '1 Year Warranty on Product and 6 Months on Accessories'],tv
SAMSUNG 80 cm (32 inch) HD Ready LED Smart Tizen TV with Voice Search,SAMSUNG,15990,20900,23% off,4.3,8591 Ratings & 912 Reviews,['Operating System: Tizen' 'HD Ready 1366 x 768 Pixels' '1 Year Comprehensive Warranty on Product and 1 Year Additional on Panel'],tv
Mi X Series 138 cm (55 inch) Ultra HD (4K) LED Smart Android TV with Dolby Vision & 30W Dolby Audio (2...,Mi,39999,54999,27% off,4.4,4107 Ratings & 389 Reviews,['Operating System: Android' 'Ultra HD (4K) 3840 x 2160 Pixels' '1 Year Warranty 2 Years for Panel'],tv
Sansui 109 cm (43 inch) Full HD LED Smart Android TV with Voice Search Smart Remote (Midnight Black) (...,Sansui,20999,33990,38% off,4.2,147 Ratings & 22 Reviews,['Operating System: Android' 'Full HD 1920 x 1080 Pixels' '1 Year Comprehensive Warranty on Product and Additional 1 Year Warranty on Panel'],tv
Thomson OATHPRO Max 108 cm (43 inch) Ultra HD (4K) LED Smart Android TV with Dolby MS12 & 40W Speakers,Thomson,23999,39999,40% off,4.5,28566 Ratings & 7417 Reviews,['Operating System: Android' 'Ultra HD (4K) 3840 x 2160 Pixels' '1 Year Warranty on Product and 6 Months on Accessories'],tv
realme 80 cm (32 inch) Full HD LED Smart Android TV,realme,15499,23999,35% off,4.2,9594 Ratings & 1282 Reviews,['Operating System: Android' 'Full HD 1080 x 1920 Pixels' '1 Year Warranty on TV and 2 Years Warranty on the Display Panel'],tv
iFFALCON by TCL F53 100 cm (40 inch) Full HD LED Smart Android TV with Android 11,iFFALCON,15999,36990,56% off,4.2,1288 Ratings & 174 Reviews,['Operating System: Android' 'Full HD 1920 x 1080 Pixels' '1 Year Warranty on Product'],tv
Mi 5A Pro 80 cm (32 inch) HD Ready LED Smart Android TV with 24W Dolby Audio & 1.5GB RAM (2022 Model),Mi,16149,25999,37% off,4.3,202 Ratings & 16 Reviews,['Operating System: Android' 'HD Ready 1366 x 768 Pixels' '1 Year Product Warranty and 1 Year Additional on Panel'],tv
Mi 4A Horizon Edition 108 cm (43 inch) Full HD LED Smart Android TV,Mi,21999,31999,31% off,4.3,37571 Ratings & 3302 Reviews,['Operating System: Android' 'Full HD 1920 x 1080 Pixels' '1 Year Warranty and 2 Years for Panel'],tv
Mi 5X 138.8 cm (55 inch) Ultra HD (4K) LED Smart Android TV with Dolby Vision & 40W Dolby Atmos,Mi,49499,69999,29% off,4.3,49297 Ratings & 4517 Reviews,['Operating System: Android' 'Ultra HD (4K) 3840 x 2160 Pixels' '1 Year Warranty and 2 Years for Panel'],tv
SONY X75K 125.7 cm (50 inch) Ultra HD (4K) LED Smart Google TV with Google TV,SONY,55679,86318,35% off,4.3,22 Ratings & 5 Reviews,"['Operating System: Google TV' 'Ultra HD (4K) 3840 x 2160 Pixels' ""1 year Comprehensive warranty by the manufacture from the date of purchase | Contact Brand toll free number for assistance and provide product's model name and seller's details mentioned on your invoice. The service center will allot you a convenient slot for the service.""]",tv
MOTOROLA Revou 2 139 cm (55 inch) Ultra HD (4K) LED Smart Android TV with Dolby Atmos and Dolby Vision,MOTOROLA,34999,72000,51% off,4.3,1409 Ratings & 207 Reviews,['Operating System: Android' 'Ultra HD (4K) 3840 x 2160 Pixels' '1 Year Warranty on Product'],tv
Hisense A6H 139 cm (55 inch) Ultra HD (4K) LED Smart Google TV with Hands Free Voice Control Dolby Vi...,Hisense,38990,59990,35% off,3.9,18 Ratings & 0 Reviews,['Operating System: Google TV' 'Ultra HD (4K) 3840 x 2160 Pixels' '2 Years Warranty on Product and Panel'],tv
KODAK X900 80 cm (32 inch) HD Ready LED TV,KODAK,7499,15999,53% off,4.1,15262 Ratings & 2396 Reviews,['HD Ready 1366 x 768 Pixels' '1 Year Warranty on Product & 6 Months on Accessories'],tv
Hisense A4G Series 80 cm (32 inch) HD Ready LED Smart Android TV with DTS Virtual X,Hisense,13490,24990,46% off,4.1,153 Ratings & 27 Reviews,['Operating System: Android' 'HD Ready 1366 x 768 Pixels' '1 Year Comprehensive Warranty'],tv
KODAK 7XPRO Series 80 cm (32 inch) HD Ready LED Smart Android TV,KODAK,9499,18499,48% off,4.4,37030 Ratings & 8147 Reviews,['Operating System: Android' 'HD Ready 1366 x 768 Pixels' '1 Year Warranty on Product & 6 Months on Accessories'],tv
Thomson 9A Series 106 cm (42 inch) Full HD LED Smart Android TV,Thomson,16999,27999,39% off,4.4,88179 Ratings & 18468 Reviews,['Operating System: Android' 'Full HD 1920 x 1080 Pixels' '1 Year Warranty on Product & 6 Months on Accessories'],tv
Compaq 80 cm (32 inch) HD Ready LED Smart Coolita TV,Compaq,9499,17999,47% off,4.0,162 Ratings & 20 Reviews,['Operating System: Coolita' 'HD Ready 1366 x 768 Pixels' '1 Year Warranty on Product'],tv
OnePlus U1S 164 cm (65 inch) Ultra HD (4K) LED Smart Android TV with Far field and Dolby Audio,OnePlus,61999,69999,11% off,4.4,13914 Ratings & 1466 Reviews,['Operating System: Android' 'Ultra HD (4K) 3840 x 2160 Pixels' '1 year warranty on product and 1 year warranty on panel'],tv
KODAK CA Series 139 cm (55 inch) Ultra HD (4K) LED Smart Android TV with Dolby Digital Plus & DTS TruS...,KODAK,29999,47999,37% off,4.5,19605 Ratings & 5819 Reviews,['Operating System: Android' 'Ultra HD (4K) 3840X2160 Pixels' '1 Year Warranty on Product & 6 Months on Accessories'],tv
iFFALCON by TCL U62 126 cm (50 inch) Ultra HD (4K) LED Smart Google TV,iFFALCON,29999,60990,50% off,4.4,202 Ratings & 31 Reviews,['Operating System: Google TV' 'Ultra HD (4K) 3840 x 2160 Pixels' '1 Year Warranty on Product'],tv
Infinix X3 126 cm (50 inch) Ultra HD (4K) LED Smart Android TV,Infinix,26999,39999,32% off,4.3,460 Ratings & 88 Reviews,['Operating System: Android' 'Ultra HD (4K) 3840 x 2160 Pixels' '1 Year Domestic Warranty'],tv
SONY Bravia 163.9 cm (65 inch) Ultra HD (4K) LED Smart Google TV with Google TV,SONY,88490,139900,36% off,4.3,23 Ratings & 5 Reviews,"['Operating System: Google TV' 'Ultra HD (4K) 3840 x 2160 Pixels' ""1 year Comprehensive warranty by the manufacture from the date of purchase | Contact Brand toll free number for assistance and provide product's model name and seller's details mentioned on your invoice. The service center will allot you a convenient slot for the service.""]",tv
iFFALCON by TCL U62 139 cm (55 inch) Ultra HD (4K) LED Smart Google TV,iFFALCON,32999,73990,55% off,4.4,202 Ratings & 31 Reviews,['Operating System: Google TV' 'Ultra HD (4K) 3840 x 2160 Pixels' '1 Year Warranty on Product'],tv
TOSHIBA M550LP Series 139 cm (55 inch) QLED Ultra HD (4K) Smart Google TV With Bass Woofer and REGZA E...,TOSHIBA,46990,79990,41% off,4.5,226 Ratings & 46 Reviews,['Operating System: Google TV' 'Ultra HD (4K) 3840 x 2160 Pixels' '2 Years Warranty on Product and Panel'],tv
KODAK 7XPRO Series 106 cm (42 inch) Full HD LED Smart Android TV,KODAK,14999,27999,46% off,4.4,37030 Ratings & 8147 Reviews,['Operating System: Android' 'Full HD 1920 x 1080 Pixels' '1 Year Warranty on Product & 6 Months on Accessories'],tv
Nokia 109 cm (43 inch) Ultra HD (4K) LED Smart Android TV with Dolby Atmos and Dolby Vision,Nokia,25999,40000,35% off,4.3,1463 Ratings & 203 Reviews,['Operating System: Android' 'Ultra HD (4K) 3840 x 2160 Pixels' '1 Year Warranty on Product'],tv
Hisense E4G Series 80 cm (32 inch) HD Ready LED Smart Android TV with DTS Virtual X,Hisense,10999,24990,55% off,4.2,809 Ratings & 143 Reviews,['Operating System: Android' 'HD Ready 1366 x 768 Pixels' '1 Year Comprehensive Warranty'],tv
KODAK 7XPro 126 cm (50 inch) Ultra HD (4K) LED Smart Android TV with 40W Sound Output & Bezel-Less Des...,KODAK,24999,42999,41% off,4.4,6339 Ratings & 1448 Reviews,['Operating System: Android' 'Ultra HD (4K) 3840 x 2160 Pixels' '1 Year Warranty on Product and 6 Months on Accessories'],tv
SAMSUNG 80 cm (32 inch) HD Ready LED TV,SAMSUNG,12340,16400,24% off,4.3,7142 Ratings & 681 Reviews,['HD Ready 1366 x 768 Pixels' '1 Year Comprehensive Warranty on Product and 1 Year Additional on Panel'],tv
Blaupunkt Cybersound 108 cm (43 inch) Ultra HD (4K) LED Smart Android TV with Dolby MS12 & 50W Speaker...,Blaupunkt,24999,41999,40% off,4.6,4750 Ratings & 1206 Reviews,['Operating System: Android' 'Ultra HD (4K) 3840 x 2160 Pixels' '1 Year Warranty on Product & 6 Months on Accessories'],tv
acer I Series 127 cm (50 inch) Ultra HD (4K) LED Smart Android TV with Android 11 30W Dolby Audio ME...,acer,27999,40990,31% off,4.3,1100 Ratings & 194 Reviews,['Operating System: Android' 'Ultra HD (4K) 3840 x 2160 Pixels' '2 Years Warranty'],tv
KODAK 7X Pro 98 cm (40 inch) Full HD LED Smart Android TV,KODAK,15999,20999,23% off,4.4,37030 Ratings & 8147 Reviews,['Operating System: Android' 'Full HD 1920 x 1080 Pixels' '1 Year Warranty on Product & 6 Months on Accessories'],tv
TCL S5200 108 cm (43 inch) Full HD LED Smart Android TV,TCL,22690,47990,52% off,4.3,111 Ratings & 18 Reviews,['Operating System: Android' 'Full HD 1920 x 1080 Pixels' '2 Year Product Warranty'],tv
Sansui 80 cm (32 inch) HD Ready LED Smart Android TV with Android 11 (Midnight Black) (2021 Model),Sansui,10999,20990,47% off,4.2,1136 Ratings & 129 Reviews,['Operating System: Android' 'HD Ready 1366 x 768 Pixels' '1 YEAR'],tv
BeethoSOL 80 cm (32 inch) HD Ready LED Smart Android TV,BeethoSOL,7799,19000,58% off,4.0,334 Ratings & 28 Reviews,['Operating System: Android' 'HD Ready 1366 x 768 Pixels' '1 Year Warranty'],tv
iFFALCON by TCL K61 126 cm (50 inch) Ultra HD (4K) LED Smart Android TV,iFFALCON,26499,58990,55% off,4.3,24208 Ratings & 3320 Reviews,['Operating System: Android' 'Ultra HD (4K) 3840 x 2160 Pixels' '1 Year Warranty on Product'],tv
SAMSUNG Crystal 4K Pro 146 cm (58 inch) Ultra HD (4K) LED Smart Tizen TV with Voice Search,SAMSUNG,50990,80900,36% off,4.4,15280 Ratings & 1651 Reviews,['Operating System: Tizen' 'Ultra HD (4K) 3840 x 2160 Pixels' '1 Year Comprehensive Warranty on Product and 1 Year Additional on Panel'],tv
SONY Bravia 138.8 cm (55 inch) Ultra HD (4K) LED Smart Google TV with Google TV,SONY,61880,99900,38% off,4.4,31 Ratings & 5 Reviews,"['Operating System: Google TV' 'Ultra HD (4K) 3840 x 2160 Pixels' ""1 year Comprehensive warranty by the manufacture from the date of purchase | Contact Brand toll free number for assistance and provide product's model name and seller's details mentioned on your invoice. The service center will allot you a convenient slot for the service.""]",tv
PHILIPS 6800 Series 80 cm (32 inch) HD Ready LED Smart Linux based TV,PHILIPS,15999,24990,35% off,4.1,111 Ratings & 17 Reviews,['Operating System: Linux based' 'HD Ready 1366 x 768 Pixels' '2 Years Warranty Provided By the Manufacturer Upon Date of Purchase'],tv
Blaupunkt Cyber Sound 164 cm (65 inch) Ultra HD (4K) LED Smart Android TV with Dolby Atmos & Dolby Vis...,Blaupunkt,49999,75999,34% off,4.6,4750 Ratings & 1206 Reviews,['Operating System: Android' 'Ultra HD (4K) 3840 x 2160 Pixels' '1 Year Warranty on Product and 6 Months on Accessories'],tv
Hisense 139 cm (55 inch) Ultra HD (4K) LED Smart Google TV with 102W JBL 6 Speakers Dolby Vision and ...,Hisense,42990,69990,38% off,4.3,71 Ratings & 13 Reviews,['Operating System: Google TV' 'Ultra HD (4K) 3840 x 2160 Pixels' '2 Years Warranty on Product and Panel'],tv
Compaq 108 cm (43 inch) Full HD LED Smart Android TV,Compaq,18999,32999,42% off,4.3,430 Ratings & 89 Reviews,['Operating System: Android' 'Full HD 1920 x 1080 Pixels' '1 Year Warranty on Product'],tv
Thomson 139 cm (55 inch) QLED Ultra HD (4K) Smart Google TV With Dolby Vision & Dolby Atmos,Thomson,40999,59999,31% off,4.6,1077 Ratings & 298 Reviews,['Operating System: Google TV' 'Ultra HD (4K) 3840 x 2160 Pixels' '1 Year Warranty on Product and 6 Months Warranty on Accessories'],tv
Blaupunkt Cybersound 80 cm (32 inch) HD Ready LED Smart Android TV with 40W Speaker,Blaupunkt,9999,19499,48% off,4.4,10127 Ratings & 2294 Reviews,['Operating System: Android' 'HD Ready 1366 x 768 Pixels' '1 Year Warranty on Product & 6 Months on Accessories'],tv
MOTOROLA Revou 2 109 cm (43 inch) Ultra HD (4K) LED Smart Android TV with Dolby Atmos and Dolby Vision,MOTOROLA,24999,39000,35% off,4.3,1409 Ratings & 207 Reviews,['Operating System: Android' 'Ultra HD (4K) 3840 x 2160 Pixels' '1 Year Warranty on Product'],tv
Nokia 109 cm (43 inch) Full HD LED Smart Android TV,Nokia,22999,34000,32% off,4.3,1604 Ratings & 277 Reviews,['Operating System: Android' 'Full HD 1920 x 1080 Pixels' '1 Year Warranty on Product'],tv
Nokia 80 cm (32 inch) HD Ready LED Smart Android TV,Nokia,13999,20000,30% off,4.3,1604 Ratings & 277 Reviews,['Operating System: Android' 'HD Ready 1366 x 768 Pixels' '1 Year Warranty on Product'],tv
SONY BRAVIA 80 cm (32 inch) HD Ready LED Smart Linux based TV,SONY,23999,29900,19% off,4.6,4478 Ratings & 763 Reviews,"['Operating System: Linux based' 'HD Ready 1366 x 768 Pixels' ""1 year Comprehensive warranty by the manufacture from the date of purchase | Contact Brand toll free number for assistance and provide product's model name and seller's details mentioned on your invoice. The service center will allot you a convenient slot for the service.""]",tv
Nokia 127 cm (50 inch) Ultra HD (4K) LED Smart Android TV with Dolby Atmos and Dolby Vision,Nokia,29999,50000,40% off,4.3,1463 Ratings & 203 Reviews,['Operating System: Android' 'Ultra HD (4K) 3840 x 2160 Pixels' '1 Year Warranty on Product'],tv
KODAK CA PRO 126 cm (50 inch) Ultra HD (4K) LED Smart Android TV with Dolby MS12 & Dolby Digital Plus,KODAK,26999,46499,41% off,4.5,19605 Ratings & 5819 Reviews,['Operating System: Android' 'Ultra HD (4K) 3840 x 2160 Pixels' '1 Year Warranty on Product and 6 Months on Accessories'],tv
LG 81.28 cm (32 inch) Full HD LED Smart TV,LG,22050,31490,29% off,4.8,4 Ratings & 0 Reviews,['Full HD 1920 x 1080 Pixels' '1 Year Warranty on Product'],tv
Thomson OATHPRO Series 126 cm (50 inch) Ultra HD (4K) LED Smart Android TV with Dolby Digital Plus & D...,Thomson,26999,40999,34% off,4.5,28566 Ratings & 7417 Reviews,['Operating System: Android' 'Ultra HD (4K) 3840 x 2160 Pixels' '1 Year Warranty on Product & 6 Months on Accessories'],tv
Candes 81 cm (32 inch) HD Ready LED Smart Android TV,Candes,9490,27690,65% off,4.0,222 Ratings & 44 Reviews,['Operating System: Android' 'HD Ready 1366 x 768 Pixels' '1 Year Candes Domestic Warranty'],tv
Thomson OATHPRO Series 139 cm (55 inch) Ultra HD (4K) LED Smart Android TV with Dolby Digital Plus & D...,Thomson,30999,49999,38% off,4.5,28566 Ratings & 7417 Reviews,['Operating System: Android' 'Ultra HD (4K) 3840 x 2160 Pixels' '1 Year Warranty on Product & 6 Months on Accessories'],tv
SAMSUNG Crystal 4K 125 cm (50 inch) Ultra HD (4K) LED Smart Tizen TV,SAMSUNG,43990,68400,35% off,4.3,11689 Ratings & 1193 Reviews,['Operating System: Tizen' 'Ultra HD (4K) 3840 x 2160 Pixels' '1 Year Comprehensive Warranty on Product and 1 Year Additional on Panel'],tv
Hisense A4G Series 108 cm (43 inch) Full HD LED Smart Android TV with DTS Virtual X,Hisense,22990,34990,34% off,4.1,153 Ratings & 27 Reviews,['Operating System: Android' 'Full HD 1920 x 1080 Pixels' '2 Years Comprehensive Warranty'],tv
Nokia 127 cm (50 inch) Ultra HD 4K LED Smart Android TV with Sound by Onkyo and Dolby Atmos,Nokia,32999,54990,39% off,4.4,2228 Ratings & 360 Reviews,['Operating System: Android' 'Ultra HD (4K) 3840 x 2160 Pixels' '1 Year Warranty on Product'],tv
TOSHIBA U50 Series 126 cm (50 inch) Ultra HD (4K) LED Smart VIDAA TV with Dolby Vision & ATMOS,TOSHIBA,27999,46990,40% off,4.3,1129 Ratings & 168 Reviews,['Operating System: VIDAA' 'Ultra HD (4K) 3840 x 2160 Pixels' '1 Year Warranty'],tv
KODAK CA PRO 108 cm (43 inch) Ultra HD (4K) LED Smart Android TV with Dolby MS12 & Dolby Digital Plus,KODAK,23999,39999,40% off,4.5,19605 Ratings & 5819 Reviews,['Operating System: Android' 'Ultra HD (4K) 3840 x 2160 Pixels' '1 Year Warranty on Product and 6 Months on Accessories'],tv
realme 108 cm (43 inch) Full HD LED Smart Android TV,realme,21999,27999,21% off,4.3,237671 Ratings & 26878 Reviews,['Operating System: Android' 'Full HD 1920 x 1080 Pixels' '1 Year Domestic Warranty 2 Years on Panel'],tv
Compaq 102 cm (40 inch) Full HD LED Smart Android TV,Compaq,15999,29999,46% off,4.3,157 Ratings & 37 Reviews,['Operating System: Android' 'Full HD 1920 x 1080 Pixels' '1 Year Warranty on Product'],tv
acer I Series 139 cm (55 inch) Ultra HD (4K) LED Smart Android TV with Android 11 30W Dolby Audio ME...,acer,33999,47990,29% off,4.3,1100 Ratings & 194 Reviews,['Operating System: Android' 'Ultra HD (4K) 3840 x 2160 Pixels' '2 Years Warranty'],tv
LG 81.28 cm (32 inch) Full HD LED Smart WebOS TV,LG,15990,29990,46% off,4.2,43 Ratings & 5 Reviews,['Operating System: WebOS' 'Full HD HD 1366 x768 Pixels' '1 Year Comprehensive Warranty and Additional 1 Year Warranty applicable on Panel Only'],tv
Candes 81 cm (32 inch) HD Ready LED Smart Android TV,Candes,8749,24490,64% off,4.0,1464 Ratings & 283 Reviews,['Operating System: Android' 'HD Ready 1366 x 768 Pixels' '1 Year Candes Domestic Warranty'],tv
SAMSUNG The Frame 2021 Series 125 cm (50 inch) QLED Ultra HD (4K) Smart Tizen TV,SAMSUNG,64990,119900,45% off,4.2,1379 Ratings & 179 Reviews,['Operating System: Tizen' 'Ultra HD (4K) 3840 x 2160 Pixels' '1 Year comprehensive warranty and 1 year additional on Panel.'],tv
Candes Frameless 81 cm (32 inch) HD Ready LED TV,Candes,7690,22690,66% off,4.0,365 Ratings & 53 Reviews,['HD Ready 1366 x 768 Pixels' '1 Year Candes Domestic Warranty'],tv
Coocaa Frameless 138 cm (55 inch) Ultra HD (4K) LED Smart Google TV with HDR 11 Dolby Audio and Eye ca...,Coocaa,35999,89999,60% off,4.3,53 Ratings & 14 Reviews,['Operating System: Google TV' 'Ultra HD (4K) 3840 x 2160 Pixels' '1 Year Warranty on Product'],tv
Nokia 140 cm (55 inch) Ultra HD 4K QLED Smart Android TV with Sound by JBL and Powered by Harman Audio...,Nokia,52249,79999,34% off,4.3,2563 Ratings & 426 Reviews,['Operating System: Android' 'Ultra HD (4K) 3840 x 2160 Pixels' '1 Year Warranty on Product'],tv
MOTOROLA Revou 108 cm (43 inch) Ultra HD (4K) LED Smart Android TV with Dolby Atmos and Dolby Vision,MOTOROLA,32999,49999,34% off,4.5,1114 Ratings & 164 Reviews,['Operating System: Android' 'Ultra HD (4K) 3840 ï¿½ 2160 Pixels' '1 Year Warranty on Product'],tv
Mi 4A Horizon Edition 80 cm (32 inch) HD Ready LED Smart Android TV with 20W Powerful Audio & Bezel-le...,Mi,16499,19999,17% off,4.3,37571 Ratings & 3302 Reviews,['Operating System: Android' 'HD Ready 1366 x 768 Pixels' '1 Year on Product and 2 Years for Panel'],tv
KODAK CA Series 126 cm (50 inch) Ultra HD (4K) LED Smart Android TV with Dolby Digital Plus & DTS TruS...,KODAK,24999,42999,41% off,4.5,19605 Ratings & 5819 Reviews,['Operating System: Android' 'Ultra HD (4K) 3840X2160 Pixels' '1 Year Warranty on Product & 6 Months on Accessories'],tv
SAMSUNG 7 108 cm (43 inch) Ultra HD (4K) LED Smart Tizen TV,SAMSUNG,35490,54900,35% off,4.3,15 Ratings & 0 Reviews,['Netflix|Disney+Hotstar|Youtube' 'Operating System: Tizen' 'Ultra HD (4K) 3840 x 2160 Pixels' '20 W Speaker Output' '60 Hz Refresh Rate' '3 x HDMI | 1 x USB' '1 Year Comprehensive Warranty on Product.'],tv
Hyundai 80 cm (32 inch) HD Ready LED Smart Android Based TV,Hyundai,11990,22990,47% off,4.5,161 Ratings & 33 Reviews,['Operating System: Android Based' 'HD Ready 1366 x 768 Pixels' '1 Year Warranty on Product and 6 Months on Remote'],tv
LG 164 cm (65 inch) OLED Ultra HD (4K) Smart WebOS TV,LG,159999,224990,28% off,4.1,175 Ratings & 35 Reviews,['Operating System: WebOS' 'Ultra HD (4K) 3840 x 2160 Pixels' '1 Year LG India Comprehensive Warranty and additional 1 year Warranty is applicable on Panel/Module from the date of purchase.'],tv
Coocaa 106 cm (42 inch) Full HD LED Smart Android TV with HDR 10 and Dolby Audio,Coocaa,17999,48990,63% off,4.3,975 Ratings & 184 Reviews,['Operating System: Android' 'Full HD 1920 x 1080 Pixels' '1 Year Domestic Warranty on Product'],tv
LG UQ8020 139 cm (55 inch) Ultra HD (4K) LED Smart WebOS TV 2022 Edition,LG,52990,84990,37% off,4.5,1788 Ratings & 249 Reviews,['Operating System: WebOS' 'Ultra HD (4K) 3840 x 2160 Pixels' '1 Year LG India Comprehensive Warranty and additional 1 year Warranty is applicable on Panel/Module from the date of purchase.'],tv
Compaq 127 cm (50 inch) Ultra HD (4K) LED Smart Android TV,Compaq,25999,43999,40% off,4.3,430 Ratings & 89 Reviews,['Operating System: Android' 'Ultra HD (4K) 3840 x 2160 Pixels' '1 Year Warranty on Product'],tv
Mi 4C 80 cm (32 inch) HD Ready LED Smart Android TV,Mi,16499,19999,17% off,4.3,6284 Ratings & 472 Reviews,['Operating System: Android' 'HD Ready 1366 x 768 Pixels' '1 Year Warranty and 2 Years for Panel'],tv
LG 108 cm (43 inch) Full HD LED Smart WebOS TV,LG,32999,51990,36% off,4.2,113 Ratings & 16 Reviews,['Operating System: WebOS' 'Full HD 1920 x 1080 Pixels' '1 Year LG India Comprehensive Warranty and additional 1 year Warranty is applicable on Panel/Module from the date of purchase.'],tv
SAMSUNG BU8000B 109.22 cm (43 inch) Ultra HD (4K) LED Smart Tizen TV,SAMSUNG,41680,62900,33% off,5.0,6 Ratings & 2 Reviews,['Operating System: Tizen' 'Ultra HD (4K) 3840 x 2160 Pixels' '1 Year Comprehensive Warranty on Product and 1 Year Additional on Panel'],tv
Vu Premium 139 cm (55 inch) Ultra HD (4K) LED Smart Android TV,Vu,35999,75000,52% off,4.4,12029 Ratings & 1690 Reviews,['Operating System: Android' 'Ultra HD (4K) 3840 x 2160 Pixels' '1 Year'],tv
acer Frameless 109 cm (43 inch) Ultra HD (4K) LED Smart Android TV with 30W Soundbar | upgradable to A...,acer,25999,34990,25% off,4.4,6828 Ratings & 1154 Reviews,['Operating System: Android' 'Ultra HD (4K) 3840 x 2160 Pixels' '1 Year Warranty'],tv
InnoQ Super Bright 62 cm (24 inch) HD Ready LED TV with With Pixel Boost Engine & Thunder Audio Speake...,InnoQ,5190,17990,71% off,3.9,2688 Ratings & 432 Reviews,['HD Ready 1366 x 768 Pixels' '1 Year Limited Domestic Warranty'],tv
TCL C825 164 cm (65 inch) QLED Ultra HD (4K) Smart Android TV (Graphite Grey) (2021 Model) | Mini LED ...,TCL,109990,299990,63% off,5.0,14 Ratings & 1 Reviews,['Operating System: Android' 'Ultra HD (4K) 3840 x 2160 Pixels' '2 Year Product Warranty'],tv
Coocaa Frameless 80 cm (32 inch) HD Ready LED Smart Google TV with HDR 13 Dolby Audio and Eye care tec...,Coocaa,10999,27990,60% off,4.5,59 Ratings & 20 Reviews,['Operating System: Google TV' 'HD Ready 1366 x 768 Pixels' '1 Year Domestic Warranty'],tv
Coocaa 108 cm (43 inch) Full HD LED Smart Android TV with HDR 10 Dolby Audio and Eye Care Technology,Coocaa,16999,35999,52% off,4.3,639 Ratings & 146 Reviews,['Operating System: Android' 'Full HD 1920 x 1080 Pixels' '1 Year Domestic Warranty'],tv
Vu Masterpiece Glo 2022 164 cm (65 inch) QLED Ultra HD (4K) Smart Android TV With 3 Years warranty,Vu,96900,120000,19% off,4.7,7 Ratings & 1 Reviews,['Operating System: Android' 'Ultra HD (4K) 3840 x 2160 Pixels' '3 Years Warranty'],tv
Compaq 140 cm (55 inch) Ultra HD (4K) LED Smart Android TV,Compaq,29999,48999,38% off,4.2,887 Ratings & 157 Reviews,['Operating System: Android' 'Ultra HD (4K) 3840 x 2160 Pixels' '1 Year Warranty on Product'],tv
LG 108 cm (43 inch) Full HD LED Smart WebOS TV,LG,27540,40990,32% off,4.4,8037 Ratings & 691 Reviews,['Operating System: WebOS' 'Full HD 1920 x 1080 Pixels' '1 Year LG India Comprehensive Warranty and additional 1 year Warranty is applicable on Panel/Module from the date of purchase.'],tv
KODAK CA Series 164 cm (65 inch) Ultra HD (4K) LED Smart Android TV with Dolby Digital Plus & DTS TruS...,KODAK,48999,69999,30% off,4.5,19605 Ratings & 5819 Reviews,['Operating System: Android' 'Ultra HD (4K) 3840X2160 Pixels' '1 Year Warranty on Product & 6 Months on Accessories'],tv
MOTOROLA Revou 2 1.02 m (40 inch) Full HD LED Smart Android TV with Sound by boAt,MOTOROLA,18499,30000,38% off,4.3,2410 Ratings & 352 Reviews,['Operating System: Android' 'Full HD 1920 x 1080 Pixels' '1 Year Warranty on Product'],tv
LG Nanocell 139 cm (55 inch) Ultra HD (4K) LED Smart WebOS TV 2022 Edition,LG,57990,94990,38% off,4.4,615 Ratings & 88 Reviews,['Operating System: WebOS' 'Ultra HD (4K) 3840 x 2160 Pixels' '1 Year LG India Comprehensive Warranty and additional 1 year Warranty is applicable on Panel/Module from the date of purchase.'],tv
Thomson 9A Series 80 cm (32 inch) HD Ready LED Smart Android TV with Bezel Less Display,Thomson,9999,15499,35% off,4.3,8057 Ratings & 1803 Reviews,['Operating System: Android' 'HD Ready 1366 x 768 Pixels' '1 Year Warranty on Product & 6 Months on Accessories'],tv
Infinix X3 80 cm (32 inch) HD Ready LED Smart Android TV,Infinix,10499,17999,41% off,4.1,2426 Ratings & 414 Reviews,['Operating System: Android' 'HD Ready 1366 x 768 Pixels' '1 Year Domestic Warranty'],tv
Hyundai 109 cm (43 inch) Ultra HD (4K) LED Smart WebOS TV,Hyundai,25990,57990,55% off,4.4,29 Ratings & 10 Reviews,['Operating System: WebOS' 'Ultra HD (4K) 3840 x 2160 Pixels' '1 Year Warranty on Product and 6 Months on Remote'],tv
TOSHIBA C350LP 139 cm (55 inch) Ultra HD (4K) LED Smart Google TV,TOSHIBA,40990,54990,25% off,4.2,224 Ratings & 44 Reviews,['Operating System: Google TV' 'Ultra HD (4K) 3840 x 2160 Pixels' '2 Years Warranty on Product and Panel'],tv
Blaupunkt 164 cm (65 inch) QLED Ultra HD (4K) Smart Google TV With Dolby Atmos & Far-Field Mic,Blaupunkt,62999,84999,25% off,4.7,641 Ratings & 170 Reviews,['Operating System: Google TV' 'Ultra HD (4K) 3840 x 2160 Pixels' '1 Year Warranty on Product and 6 Months on Accessories'],tv
KODAK 139 cm (55 inch) QLED Ultra HD (4K) Smart Google TV With Dolby Atmos & Dolby Vision,KODAK,40999,59999,31% off,4.7,370 Ratings & 95 Reviews,['Operating System: Google TV' 'Ultra HD (4K) 3840 x 2160 Pixels' '1 Year Warranty on Product and 6 Months Warranty on Accessories'],tv
LG 109.22 cm (43 inch) Ultra HD (4K) LED Smart TV,LG,37152,64990,42% off,4.2,39 Ratings & 8 Reviews,['Ultra HD (4K) 3840 x 2160 Pixels' '1 Year LG India Comprehensive Warranty and Additional 1 Year Warranty is Applicable on Panel/Module'],tv
LG 139 cm (55 inch) Ultra HD (4K) LED Smart WebOS TV,LG,49990,79990,37% off,4.4,11059 Ratings & 1366 Reviews,['Operating System: WebOS' 'Ultra HD (4K) 3840 x 2160 Pixels' '1 Year LG India Comprehensive Warranty and additional 1 year Warranty is applicable on Panel/Module from the date of purchase.'],tv
Hisense A71F Series 177 cm (70 inch) Ultra HD (4K) LED Smart Android TV with Dolby Vision and Dolby At...,Hisense,65990,119990,45% off,4.4,72 Ratings & 12 Reviews,['Operating System: Android' 'Ultra HD (4K) 3840 x 2160 Pixels' '2 Years Comprehensive Warranty'],tv
Thomson 164 cm (65 inch) QLED Ultra HD (4K) Smart Google TV With Dolby Vision & Dolby Atmos,Thomson,59999,84999,29% off,4.6,1077 Ratings & 298 Reviews,['Operating System: Google TV' 'Ultra HD (4K) 3840 x 2160 Pixels' '1 Year Warranty on Product and 6 Months Warranty on Accessories'],tv
Hyundai 98 cm (39 inch) HD Ready LED Smart Android Based TV,Hyundai,19490,34990,44% off,4.6,5 Ratings & 1 Reviews,['Operating System: Android Based' 'HD Ready 1366 x 768 Pixels' '1 Year Warranty on Product and 6 Months on Remote'],tv
TCL S5205 79.97 cm (32 inch) HD Ready LED Smart Android TV,TCL,11990,29990,60% off,4.1,48 Ratings & 7 Reviews,['Operating System: Android' 'HD Ready 1366 x 768 Pixels' '2 Year Product Warranty'],tv
Nokia 108 cm (43 inch) Ultra HD (4K) LED Smart Android TV with Sound by Onkyo,Nokia,28999,45999,36% off,4.3,16236 Ratings & 2773 Reviews,['Operating System: Android' 'Ultra HD (4K) 3840 x 2160 Pixels' '1 Year Warranty on Product'],tv
HUIDI 80 cm (32 inch) HD Ready LED TV with Bezel Less Display,HUIDI,6999,17599,60% off,4.0,6383 Ratings & 750 Reviews,['HD Ready 1366 x 768 Pixels' '1 Year Warranty on Product'],tv
PHILIPS Slim 80 cm (32 inch) HD Ready LED TV,PHILIPS,14440,19990,27% off,4.1,119 Ratings & 15 Reviews,['HD Ready 1366 x 768 Pixels' '2 Years Warranty'],tv
SAMSUNG 108 cm (43 inch) Full HD LED Smart Tizen TV,SAMSUNG,32900,57720,43% off,5.0,4 Ratings & 0 Reviews,['Operating System: Tizen' 'Full HD 1920 x 1080 Pixels' '1 Year Comprehensive Warranty on Product and 1 Year Additional on Panel'],tv
NOKIA 165 cm (65 inch) Ultra HD 4K LED Smart Android TV with Sound by Onkyo and Dolby Atmos,NOKIA,57999,79999,27% off,4.4,2228 Ratings & 360 Reviews,['Operating System: Android' 'Ultra HD (4K) 3840 x 2160 Pixels' '1 Year Warranty on Product'],tv
OnePlus Y1 108 cm (43 inch) Full HD LED Smart Android TV with Dolby Audio,OnePlus,24999,29999,16% off,4.3,137565 Ratings & 12704 Reviews,['Operating System: Android' 'Full HD 1920 x 1080 Pixels' '1 Year Comprehensive Warranty and Additional 1 Year on Panel Provided By the Manufacturer From Date of Purchase'],tv
TCL S5200 79.97 cm (32 inch) HD Ready LED Smart Android TV,TCL,13370,29990,55% off,4.3,167 Ratings & 23 Reviews,['Operating System: Android' 'HD Ready 1366 x 768 Pixels' '2 Year Product Warranty'],tv
LG 81.28 cm (32 inch) Full HD LED Smart TV,LG,16590,21990,24% off,4.6,19 Ratings & 1 Reviews,['Full HD 1366 x768 Pixels' '1 Year on Product'],tv
SAMSUNG 7 125 cm (50 inch) Ultra HD (4K) LED Smart Tizen TV,SAMSUNG,46280,69900,33% off,5.0,6 Ratings & 0 Reviews,['Netflix|Disney+Hotstar|Youtube' 'Operating System: Tizen' 'Ultra HD (4K) 3840 x 2160 Pixels' '20 W Speaker Output' '60 Hz Refresh Rate' '3 x HDMI | 1 x USB' '1 Year Comprehensive Warranty on Product.'],tv
SAMSUNG 80 cm (32 inch) HD Ready LED Smart Tizen TV,SAMSUNG,19900,22900,13% off,4.4,143 Ratings & 14 Reviews,['Operating System: Tizen' 'HD Ready 1366 x 768 Pixels' '1 Year Comprehensive Warranty on Product and 1 Year Additional warranty on Panel'],tv
MOTOROLA Revou 139 cm (55 inch) Ultra HD (4K) LED Smart Android TV with Dolby Atmos and Dolby Vision,MOTOROLA,48999,59999,18% off,4.5,1114 Ratings & 164 Reviews,['Operating System: Android' 'Ultra HD (4K) 3840 ï¿½ 2160 Pixels' '1 Year Warranty on Product'],tv
BeethoSOL 60 cm (24 inch) HD Ready LED TV,BeethoSOL,5199,15000,65% off,4.0,334 Ratings & 28 Reviews,['HD Ready 1366 x 768 Pixels' '1 Year Warranty'],tv
TOSHIBA M550LP Series 164 cm (65 inch) QLED Ultra HD (4K) Smart Google TV With Bass Woofer and REGZA E...,TOSHIBA,76990,114990,33% off,4.5,226 Ratings & 46 Reviews,['Operating System: Google TV' 'Ultra HD (4K) 3840 x 2160 Pixels' '2 Years Warranty on Product and Panel'],tv
ONIDA 109 cm (43 inch) Ultra HD (4K) LED Smart VIDAA TV,ONIDA,26999,41990,35% off,4.4,881 Ratings & 169 Reviews,['Operating System: VIDAA' 'Ultra HD (4K) 3840 x 2160 Pixels' '1 Year Warranty on Product From Onida'],tv
SAMSUNG Crystal 4K Pro 163 cm (65 inch) Ultra HD (4K) LED Smart Tizen TV with Voice Search,SAMSUNG,81990,125900,34% off,4.4,15280 Ratings & 1651 Reviews,['Operating System: Tizen' 'Ultra HD (4K) 3840 x 2160 Pixels' '1 Year Comprehensive Warranty on Product and 1 Year Additional on Panel'],tv
MOTOROLA Revou 127 cm (50 inch) Ultra HD (4K) LED Smart Android TV with Dolby Atmos and Dolby Vision,MOTOROLA,42999,48999,12% off,4.5,1114 Ratings & 164 Reviews,['Operating System: Android' 'Ultra HD (4K) 3840 x 2160 Pixels' '1 Year Warranty on Product'],tv
MOTOROLA ZX3 139 cm (55 inch) Ultra HD (4K) LED Smart Android TV with Dolby Atmos and Dolby Vision,MOTOROLA,44999,60999,26% off,4.4,1603 Ratings & 262 Reviews,['Operating System: Android' 'Ultra HD (4K) 3840Ã2160 Pixels' '1 Year Warranty on Product'],tv
Nokia 102 cm (40 inch) Full HD LED Smart Android TV,Nokia,18999,29000,34% off,4.3,1604 Ratings & 277 Reviews,['Operating System: Android' 'Full HD 1920 x 1080 Pixels' '1 Year Warranty on Product'],tv
SONY 164 cm (65 inch) Ultra HD (4K) LED Smart Android TV,SONY,96500,164900,41% off,5.0,3 Ratings & 0 Reviews,"['Operating System: Android' 'Ultra HD (4K) 3840 Ã 2160 Pixels' ""1 year Comprehensive warranty by the manufacture from the date of purchase | Contact Brand toll free number for assistance and provide product's model name and seller's details mentioned on your invoice. The service center will allot you a convenient slot for the service.""]",tv
Coocaa Frameless 164 cm (65 inch) Ultra HD (4K) LED Smart Google TV with HDR 12 Dolby Audio and Eye ca...,Coocaa,52999,99999,47% off,4.3,53 Ratings & 14 Reviews,['Operating System: Google TV' 'Ultra HD (4K) 3840 x 2160 Pixels' '1 Year Warranty on Product'],tv
Vu cinema TV 126 cm (50 inch) Ultra HD (4K) LED Smart Android TV,Vu,35999,60000,40% off,4.3,729 Ratings & 95 Reviews,['Operating System: Android' 'Ultra HD (4K) 3840 x 2160 Pixels' '1 Year Warranty on Product'],tv
TCL C815 Series 139 cm (55 inch) QLED Ultra HD (4K) Smart Android TV With Integrated 2.1 Onkyo Soundba...,TCL,49990,189990,73% off,4.4,175 Ratings & 31 Reviews,['Operating System: Android' 'Ultra HD (4K) 3840 x 2160 Pixels' '2 Year Product Warranty'],tv
Nokia 109 cm (43 inch) Full HD LED Smart Android TV with Sound by JBL and Powered by Harman AudioEFX,Nokia,23999,41999,42% off,4.0,5914 Ratings & 1061 Reviews,['Operating System: Android' 'Full HD 1920 x 1080 Pixels' '1 Year Warranty on Product'],tv
Lloyd Clara 163 cm (65 inch) Ultra HD (4K) LED Smart Linux based TV,Lloyd,74999,153990,51% off,4.9,7 Ratings & 1 Reviews,['Operating System: Linux based' 'Ultra HD (4K) 3840 x 2160 Pixels' '3 Years  comprehensive Warranty'],tv
SAMSUNG 9 108 cm (43 inch) Ultra HD (4K) LED Smart Tizen TV,SAMSUNG,46890,62900,25% off,4.1,10 Ratings & 0 Reviews,['Netflix|Disney+Hotstar|Youtube' 'Operating System: Tizen' 'Ultra HD (4K) 3840 x 2160 Pixels' '20 w Speaker Output' '60 Hz Refresh Rate' '3 x HDMI | 2 x USB' '1 Year Comprehensive Warranty on Product.'],tv
Coocaa 100 cm (40 inch) Full HD LED Smart Coolita TV with Dolby Audio and Eye Care Technology,Coocaa,15499,39999,61% off,4.2,18377 Ratings & 2836 Reviews,['Operating System: Coolita' 'Full HD 1920 x 1080 Pixels' '1 Year Domestic Warranty'],tv
Mi 4X 108 cm (43 inch) Ultra HD (4K) LED Smart Android TV,Mi,24999,28999,13% off,4.4,58139 Ratings & 6372 Reviews,['Operating System: Android' 'Ultra HD (4K) 3840 x 2160 Pixels' '1 Year on TV 2 years on Panel 6 Months on Accessories'],tv
SAMSUNG 80 cm (32 inch) HD Ready LED Linux based TV,SAMSUNG,13390,17900,25% off,4.0,100 Ratings & 3 Reviews,['Operating System: Linux based' 'HD Ready 1366 x 768 Pixels' '1 Year Comprehensive Warranty on Product and 1 Year Additional on Panel'],tv
Hyundai 80 cm (32 inch) HD Ready LED Smart Android Based TV,Hyundai,11990,23990,50% off,4.1,58 Ratings & 9 Reviews,['Operating System: Android Based' 'HD Ready 1366 x 768 Pixels' '1 Year Warranty on Product and 6 Months on Remote'],tv
Coocaa Frameless 108 cm (43 inch) Ultra HD (4K) LED Smart Google TV with HDR 10 Dolby Audio and Eye ca...,Coocaa,22999,59999,61% off,4.3,53 Ratings & 14 Reviews,['Operating System: Google TV' 'Ultra HD (4K) 3840 x 2160 Pixels' '1 Year Warranty on Product'],tv
LG UQ7500 164 cm (65 inch) Ultra HD (4K) LED Smart WebOS TV 2022 Edition,LG,78999,114990,31% off,4.4,11059 Ratings & 1366 Reviews,['Operating System: WebOS' 'Ultra HD (4K) 3840 x 2160 Pixels' '1 Year LG India Comprehensive Warranty and additional 1 year Warranty is applicable on Panel/Module from the date of purchase.'],tv
SAMSUNG 6 138 cm (55 inch) QLED Ultra HD (4K) Smart Tizen TV,SAMSUNG,74999,134900,44% off,4.3,209 Ratings & 34 Reviews,['Operating System: Tizen' 'Ultra HD (4K) 3840 x 2160 Pixels' '1 Year Comprehensive Warranty on Product.'],tv
iFFALCON by TCL F52 108 cm (43 inch) Full HD LED Smart Android TV,iFFALCON,18999,44900,57% off,4.3,100 Ratings & 8 Reviews,['Operating System: Android' 'Full HD 1920 x 1080 Pixels' '1 Year Warranty on Product'],tv
MOTOROLA Revou 2 80 cm (32 inch) HD Ready LED Smart Android TV,MOTOROLA,13999,20000,30% off,4.2,1598 Ratings & 240 Reviews,['Operating System: Android' 'HD Ready 1366 x 768 Pixels' '1 Year Warranty on Product'],tv
Infinix X3 108 cm (43 inch) Full HD LED Smart Android TV,Infinix,17999,26999,33% off,3.9,564 Ratings & 120 Reviews,['Operating System: Android' 'Full HD 1920 X 1080 Pixels' '1 Year Domestic Warranty'],tv
Blaupunkt 126 cm (50 Inch) QLED Ultra HD (4K) Smart Google TV With Dolby Atmos & Far-Field Mic,Blaupunkt,35999,49999,28% off,4.7,641 Ratings & 170 Reviews,['Operating System: Google TV' 'Ultra HD (4K) 3840 x 2160 Pixels' '1 Year Warranty on Product and 6 Months on Accessories'],tv
Hyundai 80 cm (32 inch) HD Ready LED Smart WebOS TV,Hyundai,13490,26990,50% off,4.0,21 Ratings & 6 Reviews,['Operating System: WebOS' 'HD Ready 1366 x 768 Pixels' '1 Year Warranty on Product and 6 Months on Remote'],tv
Nokia 126 cm (50 inch) Ultra HD (4K) LED Smart Android TV with Sound by Onkyo,Nokia,36099,54999,34% off,4.3,16236 Ratings & 2773 Reviews,['Operating System: Android' 'Ultra HD (4K) 3840 x 2160 Pixels' '1 Year Warranty on Product'],tv
Vu Masterpiece Glo 189 cm (75 inch) QLED Ultra HD (4K) Smart Android TV With 3 Years warranty,Vu,153999,200000,23% off,3.7,3 Ratings & 1 Reviews,['Operating System: Android' 'Ultra HD (4K) 3840 x 2160 Pixels' '3 Years Warranty'],tv
LEEMA 80 cm (32 inch) HD Ready LED Smart Android TV with 1GB+ 8GB Powerful Audio 20W Tube Speakers M...,LEEMA,7990,19990,60% off,4.4,5 Ratings & 1 Reviews,['Operating System: Android' 'HD Ready 1366*768 Pixels' '1 Year Domestic'],tv
Mi 4A 100 cm (40 inch) Full HD LED Smart Android TV,Mi,18999,19999,5% off,4.4,329264 Ratings & 31298 Reviews,['Operating System: Android' 'Full HD 1920 x 1080 Pixels' '1 Year on TV 2 years on Panel 6 Months on Accessories'],tv
Hisense A6GE Series 108 cm (43 inch) Ultra HD (4K) LED Smart Android TV with Dolby Vision and Dolby At...,Hisense,30010,42390,29% off,4.3,1479 Ratings & 222 Reviews,['Operating System: Android' 'Ultra HD (4K) 3840 x 2160 Pixels' '2 Years Comprehensive Warranty'],tv
SAMSUNG 108 cm (43 inch) Full HD LED Smart Tizen TV,SAMSUNG,33990,38400,11% off,4.2,29 Ratings & 3 Reviews,['Operating System: Tizen' 'Full HD 1920 x 1080 Pixels' '1 Year Comprehensive Warranty on Product and 1 Year Additional warranty on Panel'],tv
SAMSUNG The Frame 2021 Series 163 cm (65 inch) QLED Ultra HD (4K) Smart Tizen TV,SAMSUNG,119990,222900,46% off,4.2,1379 Ratings & 179 Reviews,['Operating System: Tizen' 'Ultra HD (4K) 3840 x 2160 Pixels' '1 Year comprehensive warranty and 1 year additional on Panel.'],tv
SONY Bravia 108 cm (43 inch) Full HD LED Smart Linux based TV,SONY,40839,44900,9% off,4.5,223 Ratings & 31 Reviews,"['Operating System: Linux based' 'Full HD 1920 x 1080 Pixels' ""1 year Comprehensive warranty by the manufacture from the date of purchase | Contact Brand toll free number for assistance and provide product's model name and seller's details mentioned on your invoice. The service center will allot you a convenient slot for the service.""]",tv
PHILIPS 6900 80 cm (32 inch) HD Ready LED Smart Android TV 2021 Edition,PHILIPS,15999,27990,42% off,4.5,14 Ratings & 3 Reviews,['Operating System: Android' 'HD Ready 1366 x 768 Pixels' '2 years warranty provided by the manufacturer upon date of purchase'],tv
LG Nanocell 123 cm (49 inch) Ultra HD (4K) LED Smart WebOS TV,LG,62899,99990,37% off,4.5,30 Ratings & 7 Reviews,['Operating System: WebOS' 'Ultra HD (4K) 3840 x 2160 Pixels' '1 Year LG India Comprehensive Warranty and additional 1 year Warranty is applicable on Panel/Module from the date of purchase.'],tv
SAMSUNG 125 cm (50 inch) QLED Ultra HD (4K) Smart Tizen TV,SAMSUNG,62990,99990,37% off,4.0,9 Ratings & 0 Reviews,['Operating System: Tizen' 'Ultra HD (4K) 3840 x 2160 Pixels' '1 Year Comprehensive Manufacturer Warranty on Product and 1 Year Additional Warranty on Panel'],tv
Mi Q1 189.34 cm (75 inch) QLED Ultra HD (4K) Smart Android TV Full Array Local Dimming & 120Hz Refresh...,Mi,144999,199999,27% off,4.4,5031 Ratings & 662 Reviews,['Operating System: Android' 'Ultra HD (4K) 3840 x 2160 Pixels' '1 Year Warranty on Product and Additional 1 Year for Panel'],tv
Mi 4X 108 cm (43 inch) Ultra HD (4K) LED Smart Android TV,Mi,29999,34999,14% off,4.3,49297 Ratings & 4517 Reviews,['Operating System: Android' 'Ultra HD (4K) 3840 x 2160 Pixels' '1 Year on TV 2 years on Panel 6 Months on Accessories'],tv
LG 80 cm (32 inch) Full HD LED Smart WebOS TV,LG,22999,30490,24% off,3.7,12 Ratings & 4 Reviews,['Operating System: WebOS' 'Full HD 1366 x 768 Pixels' '1 Year Warranty'],tv
acer Frameless 80 cm (32 inch) HD Ready LED Smart Android TV with Dolby Audio,acer,13999,22990,39% off,4.4,6828 Ratings & 1154 Reviews,['Operating System: Android' 'HD Ready 1366 x 768 Pixels' '1 Year Warranty'],tv
SAMSUNG 4 80 cm (32 inch) HD Ready LED Smart Tizen TV 2021 Edition,SAMSUNG,17999,26490,32% off,4.2,183 Ratings & 19 Reviews,['Operating System: Tizen' 'HD Ready 1366 x 768 Pixels' '1 YEAR DOMESTIC WARRANTY'],tv
Lloyd 80 cm (32 inch) HD Ready LED Smart TV,Lloyd,16990,25990,34% off,4.8,4 Ratings & 0 Reviews,['HD Ready 1366*768 Pixels' 'COMES WITH 2 YR WARRANTY'],tv
LG Nanocell 123 cm (49 inch) Ultra HD (4K) LED Smart WebOS TV,LG,74999,90990,17% off,4.3,27 Ratings & 4 Reviews,['Operating System: WebOS' 'Ultra HD (4K) 3840 x 2160 Pixels' '1 Year LG India Comprehensive Warranty and additional 1 year Warranty is applicable on Panel/Module from the date of purchase.'],tv
PHILIPS 7600 Series 146 cm (58 inch) Ultra HD (4K) LED Smart Linux based TV,PHILIPS,43900,89900,51% off,4.1,262 Ratings & 31 Reviews,['Operating System: Linux based' 'Ultra HD (4K) 3840 x 2160 Pixels' '2 Years Warranty Provided By the Manufacturer Upon Date of Purchase'],tv
Vu QLED Premium TV 190 cm (75 inch) Ultra HD (4K) LED Smart Android TV,Vu,99999,150000,33% off,4.3,97 Ratings & 12 Reviews,['Operating System: Android' 'Ultra HD (4K) 3840 x 2160 Pixels' '3 Year Vu Domestic Warranty'],tv
SONY X80AJ 163.9 cm (65 inch) Ultra HD (4K) LED Smart Google TV,SONY,89999,179900,49% off,4.8,25 Ratings & 2 Reviews,"['Operating System: Google TV' 'Ultra HD (4K) 3840 x 2160 Pixels' ""1 year Comprehensive warranty by the manufacture from the date of purchase | Contact Brand toll free number for assistance and provide product's model name and seller's details mentioned on your invoice. The service center will allot you a convenient slot for the service.""]",tv
Hisense A71F 139 cm (55 inch) Ultra HD (4K) LED Smart Android TV with Dolby Vision & ATMOS,Hisense,34999,49990,29% off,4.4,2685 Ratings & 496 Reviews,['Operating System: Android' 'Ultra HD (4K) 3840 x 2160 Pixels' '2 Years Comprehensive Warranty'],tv
LG All-in-One 108 cm (43 inch) Full HD LED Smart WebOS TV,LG,32640,41990,22% off,4.4,5242 Ratings & 587 Reviews,['Operating System: WebOS' 'Full HD 1920 x 1080 Pixels' '1 Year LG India Comprehensive Warranty and additional 1 year Warranty is applicable on Panel/Module from the date of purchase.'],tv
LG 139 cm (55 inch) OLED Ultra HD (4K) Smart WebOS TV,LG,94999,219990,56% off,4.6,332 Ratings & 54 Reviews,['Operating System: WebOS' 'Ultra HD (4K) 3840 x 2160 Pixels' '1 Year LG India Comprehensive Warranty and additional 1 year Warranty is applicable on Panel/Module from the date of purchase.'],tv
Hyundai 126 cm (50 inch) Ultra HD (4K) LED Smart WebOS TV,Hyundai,30990,77990,60% off,4.1,18 Ratings & 9 Reviews,['Operating System: WebOS' 'Ultra HD (4K) 3840 x 2160 Pixels' '1 Year Warranty on Product and 6 Months on Remote'],tv
SAMSUNG The Frame 2021 Series 108 cm (43 inch) QLED Ultra HD (4K) Smart Tizen TV,SAMSUNG,51990,89900,42% off,4.2,1379 Ratings & 179 Reviews,['Operating System: Tizen' 'Ultra HD (4K) 3840 x 2160 Pixels' '1 Year comprehensive warranty and 1 year additional on Panel.'],tv
Infinix Zero 138 cm (55 inch) QLED Ultra HD (4K) Smart Android TV,Infinix,39999,59999,33% off,4.1,119 Ratings & 34 Reviews,['Operating System: Android' 'Ultra HD (4K) 3840 x 2160 Pixels' '1 Year Domestic Warranty'],tv
SAMSUNG 7 108 cm (43 inch) Ultra HD (4K) LED Smart Tizen TV,SAMSUNG,33690,49972,32% off,4.2,11 Ratings & 0 Reviews,['Operating System: Tizen' 'Ultra HD (4K) 3840 x 2160 Pixels' '1 Year Comprehensive Warranty on Product and 1 Year Additional on Panel'],tv
SAMSUNG 6 108 cm (43 inch) QLED Ultra HD (4K) Smart Tizen TV,SAMSUNG,54990,82400,33% off,5.0,3 Ratings & 0 Reviews,['Operating System: Tizen' 'Ultra HD (4K) 3840 x 2160 Pixels' '1 Year Comprehensive Warranty on Product and 1 Year Additional on Panel'],tv
Hisense U6G Series 164 cm (65 inch) QLED Ultra HD (4K) Smart Android TV Full Array Local Dimming,Hisense,76700,109990,30% off,4.3,518 Ratings & 94 Reviews,['Operating System: Android' 'Ultra HD (4K) 3840 x 2160 Pixels' '2 Years Comprehensive Warranty'],tv
PHILIPS 6800 Series 108 cm (43 inch) Full HD LED Smart Linux based TV,PHILIPS,26490,35990,26% off,4.1,111 Ratings & 17 Reviews,['Operating System: Linux based' 'Full HD 1920 x 1080 Pixels' '2 Years Manufacturer Warranty Upon the Date of Purchase'],tv
SAMSUNG The Serif Series 123 cm (49 inch) QLED Ultra HD (4K) Smart Tizen TV,SAMSUNG,63741,129900,50% off,4.4,43 Ratings & 3 Reviews,['Operating System: Tizen' 'Ultra HD (4K) 3840 x 2160 Pixels' '1 Year Comprehensive Warranty on Product and 1 Year Additional warranty on Panel'],tv
MOTOROLA Revou 2 102 cm (40 inch) Full HD LED Smart Android TV,MOTOROLA,18999,30000,36% off,4.2,1598 Ratings & 240 Reviews,['Operating System: Android' 'Full HD 1920 x 1080 Pixels' '1 Year Warranty on Product'],tv
LG C9 138 cm (55 inch) OLED Ultra HD (4K) Smart WebOS TV,LG,149999,229990,34% off,4.6,13 Ratings & 0 Reviews,['Operating System: WebOS' 'Ultra HD (4K) 3840 x 2160 Pixels' '1 Year LG India Comprehensive Warranty and additional 1 year Warranty is applicable on Panel/Module from the date of purchase.'],tv
LG Nanocell 108 cm (43 inch) Ultra HD (4K) LED Smart WebOS TV,LG,38999,59990,34% off,4.4,615 Ratings & 88 Reviews,['Operating System: WebOS' 'Ultra HD (4K) 3840 x 2160 Pixels' '1 Year LG India Comprehensive Warranty and additional 1 year Warranty is applicable on Panel/Module from the date of purchase.'],tv
Xiaomi OLED Vision 138.8 cm (55 inches) 4K Ultra HD Smart Android TV with Dolby Vision IQ and Dolby At...,Xiaomi,99999,199999,50% off,4.3,33 Ratings & 10 Reviews,['Operating System: Android' 'Ultra HD (4K) 3840 x 2160 Pixels' '1 Year Warranty on Product and 2 Years for Panel'],tv
SAMSUNG 108 cm (43 inch) Ultra HD (4K) LED Smart Tizen TV,SAMSUNG,45400,56900,20% off,4.3,17 Ratings & 3 Reviews,['Operating System: Tizen' 'Ultra HD (4K) 1920 x 1080 Pixels' '1 Year Comprehensive Manufacturer Warranty on Product and 1 Year Additional Warranty on Panel'],tv
TCL P2MUS 163.8 cm (65 inch) Ultra HD (4K) LED Smart Android Based TV,TCL,79999,149900,46% off,4.0,3 Ratings & 0 Reviews,['Operating System: Android Based' 'Ultra HD (4K) 3840 x 2160 Pixels' '18 Months'],tv
Nokia 127 cm (50 inch) Ultra HD 4K LED Smart Android TV with Sound by JBL and Powered by Harman AudioE...,Nokia,35999,59999,40% off,4.3,3592 Ratings & 582 Reviews,['Operating System: Android' 'Ultra HD (4K) 3840 x 2160 Pixels' '1 Year Warranty on Product'],tv
LG 164 cm (65 inch) Ultra HD (4K) LED Smart WebOS TV,LG,72999,119990,39% off,4.4,11059 Ratings & 1366 Reviews,['Operating System: WebOS' 'Ultra HD (4K) 3840 x 2160 Pixels' '1 Year LG India Comprehensive Warranty and additional 1 year Warranty is applicable on Panel/Module from the date of purchase.'],tv
SONY Bravia 123.2 cm (49 inch) Ultra HD (4K) LED Smart Android TV,SONY,60999,76900,20% off,4.6,292 Ratings & 54 Reviews,"['Operating System: Android' 'Ultra HD (4K) 3840 x 2160 Pixels' ""1 year Comprehensive warranty by the manufacture from the date of purchase | Contact Brand toll free number for assistance and provide product's model name and seller's details mentioned on your invoice. The service center will allot you a convenient slot for the service.""]",tv
LG 80 cm (32 inch) HD Ready LED Smart WebOS TV,LG,19990,29999,33% off,4.5,632 Ratings & 112 Reviews,['Operating System: WebOS' 'HD Ready 1366 x 768 Pixels' '1 Year Warranty'],tv
LG 109.22 cm (43 inch) Ultra HD (4K) LED Smart TV,LG,38990,59490,34% off,4.2,5 Ratings & 0 Reviews,['Ultra HD (4K) 3840 x 2160 Pixels' '1 Year LG India Comprehensive Warranty and Additional 1 Year Warranty is Applicable on Panel/Module'],tv
SAMSUNG 8 108 cm (43 inch) Ultra HD (4K) LED Smart Tizen TV,SAMSUNG,46900,54900,14% off,4.3,18 Ratings & 0 Reviews,['Netflix|Disney+Hotstar|Youtube' 'Operating System: Tizen' 'Ultra HD (4K) 3840 x 2160 Pixels' '20 W Speaker Output' '60 Hz Refresh Rate' '3 x HDMI | 2 x USB' '1 Year Comprehensive Warranty on Product.'],tv
DETEL 108 cm (43 inch) Full HD LED Smart Android TV,DETEL,23490,44900,47% off,4.1,75 Ratings & 6 Reviews,['Operating System: Android' 'Full HD 1920 x 1080 Pixels' '1 Year Manufacturer Warranty'],tv
LG Nanocell 139 cm (55 inch) Ultra HD (4K) LED Smart WebOS TV,LG,141520,166990,15% off,4.9,15 Ratings & 6 Reviews,['Operating System: WebOS' 'Ultra HD (4K) 3840 x 2160 Pixels' '1 Year LG India Comprehensive Warranty and additional 1 year Warranty is applicable on Panel/Module from the date of purchase.'],tv
LG 123 cm (49 inch) Ultra HD (4K) LED Smart WebOS TV,LG,78499,110990,29% off,4.3,19 Ratings & 2 Reviews,['Operating System: WebOS' 'Ultra HD (4K) 3840 x 2160 Pixels' '1 Year LG India Comprehensive Warranty and additional 1 year Warranty is applicable on panel/module'],tv
SONY Bravia 108 cm (43 inch) Ultra HD (4K) LED Smart Android TV,SONY,46990,66900,29% off,4.6,159 Ratings & 32 Reviews,"['Operating System: Android' 'Ultra HD (4K) 3840 x 2160 Pixels' ""1 year Comprehensive warranty by the manufacture from the date of purchase | Contact Brand toll free number for assistance and provide product's model name and seller's details mentioned on your invoice. The service center will allot you a convenient slot for the service.""]",tv
LG UQ75 108 cm (43 inch) Ultra HD (4K) LED Smart WebOS TV,LG,33110,49445,33% off,4.4,16 Ratings & 1 Reviews,['Operating System: WebOS' 'Ultra HD (4K) Ultra HD 3840 x 2160 Pixels' '1 Year Standard Manufacturer Warranty From LG'],tv
MOTOROLA ZX Pro 139 cm (55 inch) Ultra HD (4K) LED Smart Android TV with Wireless Gamepad,MOTOROLA,45999,61999,25% off,4.3,13935 Ratings & 2151 Reviews,['Operating System: Android' 'Ultra HD (4K) 3840 x 2160 Pixels' '1 Year Warranty on Product'],tv
SAMSUNG 139 cm (55 inch) QLED Ultra HD (4K) Smart Tizen TV,SAMSUNG,76970,134900,42% off,4.6,11 Ratings & 0 Reviews,['Operating System: Tizen' 'Ultra HD (4K) 3840 x 2160 Pixels' '1 Year Comprehensive Manufacturer Warranty on Product and 1 Year Additional Warranty on Panel'],tv
Sansui Prime Series 80 cm (32 inch) HD Ready LED Smart Android Based TV with Bezel-less Design (BLACK)...,Sansui,15548,19990,22% off,5.0,5 Ratings & 1 Reviews,['Operating System: Android Based' 'HD Ready 1366 x 768 Pixels' '1 Year Comprehensive Warranty'],tv
SONY Bravia W672G 125.7 cm (50 inch) Full HD LED Smart Linux based TV,SONY,53100,77865,31% off,4.5,968 Ratings & 176 Reviews,"['Operating System: Linux based' 'Full HD 1920 x 1080 Pixels' ""1 year Comprehensive warranty by the manufacture from the date of purchase | Contact Brand toll free number for assistance and provide product's model name and seller's details mentioned on your invoice. The service center will allot you a convenient slot for the service.""]",tv
Lloyd 80 cm (32 inch) HD Ready LED Smart Android TV,Lloyd,15999,29990,46% off,4.1,7 Ratings & 0 Reviews,['Operating System: Android' 'HD Ready 1366 x 768 Pixels' '1 Year Comprehensive Warranty on Product and 1 Year Additional Warranty on Panel'],tv
Haier Bezel Less Google Android TV - Smart AI Plus 80 cm (32 inch) HD Ready LED Smart Android TV,Haier,16999,24990,31% off,4.1,67 Ratings & 4 Reviews,['Operating System: Android' 'HD Ready 1366 x 768 Pixels' '1 Year Manufacturer Warranty'],tv
LG 139 cm (55 inch) OLED Ultra HD (4K) Smart WebOS TV,LG,134999,249990,45% off,4.6,88 Ratings & 10 Reviews,['Operating System: WebOS' 'Ultra HD (4K) 3840 x 2160 Pixels' '1 Year LG India Comprehensive Warranty and additional 1 year Warranty is applicable on Panel/Module from the date of purchase.'],tv
Coocaa 138 cm (55 inch) Ultra HD (4K) LED Smart Android TV with Google Assistant HDR 10 and Dolby Aud...,Coocaa,32999,73990,55% off,4.3,2823 Ratings & 631 Reviews,['Operating System: Android' 'Ultra HD (4K) 3840 x 2160 Pixels' '1 Year Domestic Warranty on Product'],tv
SAMSUNG 125 cm (50 inch) Ultra HD (4K) LED Smart Tizen TV,SAMSUNG,51890,70900,26% off,3.9,33 Ratings & 5 Reviews,['Operating System: Tizen' 'Ultra HD (4K) 3840 x 2160 Pixels' '1 Year Comprehensive Manufacturer Warranty on Product and 1 Year Additional Warranty on Panel'],tv
SAMSUNG 108 cm (43 inch) Ultra HD (4K) LED Smart Tizen TV,SAMSUNG,48990,60900,19% off,4.0,35 Ratings & 6 Reviews,['Operating System: Tizen' 'Ultra HD (4K) 3840 x 2160 Pixels' '1 Year Comprehensive Manufacturer Warranty on Product and 1 Year Additional Warranty on Panel'],tv
SAMSUNG Q Series 138 cm (55 inch) QLED Ultra HD (4K) Smart Tizen TV,SAMSUNG,159500,244900,34% off,4.4,16 Ratings & 6 Reviews,['Operating System: Tizen' 'Ultra HD (4K) 3840 x 2160 Pixels' '1 Year Comprehensive and 1 Year Additional on Panel from Samsung'],tv
LG Nanocell 139 cm (55 inch) Ultra HD (4K) LED Smart WebOS TV,LG,87999,149990,41% off,4.6,40 Ratings & 8 Reviews,['Operating System: WebOS' 'Ultra HD (4K) 3840 x 2160 Pixels' '1 Year LG India Comprehensive Warranty and additional 1 year Warranty is applicable on Panel/Module from the date of purchase.'],tv
LEEMA 60 cm (24 inch) HD Ready LED Smart Android Based TV with Android 9.0 Powerful Audio 16W Box Spe...,LEEMA,6290,10990,42% off,4.4,5 Ratings & 1 Reviews,['Operating System: Android Based' 'HD Ready 1366*768 Pixels' '6 Month Domestic'],tv
Thomson 9R Series 126 cm (50 inch) Ultra HD (4K) LED Smart Android TV,Thomson,29999,35499,15% off,4.4,15183 Ratings & 3547 Reviews,['Operating System: Android' 'Ultra HD (4K) 3840 x 2160 Pixels' '1 Year Warranty on Product & 6 Months on Accessories'],tv
LG CX 164 cm (65 inch) OLED Ultra HD (4K) Smart WebOS TV,LG,187999,379990,50% off,5.0,3 Ratings & 1 Reviews,['Operating System: WebOS' 'Ultra HD (4K) 3840 x 2160 Pixels' '1 Year LG India Comprehensive Warranty and additional 1 year Warranty is applicable on Panel/Module from the date of purchase.'],tv
SONY Bravia 163.9 cm (65 inch) Ultra HD (4K) LED Smart Google TV,SONY,92330,179900,48% off,4.7,344 Ratings & 78 Reviews,"['Operating System: Google TV' 'Ultra HD (4K) 3840 x 2160 Pixels' ""1 year Comprehensive warranty by the manufacture from the date of purchase | Contact Brand toll free number for assistance and provide product's model name and seller's details mentioned on your invoice. The service center will allot you a convenient slot for the service.""]",tv
Panasonic FX600 Series 139 cm (55 inch) Ultra HD (4K) LED Smart Linux based TV,Panasonic,69999,109900,36% off,4.1,15 Ratings & 2 Reviews,['Operating System: Linux based' 'Ultra HD (4K) 3840 x 2160 Pixels' '1 Year Warranty'],tv
SONY Bravia 108 cm (43 inch) Ultra HD (4K) LED Smart TV,SONY,59990,72900,17% off,4.5,81 Ratings & 12 Reviews,"['Ultra HD (4K) 3840 x 2160 pixels Pixels' ""1 year Comprehensive warranty by the manufacture from the date of purchase | Contact Brand toll free number for assistance and provide product's model name and seller's details mentioned on your invoice. The service center will allot you a convenient slot for the service.""]",tv
LG Nanocell 164 cm (65 inch) Ultra HD (4K) LED Smart WebOS TV,LG,114990,229990,50% off,4.9,15 Ratings & 0 Reviews,['Operating System: WebOS' 'Ultra HD (4K) 3840 x 2160 Pixels' '1 Year LG India Comprehensive Warranty and additional 1 year Warranty is applicable on Panel/Module from the date of purchase.'],tv
TCL 138.7 cm (55 inch) Ultra HD (4K) LED Smart Android TV,TCL,55499,89900,38% off,4.2,108 Ratings & 29 Reviews,['Operating System: Android' 'Ultra HD (4K) 3840 x 2160 Pixels' '2 Year Product Warranty'],tv
PHILIPS 6600 Series 126 cm (50 inch) Ultra HD (4K) LED Smart Linux based TV,PHILIPS,39999,105990,62% off,4.2,779 Ratings & 97 Reviews,['Operating System: Linux based' 'Ultra HD (4K) 3840 x 2160 Pixels' '2 Years Comprehensive Warranty from Date of Purchase'],tv
Adsun 98.9 cm (39 inch) HD Ready LED Smart Android Based TV,Adsun,12349,22999,46% off,3.9,14297 Ratings & 2153 Reviews,['Operating System: Android Based' 'HD Ready 1366 x 768 Pixels' '1 Year Warranty on Product'],tv
LG OLED BX 164 cm (65 inch) OLED Ultra HD (4K) Smart WebOS TV,LG,183080,349990,47% off,3.8,4 Ratings & 1 Reviews,['Operating System: WebOS' 'Ultra HD (4K) 3840 x 2160 Pixels' '1 Year LG India Comprehensive Warranty and additional 1 year Warranty is applicable on Panel/Module from the date of purchase.'],tv
Sansui Prime Series 80 cm (32 inch) HD Ready LED TV with 20W Speaker (Black) (2021 Model),Sansui,9999,17990,44% off,4.0,149 Ratings & 16 Reviews,['HD Ready 1366 x 768 Pixels' '1 Year Comprehensive Warranty'],tv
LG 165.1 cm (65 inch) OLED Ultra HD (4K) Smart TV,LG,209990,359990,41% off,5.0,5 Ratings & 1 Reviews,['Ultra HD (4K) 3840 x 2160 Pixels' '1 Year LG India Comprehensive Warranty and additional 1 year Warranty is applicable on Panel/Module from the date of purchase.'],tv
Compaq HUEQ G50B 127 cm (50 inch) Ultra HD (4K) LED Smart Android TV,Compaq,31999,54999,41% off,4.3,33 Ratings & 4 Reviews,['Operating System: Android' 'Ultra HD (4K) 3840 x 2160 Pixels' '1 Year Warranty on Product'],tv
SAMSUNG 108 cm (43 inch) Full HD LED Smart Tizen TV,SAMSUNG,35900,45990,21% off,4.5,4 Ratings & 0 Reviews,['Operating System: Tizen' 'Full HD 1920 x 1080 Pixels' '1 Year Comprehensive Manufacturer Warranty on Product and 1 Year Additional Warranty on Panel'],tv
LG 139.7 cm (55 inch) Ultra HD (4K) LED Smart WebOS TV with True Cinema Experience Unlimited Entertai...,LG,54720,89990,39% off,4.8,8 Ratings & 2 Reviews,['Operating System: WebOS' 'Ultra HD (4K) 3840 x 2160 Pixels' '1Year Warranty Provided by the Manufacturer from Date of Purchase'],tv
SAMSUNG N4200 80 cm (32 inch) HD Ready LED Smart Tizen TV,SAMSUNG,22499,24900,9% off,4.3,62 Ratings & 4 Reviews,['Operating System: Tizen' 'HD Ready 1366 x 768 Pixels' '1 Year Comprehensive and 1 Year Additional on Panel from Samsung'],tv
SAMSUNG 108 cm (43 inch) Full HD LED Smart Tizen TV,SAMSUNG,34990,40400,13% off,4.2,13 Ratings & 3 Reviews,['Operating System: Tizen' 'Full HD 1920 x 1080 Pixels' '1 Year Comprehensive Warranty on Product and 1 Year Additional warranty on Panel'],tv
Mi 4A Horizon Edition 80 cm (32 inch) HD Ready LED Smart Android TV,Mi,17490,18999,7% off,4.4,20184 Ratings & 1859 Reviews,['Operating System: Android' 'HD Ready 1366 x 768 Pixels' '1 Year on Product and 2 Years for Panel'],tv
SONY Bravia 123 cm (49 inch) Ultra HD (4K) LED Smart Android TV,SONY,75099,89900,16% off,4.5,81 Ratings & 12 Reviews,"['Operating System: Android' 'Ultra HD (4K) 3840 x 2160 Pixels' ""1 year Comprehensive warranty by the manufacture from the date of purchase | Contact Brand toll free number for assistance and provide product's model name and seller's details mentioned on your invoice. The service center will allot you a convenient slot for the service.""]",tv
SAMSUNG Q70RAK 138 cm (55 inch) QLED Ultra HD (4K) Smart Tizen TV,SAMSUNG,128999,169900,24% off,4.6,13 Ratings & 0 Reviews,['Operating System: Tizen' 'Ultra HD (4K) 3840 x 2160 Pixels' '1 Year Comprehensive and 2 Year Additional on Panel from Samsung'],tv
SAMSUNG 7 138 cm (55 inch) Ultra HD (4K) LED Smart Tizen TV,SAMSUNG,57800,79400,27% off,3.0,3 Ratings & 0 Reviews,['Operating System: Tizen' 'Ultra HD (4K) 3840 x 2160 Pixels' '1 Year Comprehensive Warranty on Product.'],tv
LG 139.7 cm (55 inch) Ultra HD (4K) LED Smart TV,LG,56000,63232,11% off,4.8,12 Ratings & 5 Reviews,['Ultra HD (4K) Ultra HD 3840 x 2160 Pixels' '3 years warranty provided by the manufacture from the date of purchase'],tv
SONY 139 cm (55 inch) Ultra HD (4K) LED Smart Android Based TV,SONY,99990,129990,23% off,4.8,9 Ratings & 1 Reviews,"['Operating System: Android Based' 'Ultra HD (4K) 3840 x 2160 Pixels' ""1 year Comprehensive warranty by the manufacture from the date of purchase | Contact Brand toll free number for assistance and provide product's model name and seller's details mentioned on your invoice. The service center will allot you a convenient slot for the service.""]",tv
SAMSUNG Q Series 163 cm (65 inch) QLED Ultra HD (4K) Smart Tizen TV,SAMSUNG,341900,399900,14% off,2.3,4 Ratings & 1 Reviews,['Operating System: Tizen' 'Ultra HD (4K) 3840 x 2160 Pixels' '1 Year Comprehensive and 1 Year Additional on Panel from Samsung'],tv
TCL P725 126 cm (50 inch) Ultra HD (4K) LED Smart Android TV,TCL,35990,70990,49% off,4.4,80 Ratings & 4 Reviews,['Operating System: Android' 'Ultra HD (4K) 3840 Ã 2160 Pixels' '2 Year Product Warranty'],tv
SAMSUNG The Serif Series 138 cm (55 inch) QLED Ultra HD (4K) Smart Tizen TV,SAMSUNG,89990,163900,45% off,4.4,43 Ratings & 3 Reviews,['Operating System: Tizen' 'Ultra HD (4K) 3840 x 2160 Pixels' '1 Year Comprehensive Warranty on Product and 1 Year Additional warranty on Panel'],tv
Vu Premium 164 cm (65 inch) Ultra HD (4K) LED Smart Android TV,Vu,53990,75000,28% off,4.4,24776 Ratings & 3858 Reviews,['Operating System: Android' 'Ultra HD (4K) 3840 x 2160 Pixels' '1 Year Vu Domestic Warranty'],tv
Blaupunkt Cybersound 108 cm (43 Inch) Full HD LED Smart Android TV with 40W Speaker,Blaupunkt,16999,28999,41% off,4.4,10127 Ratings & 2294 Reviews,['Operating System: Android' 'Full HD 1920 x 1080 Pixels' '1 Year Warranty on Product and 6 Months on Accessories'],tv
MarQ by Flipkart Innoview 108 cm (43 inch) Ultra HD (4K) LED Smart Android TV,MarQ,29290,34999,16% off,4.3,5773 Ratings & 1053 Reviews,['Operating System: Android' 'Ultra HD (4K) 3840x2160 Pixels' '1 Year Warranty on Product'],tv
SAMSUNG 147 cm (58 inch) QLED Ultra HD (4K) Smart Tizen TV,SAMSUNG,129999,159999,18% off,4.0,1 Ratings & 1 Reviews,['Operating System: Tizen' 'Ultra HD (4K) 3840 x 2160 Pixels' '1 Year Comprehensive and 1 Year Additional on Panel'],tv
Hyundai 60 cm (24 inch) HD Ready LED TV,Hyundai,8999,15000,40% off,4.4,18 Ratings & 3 Reviews,['HD Ready 1366 x 768 Pixels' '1 Year Warranty on Product and 6 Months on Remote'],tv
SAMSUNG Q Series 163 cm (65 inch) QLED Ultra HD (4K) Smart Tizen TV,SAMSUNG,258999,419900,38% off,3.0,2 Ratings & 1 Reviews,['Operating System: Tizen' 'Ultra HD (4K) 3840 x 2160 Pixels' '1 Year Comprehensive and 1 Year Additional on Panel from Samsung'],tv
LG 164 cm (65 inch) OLED Ultra HD (4K) Smart WebOS TV,LG,249999,409990,39% off,4.8,4 Ratings & 1 Reviews,['Operating System: WebOS' 'Ultra HD (4K) 3840 x 2160 Pixels' '1 Year LG India Comprehensive Warranty and additional 1 year Warranty is applicable on panel/module'],tv
Coocaa 127 cm (50 inch) Ultra HD (4K) LED Smart Linux TV,Coocaa,27999,53990,48% off,4.2,435 Ratings & 92 Reviews,['Operating System: Linux' 'Ultra HD (4K) 3840 x 2160 Pixels' '1 Year Domestic Warranty'],tv
Vu Masterpiece 215 cm (85 inch) QLED Ultra HD (4K) Smart Android TV,Vu,259999,350000,25% off,4.2,22 Ratings & 6 Reviews,['Operating System: Android' 'Ultra HD (4K) 3840 x 2160 Pixels' '1 Year Vu Domestic Warranty'],tv
T-Series 60 cm (24 inch) HD Ready LED TV,T-Series,9990,12990,23% off,4.2,30 Ratings & 3 Reviews,['HD Ready 1366x768 Pixels' '1 Year Manufacturer Warranty'],tv
SAMSUNG Q70RAK 163 cm (65 inch) QLED Ultra HD (4K) Smart Tizen TV,SAMSUNG,224999,279900,19% off,5.0,2 Ratings & 1 Reviews,['Operating System: Tizen' 'Ultra HD (4K) 3840 x 2160 Pixels' '1 Year Comprehensive and 2 Year Additional on Panel from Samsung'],tv
ONIDA 139 cm (55 inch) Ultra HD (4K) LED Smart VIDAA TV,ONIDA,37999,68990,44% off,4.4,881 Ratings & 169 Reviews,['Operating System: VIDAA' 'Ultra HD (4K) 3840 x 2160 Pixels' '1 Year Warranty on Product From Onida'],tv
TCL C815 Series 164 cm (65 inch) QLED Ultra HD (4K) Smart Android TV With Integrated 2.1 Onkyo Soundba...,TCL,95890,269999,64% off,4.4,175 Ratings & 31 Reviews,['Operating System: Android' 'Ultra HD (4K) 3840 x 2160 Pixels' '2 Year Product Warranty'],tv
LG 139.7 cm (55 inch) Ultra HD (4K) LED Smart TV,LG,68490,79990,14% off,4.0,4 Ratings & 0 Reviews,['Ultra HD (4K) 3840 x 2160 Pixels' '1 Year LG India Comprehensive Warranty and additional 1 year Warranty is applicable on panel/module'],tv
Hyundai 126 cm (50 inch) Ultra HD (4K) LED Smart Android Based TV,Hyundai,30990,71990,56% off,4.4,8 Ratings & 3 Reviews,['Operating System: Android Based' 'Ultra HD (4K) 3840 x 2160 Pixels' '1 Year Warranty on Product and 6 Months on Remote'],tv
LG 164 cm (65 inch) Ultra HD (4K) LED Smart WebOS TV,LG,79990,129990,38% off,4.5,1788 Ratings & 249 Reviews,['Operating System: WebOS' 'Ultra HD (4K) 3840 x 2160 Pixels' '1 Year LG India Comprehensive Warranty and additional 1 year Warranty is applicable on Panel/Module from the date of purchase.'],tv
SAMSUNG 8 125 cm (50 inch) Ultra HD (4K) LED Smart Tizen TV,SAMSUNG,55826,73900,24% off,4.8,8 Ratings & 1 Reviews,['Operating System: Tizen' 'Ultra HD (4K) 3840 x 2160 Pixels' '1 Year Comprehensive Warranty on Product.'],tv
SAMSUNG Series 7 163 cm (65 inch) Ultra HD (4K) LED Smart Tizen TV,SAMSUNG,122299,209900,41% off,4.7,10 Ratings & 2 Reviews,['Operating System: Tizen' 'Ultra HD (4K) 3840 x 2160 Pixels' '1 Year Comprehensive and 1 Year Additional on Panel from Samsung'],tv
Hisense A6H 189 cm (75 inch) Ultra HD (4K) LED Smart Google TV with Hands Free Voice Control Dolby Vi...,Hisense,109990,150000,26% off,3.9,18 Ratings & 0 Reviews,['Operating System: Google TV' 'Ultra HD (4K) 3840 x 2160 Pixels' '2 Years Warranty on Product and Panel'],tv
SONY Bravia W672G 108 cm (43 inch) Full HD LED Smart Linux based TV,SONY,39699,59900,33% off,4.5,968 Ratings & 176 Reviews,"['Operating System: Linux based' 'Full HD 1920 x 1080 Pixels' ""1 year Comprehensive warranty by the manufacture from the date of purchase | Contact Brand toll free number for assistance and provide product's model name and seller's details mentioned on your invoice. The service center will allot you a convenient slot for the service.""]",tv
SAMSUNG Q60BAKL 125 cm (50 inch) QLED Ultra HD (4K) Smart Tizen TV,SAMSUNG,60864,99900,39% off,3.6,5 Ratings & 1 Reviews,['Operating System: Tizen' 'Ultra HD (4K) 3840 x 2160 Pixels' '1 Year Comprehensive Warranty on Product and 1 Year Additional on Panel'],tv
TOSHIBA U50 Series 139 cm (55 inch) Ultra HD (4K) LED Smart VIDAA TV with Dolby Vision & ATMOS,TOSHIBA,38990,54990,29% off,4.3,1083 Ratings & 140 Reviews,['Operating System: VIDAA' 'Ultra HD (4K) 3840 x 2160 Pixels' '1 Year Warranty'],tv
LG 2021 139.7 cm (55 inch) OLED Ultra HD (4K) Smart TV,LG,118999,229990,48% off,4.5,27 Ratings & 3 Reviews,['Ultra HD (4K) 4K Pixels' '1 Year LG India Comprehensive Warranty and additional 1 year Warranty is applicable on Panel/Module from the date of purchase.'],tv
LG OLED A1 Series 139 cm (55 inch) OLED Ultra HD (4K) Smart WebOS TV,LG,99999,189990,47% off,4.1,175 Ratings & 35 Reviews,['Operating System: WebOS' 'Ultra HD (4K) 3840 x 2160 Pixels' '1 Year LG India Comprehensive Warranty and additional 1 year Warranty is applicable on Panel/Module from the date of purchase.'],tv
LG 109.22 cm (43 inch) Ultra HD (4K) LED Smart WebOS TV,LG,35790,57990,38% off,4.6,14 Ratings & 0 Reviews,['Operating System: WebOS' 'Ultra HD (4K) 3840 x 2160 Pixels' '1 Year LG India Comprehensive Warranty and additional 1 year Warranty is applicable on panel/module'],tv
Thomson OATHPRO Series 108 cm (43 inch) Ultra HD (4K) LED Smart Android TV with Dolby Digital Plus & D...,Thomson,26999,37999,28% off,4.5,28566 Ratings & 7417 Reviews,['Operating System: Android' 'Ultra HD (4K) 3840 x 2160 Pixels' '1 Year Warranty on Product & 6 Months on Accessories'],tv
Sansui 127 cm (50 inch) Ultra HD (4K) LED Smart Android TV with Dolby Audio and DTS (Mystique Black) (...,Sansui,38420,45190,14% off,4.4,174 Ratings & 31 Reviews,['Operating System: Android' 'Ultra HD (4K) 3840 x 2160 Pixels' '1 Year Comprehensive Warranty on Product and Additional 1 Year Warranty on Panel'],tv
Hisense A56E 80 cm (32 inch) HD Ready LED Smart Android TV with 9.0 PIE,Hisense,17499,17990,2% off,4.2,3884 Ratings & 732 Reviews,['Operating System: Android' 'HD Ready 1366 x 768 Pixels' '1 Year Warranty'],tv
SAMSUNG The Frame 2020 Series 163 cm (65 inch) QLED Ultra HD (4K) Smart Tizen TV,SAMSUNG,122290,222900,45% off,4.5,4562 Ratings & 670 Reviews,['Operating System: Tizen' 'Ultra HD (4K) 3840 x 2160 Pixels' '1 Year Comprehensive Warranty on Product and 1 Year Additional warranty on Panel'],tv
SONY Bravia 126 cm (50 inch) Ultra HD (4K) LED Smart Google TV,SONY,74400,99900,25% off,4.7,344 Ratings & 78 Reviews,"['Operating System: Google TV' 'Ultra HD (4K) 3840 x 2160 Pixels' ""1 year Comprehensive warranty by the manufacture from the date of purchase | Contact Brand toll free number for assistance and provide product's model name and seller's details mentioned on your invoice. The service center will allot you a convenient slot for the service.""]",tv
Coocaa 109 cm (43 inch) Ultra HD (4K) LED Smart Android TV with Google Assistant HDR 10 and Dolby Aud...,Coocaa,22999,54990,58% off,4.3,2823 Ratings & 631 Reviews,['Operating System: Android' 'Ultra HD (4K) 3840 x 2160 Pixels' '1 Year Domestic Warranty on Product'],tv
LG 139 cm (55 inch) Ultra HD (4K) LED Smart WebOS TV,LG,52999,89990,41% off,4.5,1788 Ratings & 249 Reviews,['Operating System: WebOS' 'Ultra HD (4K) 3840 x 2160 Pixels' '1 Year LG India Comprehensive Warranty and additional 1 year Warranty is applicable on Panel/Module from the date of purchase.'],tv
LG OLED A1 Series 164 cm (65 inch) OLED Ultra HD (4K) Smart WebOS TV,LG,164990,299990,45% off,4.1,175 Ratings & 35 Reviews,['Operating System: WebOS' 'Ultra HD (4K) 3840 x 2160 Pixels' '1 Year LG India Comprehensive Warranty and additional 1 year Warranty is applicable on Panel/Module from the date of purchase.'],tv
Panasonic 80 cm (32 inch) HD Ready LED Smart TV,Panasonic,20490,25490,19% off,4.3,10 Ratings & 1 Reviews,['HD Ready 1366 x 768 Pixels' '1 Year Complete  1 year on panel'],tv
TCL P715 164 cm (65 Inch) Ultra HD (4K) LED Smart Android TV with Full Screen & Handsfree Voice Contro...,TCL,63999,159990,59% off,4.3,1048 Ratings & 110 Reviews,['Operating System: Android' 'Ultra HD (4K) 3840 x 2160 Pixels' '2 Year Product Warranty'],tv
Hyundai 80 cm (32 inch) HD Ready LED TV,Hyundai,9999,18990,47% off,4.0,50 Ratings & 7 Reviews,['HD Ready 1366 x 768 Pixels' '1 Year Warranty on Product and 6 Months on Remote'],tv
KODAK 7XPro 139 cm (55 inch) Ultra HD (4K) LED Smart Android TV with 40W Sound Output & Bezel-Less Des...,KODAK,28999,46999,38% off,4.4,6339 Ratings & 1448 Reviews,['Operating System: Android' 'Ultra HD (4K) 3840 x 2160 Pixels' '1 Year Warranty on Product and 6 Months on Accessories'],tv
OnePlus Q1 Series 138.8 cm (55 inch) QLED Ultra HD (4K) Smart Android TV Sliding Soundbar,OnePlus,84990,99900,14% off,4.4,74 Ratings & 11 Reviews,['Operating System: Android' 'Ultra HD (4K) 3840 x 2160 Pixels' '1 year warranty on product and 1 year warranty on panel'],tv
RGL 60 cm (24 inch) HD Ready LED HomeOS TV,RGL,9490,12990,26% off,4.1,823 Ratings & 110 Reviews,['Operating System: HomeOS' 'HD Ready 1366 x 768 Pixels' '1 Year Warranty'],tv
Lloyd 80 cm (32 inch) HD Ready LED Smart Android TV,Lloyd,15200,29990,49% off,4.1,7 Ratings & 0 Reviews,['Operating System: Android' 'HD Ready 1366 x 768 Pixels' '1 Year Comprehensive Warranty on Product and 1 Year Additional Warranty on Panel'],tv
TCL P2MUS 138.7 cm (55 inch) Ultra HD (4K) LED Smart Android TV,TCL,47499,79990,40% off,3.9,29 Ratings & 9 Reviews,['Operating System: Android' 'Ultra HD (4K) 3840 x 2160 Pixels' '18 Months'],tv
KODAK 7XPro 108 cm (43 inch) Ultra HD (4K) LED Smart Android TV with 40W Sound Output & Bezel-Less Des...,KODAK,19999,33999,41% off,4.4,6339 Ratings & 1448 Reviews,['Operating System: Android' 'Ultra HD (4K) 3840 x 2160 Pixels' '1 Year Warranty on Product and 6 Months on Accessories'],tv
SAMSUNG The Frame 2021 Series 138 cm (55 inch) QLED Ultra HD (4K) Smart Tizen TV,SAMSUNG,75990,144900,47% off,4.2,1379 Ratings & 179 Reviews,['Operating System: Tizen' 'Ultra HD (4K) 3840 x 2160 Pixels' '1 Year comprehensive warranty and 1 year additional on Panel.'],tv
TCL C715 Series 139 cm (55 inch) QLED Ultra HD (4K) Smart Android TV with Handsfree Voice Control & Do...,TCL,41488,129990,68% off,4.3,781 Ratings & 127 Reviews,['Operating System: Android' 'Ultra HD (4K) 3840 x 2160 Pixels' '2 Year Product Warranty'],tv
Akai 60 cm (24 inch) HD Ready LED TV,Akai,7990,15990,50% off,4.2,5 Ratings & 0 Reviews,['HD Ready 1366*768 Pixels' '1 Year Comprehensive Warranty'],tv
SAMSUNG 80 cm (32 inch) HD Ready LED Smart Tizen TV,SAMSUNG,16700,21900,23% off,4.0,59 Ratings & 3 Reviews,['Operating System: Tizen' 'HD Ready 1366 x 768 Pixels' '1 Year Comprehensive Warranty on Product and 1 Year Additional warranty on Panel'],tv
SONY Bravia 138.8 cm (55 inch) Ultra HD (4K) LED Smart Google TV,SONY,111999,125000,10% off,4.7,1652 Ratings & 348 Reviews,"['Operating System: Google TV' 'Ultra HD (4K) 3840 x 2160 Pixels' ""1 year Comprehensive warranty by the manufacture from the date of purchase | Contact Brand toll free number for assistance and provide product's model name and seller's details mentioned on your invoice. The service center will allot you a convenient slot for the service.""]",tv
Haier E-series 165 cm (65 inch) Ultra HD (4K) LED Smart Android TV,Haier,99999,149990,33% off,4.4,7 Ratings & 1 Reviews,['Operating System: Android' 'Ultra HD (4K) 3840 x 2160 Pixels' '1 Year Warranty on Product and 1 Year Additional on Panel'],tv
TCL C715 Series 164 cm (65 inch) QLED Ultra HD (4K) Smart Android TV with Handsfree Voice Control & Do...,TCL,79999,189990,57% off,4.3,781 Ratings & 127 Reviews,['Operating System: Android' 'Ultra HD (4K) 3840 x 2160 Pixels' '2 Year Product Warranty'],tv
Haier Google Certified Android 9.0 105 cm (42 inch) Full HD LED Smart Android TV,Haier,27990,43990,36% off,4.7,14 Ratings & 0 Reviews,['Netflix|Youtube' 'Operating System: Android' 'Full HD 1920 x 1080 Pixels' '20 W Speaker Output' '60 Hz Refresh Rate' '3 x HDMI | 2 x USB' '1 Year Manufacturer Warranty'],tv
SONY 139 cm (55 Inch) Ultra HD (4K) LCD Smart Google TV,SONY,77365,129900,40% off,3.7,3 Ratings & 0 Reviews,"['Operating System: Google TV' 'Ultra HD (4K) 3840 x 2160 Pixels' ""1 year Comprehensive warranty by the manufacture from the date of purchase | Contact Brand toll free number for assistance and provide product's model name and seller's details mentioned on your invoice. The service center will allot you a convenient slot for the service.""]",tv
TCL P715 126 cm (50 inch) Ultra HD (4K) LED Smart Android TV with Full Screen & Handsfree Voice Contro...,TCL,42999,89990,52% off,4.3,1048 Ratings & 110 Reviews,['Operating System: Android' 'Ultra HD (4K) 3840 x 2160 Pixels' '2 Year Product Warranty'],tv
Nokia 109 cm (43 inch) Full HD LED Smart Android TV with Sound by Onkyo and Dolby Atmos,Nokia,23999,39999,40% off,4.3,17931 Ratings & 3112 Reviews,['Operating System: Android' 'Full HD 1920 x 1080 Pixels' '1 Year Warranty on Product'],tv
Dyanora Sigma 108 cm (43 inch) Full HD LED Smart Linux TV with 40 Watt Box Speakers & Bezel-Less Desig...,Dyanora,13999,29999,53% off,4.2,149 Ratings & 28 Reviews,['Operating System: Linux' 'Full HD 1920 x 1080 Pixels' '1 Year Manufacturer Warranty from the Date of Purchase'],tv
LG 108 cm (43 inch) Ultra HD (4K) LED Smart WebOS TV,LG,43984,54990,20% off,4.4,170 Ratings & 29 Reviews,['Operating System: WebOS' 'Ultra HD (4K) 3840 x 2160 Pixels' '1Year Warranty Provided by the Manufacturer from Date of Purchase'],tv
MarQ by Flipkart Innoview 80 cm (32 inch) HD Ready LED Smart Android TV,MarQ,16999,19999,15% off,4.1,6888 Ratings & 911 Reviews,['Operating System: Android' 'HD Ready 1366 x 768 Pixels' '1 Year Warranty on Product'],tv
Candes 60 cm (24 inch) HD Ready LED TV 2021 Edition,Candes,5990,15990,62% off,4.0,365 Ratings & 53 Reviews,['HD Ready 1366 x 768 Pixels' '1 Year Candes Domestic Warranty'],tv
SAMSUNG 138 cm (55 inch) QLED Ultra HD (4K) Smart TV,SAMSUNG,140160,211900,33% off,4.6,169 Ratings & 34 Reviews,['Ultra HD (4K) 3840 x 2160 Pixels' '1 Year Comprehensive Warranty on Product and 1 Year Additional on Panel'],tv
LG 177.8 cm (70 inch) Ultra HD (4K) LED Smart WebOS TV,LG,90480,149990,39% off,4.5,4 Ratings & 1 Reviews,['Operating System: WebOS' 'Ultra HD (4K) 3840 x 2160 Pixels' '1 Year Warranty on Product and 1 Year on Panel'],tv
Sansui 80 cm (32 inch) HD Ready LED Smart Linux TV,Sansui,9999,14990,33% off,4.2,562 Ratings & 40 Reviews,['Operating System: Linux' 'HD Ready 1366 x 768 Pixels' '1 Year Comprehensive and 1 Year Additional Warranty on LED Panel'],tv
TCL P615 164 cm (65 inch) Ultra HD (4K) LED Smart Android TV,TCL,59990,119990,50% off,4.4,44 Ratings & 9 Reviews,['Operating System: Android' 'Ultra HD (4K) 3840 x 2160 Pixels' '2 Year Product Warranty'],tv
Haier 108 cm (43 inch) Ultra HD (4K) LED Smart Android TV,Haier,32877,52490,37% off,4.2,180 Ratings & 25 Reviews,['Operating System: Android' 'Ultra HD (4K) 3840 x 2160 Pixels' '2 year Warranty provided by the manufacturer from date of purchase'],tv
TCL S6500 Series 108 cm (43 inch) Full HD LED Smart Android TV,TCL,26690,51990,48% off,4.3,1656 Ratings & 160 Reviews,['Operating System: Android' 'Full HD 1920 x 1080 Pixels' '2 Year Product Warranty'],tv
LG 80 cm (32 inch) HD Ready LED Smart WebOS TV,LG,29499,32999,10% off,4.4,267 Ratings & 39 Reviews,['Operating System: WebOS' 'HD Ready 1366 x 768 Pixels' '1 Year LG India Comprehensive Warranty and additional 1 year Warranty is applicable on panel/module'],tv
Adsun 80 cm (32 inch) HD Ready LED TV,Adsun,7549,16999,55% off,3.9,14297 Ratings & 2153 Reviews,['HD Ready 1366 x 768 Pixels' '1 Year Warranty on Product'],tv
Nokia 139 cm (55 inch) Ultra HD (4K) LED Smart Android TV with Sound by Onkyo,Nokia,35999,59999,40% off,4.3,16236 Ratings & 2773 Reviews,['Operating System: Android' 'Ultra HD (4K) 3840 x 2160 Pixels' '1 Year Warranty on Product'],tv
Haier 109 cm (43 inch) Full HD LED Smart Android TV,Haier,32433,46990,30% off,4.5,29 Ratings & 4 Reviews,['Operating System: Android' 'Full HD 1920 x 1080 Pixels' '1 Year Manufacturer Warranty'],tv
SAMSUNG 163 cm (65 inch) Ultra HD (4K) LED Smart Tizen TV,SAMSUNG,89999,149900,39% off,4.5,29 Ratings & 4 Reviews,['Operating System: Tizen' 'Ultra HD (4K) 3840 x 2160 Pixels' '1 Year Comprehensive and 1 Year Additional on Panel from Samsung'],tv
SONY Bravia 80 cm (32 inch) HD Ready LED Smart Linux based TV,SONY,27999,30999,9% off,4.4,128 Ratings & 22 Reviews,"['Operating System: Linux based' 'HD Ready 1366 x 768 Pixels' ""1 year Comprehensive warranty by the manufacture from the date of purchase | Contact Brand toll free number for assistance and provide product's model name and seller's details mentioned on your invoice. The service center will allot you a convenient slot for the service.""]",tv
LG 109.22 cm (43 inch) Ultra HD (4K) LED Smart TV,LG,38304,56990,32% off,4.6,24 Ratings & 2 Reviews,['Ultra HD (4K) 3840*2160 Pixels' '1 Year LG India Comprehensive Warranty and additional 1 year Warranty is applicable on panel/module'],tv
Compaq HUEQ G43B 108 cm (43 inch) Ultra HD (4K) LED Smart Android TV,Compaq,25649,45999,44% off,4.0,42 Ratings & 12 Reviews,['Operating System: Android' 'Ultra HD (4K) 3840 x 2160 Pixels' '1 Year Warranty on Product'],tv
TCL S6500 Series 79.97 cm (32 inch) HD Ready LED Smart Android TV,TCL,17089,29990,43% off,4.3,1656 Ratings & 160 Reviews,['Operating System: Android' 'HD Ready 1366 x 768 Pixels' '2 Year Product Warranty'],tv
Yuwa Y32-S 80 cm (32 inch) HD Ready LED Smart Android TV with Voice Assistant | 5000+ Apps & Games and...,Yuwa,8299,17999,53% off,3.9,1241 Ratings & 231 Reviews,['Operating System: Android' 'HD Ready 1366*768 Pixels' '1 Year Manufacturer Warranty'],tv
HUIDI 80 cm (32 inch) HD Ready LED TV,HUIDI,6999,16599,57% off,4.0,6383 Ratings & 750 Reviews,['HD Ready 1366 x 768 Pixels' '1 Year Warranty'],tv
Candes 108 cm (43 inch) Ultra HD (4K) LED Smart Android TV,Candes,18790,48490,61% off,4.2,53 Ratings & 9 Reviews,['Operating System: Android' 'Ultra HD (4K) 3840 Ã 2160 Pixels' '1 Year Domestic Warranty from Candes'],tv
Vu 139 cm (55 inch) Ultra HD (4K) LED Smart WebOS TV with 3 Years warranty 2022 model,Vu,37990,56000,32% off,4.3,46 Ratings & 5 Reviews,['Operating System: WebOS' 'Ultra HD (4K) 3840 x 2160 Pixels' '3  Year Vu Domestic Warranty'],tv
Candes 108 cm (43 inch) Full HD LED Smart Android TV 2021 Edition,Candes,16990,38490,55% off,4.0,1464 Ratings & 283 Reviews,['Operating System: Android' 'Full HD 1920 x 1080 Pixels' '1 Year Candes Domestic Warranty'],tv
Nokia 164 cm (65 inch) Ultra HD (4K) LED Smart Android TV with Sound by Onkyo,Nokia,49999,79999,37% off,4.3,16236 Ratings & 2773 Reviews,['Operating System: Android' 'Ultra HD (4K) 3840 x 2160 Pixels' '1 Year Warranty on Product'],tv
PHILIPS 6900 Series 108 cm (43 inch) Full HD LED Smart Android TV,PHILIPS,27999,44990,37% off,4.1,170 Ratings & 33 Reviews,['Operating System: Android' 'Full HD 1920 x 1080 Pixels' '2 Years Warranty Provided by the Manufacturer Upon Date of Purchase'],tv
TCL 81.28 cm (32 inch) HD Ready LED Smart Android TV,TCL,13990,29990,53% off,4.4,5 Ratings & 1 Reviews,['Operating System: Android' 'HD Ready 1366 x 768 Pixels' '1 Year Warranty on Product'],tv
Dyanora 109 cm (43 inch) Full HD LED Smart Android TV with Noise Reduction Android 9.0 Google Voice ...,Dyanora,16299,32999,50% off,4.1,4635 Ratings & 658 Reviews,['Operating System: Android' 'Full HD 1920 x 1080 Pixels' '1 Year Manufacturer Warranty from the Date of Purchase.'],tv
Panasonic 100 cm (40 inch) Full HD LED Smart Android TV,Panasonic,32490,36990,12% off,4.3,8402 Ratings & 1179 Reviews,['Operating System: Android' 'Full HD 1920 x 1080 Pixels' '1 Year Warranty on Product from Date of Purchase'],tv
TCL P615 126 cm (50 inch) Ultra HD (4K) LED Smart TV with Dolby Audio,TCL,34980,68425,48% off,4.4,972 Ratings & 101 Reviews,['Ultra HD (4K) 3840x2160 Pixels' '2 Year Product Warranty'],tv
iMEE Elite 80 cm (32 inch) HD Ready LED Smart Android TV with with SRS Surround Sound (BEE 5 Star),iMEE,11999,19999,40% off,3.2,6 Ratings & 0 Reviews,['Operating System: Android' 'HD Ready 1366 x 768 Pixels' '1 Year Warranty from the Date of Purchase'],tv
LG UQ8020 108 cm (43 inch) Ultra HD (4K) LED Smart WebOS TV 2022 Edition,LG,38480,59990,35% off,4.5,1788 Ratings & 249 Reviews,['Operating System: WebOS' 'Ultra HD (4K) 3840 x 2160 Pixels' '1 Year LG India Comprehensive Warranty and additional 1 year Warranty is applicable on Panel/Module from the date of purchase.'],tv
Thomson OATHPRO Series 189 cm (75 inch) Ultra HD (4K) LED Smart Android TV with Dolby Digital Plus & D...,Thomson,84999,149999,43% off,4.5,28566 Ratings & 7417 Reviews,['Operating System: Android' 'Ultra HD (4K) 3840 x 2160 Pixels' '1 Year Warranty on Product & 6 Months on Accessories'],tv
LG NANO73 164 cm (65 inch) Ultra HD (4K) LED Smart WebOS TV,LG,88999,134990,34% off,4.4,615 Ratings & 88 Reviews,['Operating System: WebOS' 'Ultra HD (4K) 3840 x 2160 Pixels' '1 Year LG India Comprehensive Warranty and additional 1 year Warranty is applicable on Panel/Module from the date of purchase.'],tv
iMEE Premium 80 cm (32 inch) HD Ready LED Smart Android TV with with SRS Surround Sound (BEE 5 Star),iMEE,11499,18999,39% off,3.4,22 Ratings & 3 Reviews,['Operating System: Android' 'HD Ready 1366 x 768 Pixels' '1 Year Warranty from the Date of Purchase'],tv
Blaupunkt 189 cm (75 inch) Ultra HD (4K) LED Smart Android TV with Dolby Atmos & Dolby Vision,Blaupunkt,84999,149999,43% off,4.6,4750 Ratings & 1206 Reviews,['Operating System: Android' 'Ultra HD (4K) 3840 x 2160 Pixels' '1 Year Warranty on Product and 6 Months on Accessories'],tv
LEEMA 109 cm (43 inch) HD Ready LED Smart Android TV with 1GB+ 8GB Powerful Audio 30W Tube Speakers ...,LEEMA,14990,42990,65% off,4.4,5 Ratings & 1 Reviews,['Operating System: Android' 'HD Ready 1920*1080 Pixels' '1 Year Domestic'],tv
HUIDI 80 cm (32 inch) HD Ready LED Smart Android Based TV with Bezel Less Display,HUIDI,8499,15599,45% off,4.0,6383 Ratings & 750 Reviews,['Operating System: Android Based' 'HD Ready 1366 x 768 Pixels' '1 Year Warranty on Product'],tv
TCL P725 164 cm (65 inch) Ultra HD (4K) LED Smart Android TV,TCL,62990,109990,42% off,4.4,80 Ratings & 4 Reviews,['Operating System: Android' 'Ultra HD (4K) 3840 x 2160 Pixels' '2 Year Product Warranty'],tv
Vu Premium 108 cm (43 inch) Full HD LED Smart Android TV,Vu,18999,40000,52% off,4.3,35026 Ratings & 4772 Reviews,['Operating System: Android' 'Full HD 1920 x 1080 Pixels' '1 Year Vu Domestic Warranty'],tv
Compaq HUEQ W32N 80 cm (32 inch) HD Ready LED TV,Compaq,10999,17999,38% off,4.1,114 Ratings & 24 Reviews,['HD Ready 1366 x 768 Pixels' '1 Year Warranty on Product'],tv
Hisense A71F 108 cm (43 inch) Ultra HD (4K) LED Smart Android TV with Dolby Vision & ATMOS,Hisense,27990,36990,24% off,4.3,2973 Ratings & 602 Reviews,['Operating System: Android' 'Ultra HD (4K) 3840 x 2160 Pixels' '1 Year Warranty'],tv
XElectron Android 11 80 cm (32 inch) HD Ready LED Smart Android TV,XElectron,8999,19999,55% off,4.1,10 Ratings & 1 Reviews,['Operating System: Android' 'HD Ready 1366x768 Pixels' '1 Year Manufacturer Warranty'],tv
Dyanora 80 cm (32 inch) HD Ready LED Smart Android Based TV with Noise Reduction Android 9.0 Powerfu...,Dyanora,8899,18999,53% off,4.1,4635 Ratings & 658 Reviews,['Operating System: Android Based' 'HD Ready 1366 x 768 Pixels' '1 Year Manufacturer Warranty from the Date of Purchase'],tv
MarQ By Flipkart Innoview 108 cm (43 inch) Full HD LED Smart Android TV (43AAFHDM),MarQ,17999,28999,37% off,4.1,6888 Ratings & 911 Reviews,['Operating System: Android' 'Full HD 1920 x 1080 Pixels' '1 Year Warranty on Product'],tv
Hisense A71F 146 cm (58 inch) Ultra HD (4K) LED Smart Android TV with Dolby Vision & ATMOS,Hisense,43490,50990,14% off,4.3,215 Ratings & 46 Reviews,['Operating System: Android' 'Ultra HD (4K) 3840 x 2160 Pixels' '1 Year Warranty'],tv
TCL P725 108 cm (43 inch) Ultra HD (4K) LED Smart Android TV,TCL,28990,50990,43% off,4.4,80 Ratings & 4 Reviews,['Operating System: Android' 'Ultra HD (4K) 3840 Ã 2160 Pixels' '2 Year Product Warranty'],tv
Adsun 60 cm (24 inch) HD Ready LED TV,Adsun,5849,12999,55% off,3.9,14297 Ratings & 2153 Reviews,['HD Ready 1366 x 768 Pixels' '1 Year Warranty on Product'],tv
HUIDI 60 cm (24 inch) HD Ready LED TV,HUIDI,5499,10999,50% off,4.0,6383 Ratings & 750 Reviews,['HD Ready 1366 x 768 Pixels' '1 Year Warranty'],tv
SAMSUNG Series 7 163 cm (65 inch) Ultra HD (4K) LED Smart Tizen TV,SAMSUNG,159500,234900,32% off,4.1,7 Ratings & 0 Reviews,['Operating System: Tizen' 'Ultra HD (4K) 3840 x 2160 Pixels' '1 Year Comprehensive and 1 Year Additional on Panel from Samsung'],tv
Dyanora Sigma 80 cm (32 inch) HD Ready LED Smart Linux TV with 30 Watt Box Speakers & Bezel-Less Desig...,Dyanora,8499,18499,54% off,3.9,29 Ratings & 6 Reviews,['Operating System: Linux' 'HD Ready 1366 x 768 Pixels' '1 Year Manufacturer Warranty from the Date of Purchase'],tv
PHILIPS 6600 Series 146 cm (58 inch) Ultra HD (4K) LED Smart Linux based TV,PHILIPS,41999,43990,4% off,4.2,779 Ratings & 97 Reviews,['Operating System: Linux based' 'Ultra HD (4K) 3840 x 2160 Pixels' '2 Years Comprehensive Warranty from Date of Purchase'],tv
LG 108 cm (43 inch) Ultra HD (4K) LED Smart WebOS TV,LG,47834,58990,18% off,4.5,327 Ratings & 52 Reviews,['Operating System: WebOS' 'Ultra HD (4K) 3840 x 2160 Pixels' '1 Year LG India Comprehensive Warranty and additional 1 year Warranty is applicable on Panel/Module from the date of purchase.'],tv
KODAK CA Series 189 cm (75 inch) Ultra HD (4K) LED Smart Android TV with Dolby Digital Plus & DTS TruS...,KODAK,84999,149999,43% off,4.5,19605 Ratings & 5819 Reviews,['Operating System: Android' 'Ultra HD (4K) 3840 x 2160 Pixels' '1 Year Warranty on Product and 6 Months on Accessories'],tv
MOTOROLA Revou-Q 127 cm (50 inch) QLED Ultra HD (4K) Smart Android TV with Wireless Gamepad,MOTOROLA,49999,59999,16% off,4.3,1767 Ratings & 283 Reviews,['Operating System: Android' 'Ultra HD (4K) 3840Ã2160 Pixels' '1 Year Warranty on Product'],tv
RGL 127 cm (50 inch) Full HD LED Smart Android Based TV,RGL,35990,39990,10% off,4.0,2088 Ratings & 329 Reviews,['Operating System: Android Based' 'Full HD 1920 x 1080 Pixels' '1 Year Warranty'],tv
LG 139 cm (55 inch) OLED Ultra HD (4K) Smart WebOS TV,LG,156999,214990,26% off,4.5,32 Ratings & 7 Reviews,['Operating System: WebOS' 'Ultra HD (4K) 3840 x 2160 Pixels' '1 Year LG India Comprehensive Warranty and additional 1 year Warranty is applicable on panel/module'],tv
BeethoSOL 109 cm (43 inch) Full HD LED Smart Android TV,BeethoSOL,14699,41990,64% off,4.0,334 Ratings & 28 Reviews,['Operating System: Android' 'Full HD 1920 x 1080 Pixels' '1 Year Warranty'],tv
Adsun Frameless 109 cm (43 inch) Full HD LED Smart Android Based TV,Adsun,16149,39999,59% off,3.9,14297 Ratings & 2153 Reviews,['Operating System: Android Based' 'Full HD 1920 x 1080 Pixels' '3 Years Standard Manufacturer Warranty from Adsun'],tv
LG 164 cm (65 inch) Ultra HD (4K) LED Smart WebOS TV,LG,102060,219990,53% off,5.0,3 Ratings & 1 Reviews,['Operating System: WebOS' 'Ultra HD (4K) 3840 x 2160 Pixels' '1 Year LG India Comprehensive Warranty and additional 1 year Warranty is applicable on panel/module'],tv
InnoQ Thunder Audio Edition 80 cm (32 inch) HD Ready LED Smart Android Based TV with Mobile Cast - Sup...,InnoQ,19990,27990,28% off,3.9,2688 Ratings & 432 Reviews,['Operating System: Android Based' 'HD Ready 1366 x 768 Pixels' '1 Year Warranty'],tv
LG LM63 80 cm (32 inch) HD Ready LED Smart WebOS TV,LG,21990,28240,22% off,4.3,875 Ratings & 124 Reviews,['Operating System: WebOS' 'HD Ready 1366 x 768 Pixels' '1 Year LG India Comprehensive Warranty and Additional 1 Year Warranty is Applicable on Panel/Module'],tv
SAMSUNG 4 80 cm (32 inch) HD Ready LED TV,SAMSUNG,13633,29900,54% off,3.8,9 Ratings & 0 Reviews,['HD Ready 1366 x 768 Pixels' '1 Year Comprehensive Warranty and 1 Year Additional Warranty on Panel'],tv
SAMSUNG Q60RAK 123 cm (49 inch) QLED Ultra HD (4K) Smart Tizen TV,SAMSUNG,59990,101900,41% off,4.6,44 Ratings & 5 Reviews,['Operating System: Tizen' 'Ultra HD (4K) 3840 x 2160 Pixels' '1 Year Comprehensive and 1 Year Additional on Panel from Samsung'],tv
Hyundai 109 cm (43 inch) Full HD LED Smart Android Based TV,Hyundai,22999,46490,50% off,3.7,3 Ratings & 1 Reviews,['Operating System: Android Based' 'Full HD 1920 x 1080 Pixels' '1 Year Warranty on Product and 6 Months on Remote'],tv
SAMSUNG Series 4 80 cm (32 inch) HD Ready LED TV,SAMSUNG,13633,27900,51% off,4.0,46 Ratings & 6 Reviews,['HD Ready 1366 x 768 Pixels' '1 Year Comprehensive and 1 Year Additional on Panel from Samsung'],tv
SAMSUNG 108 cm (43 inch) QLED Ultra HD (4K) Smart Tizen TV,SAMSUNG,58201,78890,26% off,4.1,15 Ratings & 1 Reviews,['Operating System: Tizen' 'Ultra HD (4K) 3840 x 2160 Pixels' '1 Year Comprehensive Manufacturer Warranty on Product and 1 Year Additional Warranty on Panel'],tv
InnoQ Super Smart 100 cm (40 inch) Full HD LED Smart Android Based TV with Mobile Cast - Super Bright ...,InnoQ,17991,35990,50% off,3.9,2688 Ratings & 432 Reviews,['Operating System: Android Based' 'Full HD 1920 x 1080 Pixels' '1 Year Warranty'],tv
Thomson 9R Series 108 cm (43 inch) Ultra HD (4K) LED Smart Android TV,Thomson,24999,29999,16% off,4.4,15183 Ratings & 3547 Reviews,['Operating System: Android' 'Ultra HD (4K) 3840 x 2160 Pixels' '1 Year Warranty on Product & 6 Months on Accessories'],tv
RGL 60 cm (24 inch) Full HD LED HomeOS TV,RGL,9990,12990,23% off,4.0,2088 Ratings & 329 Reviews,['Operating System: HomeOS' 'Full HD 1920 x 1080 Pixels' '1 Year Warranty'],tv
smart s tech 60.96 cm (24 inch) Full HD Curved LED TV,smart,5698,18999,70% off,3.7,3 Ratings & 1 Reviews,['Full HD 1080 Pixels' 'One year Warranty from Purchase date'],tv
SAMSUNG Series 4 80 cm (32 inch) HD Ready LED TV,SAMSUNG,13633,23174,41% off,4.2,2877 Ratings & 439 Reviews,['HD Ready 1366 x 768 Pixels' '1 Year Comprehensive and 1 Year Additional on Panel from Samsung'],tv
BPL 80 cm (32 inch) HD Ready LED Smart Android TV,BPL,21329,26329,18% off,4.3,18 Ratings & 2 Reviews,['Operating System: Android' 'HD Ready 1366 x 768 Pixels' '2 Year on Product'],tv
SAMSUNG 80 cm (32 inch) HD Ready LED TV,SAMSUNG,13633,28890,52% off,4.3,24838 Ratings & 4244 Reviews,['HD Ready 1366 x 768 Pixels' '1 Year Standard Warranty and 1 Year Warranty on Panel from Samsung'],tv
LG 164 cm (65 inch) Ultra HD (4K) LED Smart WebOS TV,LG,120999,169103,28% off,4.5,6159 Ratings & 950 Reviews,['Operating System: WebOS' 'Ultra HD (4K) 3840 x 2160 Pixels' '1 Year LG India Comprehensive Warranty and additional 1 year Warranty is applicable on panel/module only'],tv
LG 139.7 cm (55 inch) Ultra HD (4K) LED Smart WebOS TV,LG,65999,84990,22% off,4.3,35 Ratings & 5 Reviews,['Operating System: WebOS' 'Ultra HD (4K) 3840 x 2160 Pixels' '1Year Warranty Provided by the Manufacturer from Date of Purchase'],tv
Vu Premium 108 cm (43 inch) Full HD LED Smart Android TV,Vu,22999,35000,34% off,4.2,1946 Ratings & 210 Reviews,['Operating System: Android' 'Full HD 1920x1080 Pixels' '1 Year'],tv
Compaq 80 cm (32 inch) HD Ready LED Smart Android TV,Compaq,10499,21999,52% off,4.3,430 Ratings & 89 Reviews,['Operating System: Android' 'HD Ready 1366 x 768 Pixels' '1 Year Warranty on Product'],tv
Mi 4A Pro 108 cm (43 inch) Full HD LED Smart Android TV,Mi,21849,29999,27% off,4.4,329264 Ratings & 31298 Reviews,['Operating System: Android' 'Full HD 1920 x 1080 Pixels' '1 Year Warranty on Product and 1 Year Additional Warranty for Panel'],tv
iFFALCON by TCL K61 108 cm (43 inch) Ultra HD (4K) LED Smart Android TV,iFFALCON,18499,47990,61% off,4.3,24208 Ratings & 3320 Reviews,['Operating System: Android' 'Ultra HD (4K) 3840 x 2160 Pixels' '1 Year Warranty on Product'],tv
OnePlus Y1 80 cm (32 inch) HD Ready LED Smart Android TV with Dolby Audio,OnePlus,14887,19999,25% off,4.3,137565 Ratings & 12704 Reviews,['Operating System: Android' 'HD Ready 1366 x 768 Pixels' '1 Year Comprehensive Warranty and Additional 1 Year on Panel Provided By the Manufacturer From Date of Purchase'],tv
iFFALCON by TCL K72 139 cm (55 inch) Ultra HD (4K) LED Smart Android TV with Hands Free Voice Control ...,iFFALCON,31999,73990,56% off,4.2,616 Ratings & 116 Reviews,['Operating System: Android' 'Ultra HD (4K) 3840 x 2160 Pixels' '1 Year Warranty on Product'],tv
Nokia 140 cm (55 inch) Ultra HD 4K LED Smart Android TV with Sound by JBL and Powered by Harman AudioE...,Nokia,32999,62999,47% off,4.3,3592 Ratings & 582 Reviews,['Operating System: Android' 'Ultra HD (4K) 3840 x 2160 Pixels' '1 Year Warranty on Product'],tv
acer I Series 109 cm (43 inch) Ultra HD (4K) LED Smart Android TV with Android 11 30W Dolby Audio ME...,acer,23999,34990,31% off,4.3,1100 Ratings & 194 Reviews,['Operating System: Android' 'Ultra HD (4K) 3840 x 2160 Pixels' '2 Years Warranty'],tv
Hisense A73F Series 126 cm (50 inch) Ultra HD (4K) LED Smart Android TV with 102 W JBL Speakers Dolby...,Hisense,40990,59990,31% off,4.3,316 Ratings & 50 Reviews,['Operating System: Android' 'Ultra HD (4K) 3840 x 2160 Pixels' '1 Year Comprehensive'],tv
LG UQ8020 108 cm (43 inch) Ultra HD (4K) LED Smart WebOS TV 2022 Edition,LG,36990,59990,38% off,4.5,1788 Ratings & 249 Reviews,['Operating System: WebOS' 'Ultra HD (4K) 3840 x 2160 Pixels' '1 Year LG India Comprehensive Warranty and additional 1 year Warranty is applicable on Panel/Module from the date of purchase.'],tv
TOSHIBA V35KP 108 cm (43 inch) Full HD LED Smart Android TV with DTS Virtual X (2022 Model),TOSHIBA,22990,34990,34% off,4.3,1267 Ratings & 248 Reviews,['Operating System: Android' 'Full HD 1920 x 1080 Pixels' '2 Years Comprehensive Warranty'],tv
Thomson 9R Series 139 cm (55 inch) Ultra HD (4K) LED Smart Android TV,Thomson,30999,46999,34% off,4.4,15183 Ratings & 3547 Reviews,['Operating System: Android' 'Ultra HD (4K) 3840 x 2160 Pixels' '1 Year Warranty on Product & 6 Months on Accessories'],tv
iFFALCON by TCL F52 79.97 cm (32 inch) HD Ready LED Smart Android TV,iFFALCON,10999,26990,59% off,4.2,2474 Ratings & 391 Reviews,['Operating System: Android' 'HD Ready 1366 x 768 Pixels' '1 Year Warranty on Product'],tv
SONY Bravia 138.8 cm (55 inch) Ultra HD (4K) LED Smart TV,SONY,67490,94900,28% off,4.6,292 Ratings & 54 Reviews,"['Ultra HD (4K) 3840 x 2160 pixels Pixels' ""1 year Comprehensive warranty by the manufacture from the date of purchase | Contact Brand toll free number for assistance and provide product's model name and seller's details mentioned on your invoice. The service center will allot you a convenient slot for the service.""]",tv
TOSHIBA U50 Series 108 cm (43 inch) Ultra HD (4K) LED Smart VIDAA TV with Dolby Vision & ATMOS,TOSHIBA,19999,39990,49% off,4.2,1225 Ratings & 188 Reviews,['Operating System: VIDAA' 'Ultra HD (4K) 3840 x 2160 Pixels' '1 Year Warranty'],tv
TOSHIBA L50 Series 80 cm (32 inch) HD Ready LED Smart VIDAA TV with ADS Panel,TOSHIBA,14500,18990,23% off,4.3,1989 Ratings & 317 Reviews,['Operating System: VIDAA' 'HD Ready 1366 x 768 Pixels' '1 Year Warranty'],tv
TCL C725 126 cm (50 inch) QLED Ultra HD (4K) Smart Android TV (Black) 2021 Model Works with Video Call...,TCL,34190,110990,69% off,4.0,120 Ratings & 21 Reviews,['Operating System: Android' 'Ultra HD (4K) 3840 x 2160 Pixels' '2 Year Product Warranty'],tv
Panasonic 108 cm (43 inch) Ultra HD (4K) LED Smart TV,Panasonic,35399,56990,37% off,3.7,3 Ratings & 0 Reviews,['Ultra HD (4K) 3840 * 2160 Pixels' '1 Year on product'],tv
Sansui Prime Series 80 cm (32 inch) HD Ready LED Smart Android Based TV,Sansui,14499,20990,30% off,4.1,8 Ratings & 0 Reviews,['Operating System: Android Based' 'HD Ready 1366 x 768 Pixels' '1 Year Comprehensive Warranty on Product and Additional 1 Year on Panel'],tv
Sansui 80 cm (32 inch) HD Ready LED Smart Android TV,Sansui,15599,20990,25% off,4.8,5 Ratings & 0 Reviews,['Operating System: Android' 'HD Ready 1366 x 768 Pixels' '1 Year Comprehensive Warranty'],tv
TCL S6500 Series 100.3 cm (40 inch) Full HD LED Smart Android TV,TCL,25699,39990,35% off,4.2,331 Ratings & 37 Reviews,['Operating System: Android' 'Full HD 1920 x 1080 Pixels' '2 Year Product Warranty'],tv
SONY Bravia 80 cm (32 inch) HD Ready LED Smart Linux based TV,SONY,27449,31900,13% off,4.4,2043 Ratings & 440 Reviews,"['Operating System: Linux based' 'HD Ready 1366 x 768 Pixels' ""1 year Comprehensive warranty by the manufacture from the date of purchase | Contact Brand toll free number for assistance and provide product's model name and seller's details mentioned on your invoice. The service center will allot you a convenient slot for the service.""]",tv
SAMSUNG Neo QLED 125 cm (50 inch) QLED Ultra HD (4K) Smart Tizen TV,SAMSUNG,84990,119900,29% off,4.6,169 Ratings & 34 Reviews,['Operating System: Tizen' 'Ultra HD (4K) 3840 x 2160 Pixels' '1 Year Warranty on Product and 1 Year Additional on Panel'],tv
MOTOROLA ZX Pro 127 cm (50 inch) Ultra HD (4K) LED Smart Android TV with Wireless Gamepad,MOTOROLA,34999,54999,36% off,4.3,13935 Ratings & 2151 Reviews,['Operating System: Android' 'Ultra HD (4K) 3840 x 2160 Pixels' '1 Year Warranty on Product'],tv
TOSHIBA E35KP 80 cm (32 inch) HD Ready LED Smart Android TV with DTS Virtual X (2022 Model),TOSHIBA,14990,24990,40% off,4.3,1267 Ratings & 248 Reviews,['Operating System: Android' 'HD Ready 1366 x 768 Pixels' '1 Year Warranty on Product From Toshiba'],tv
TCL 2021 Edition 79.97 cm (32 inch) HD Ready LED Smart Android TV,TCL,12792,22990,44% off,4.3,405 Ratings & 46 Reviews,['Operating System: Android' 'HD Ready 1366 x 768 Pixels' '2 Year Product Warranty'],tv
LG 81.28 cm (32 inch) Full HD LED Smart WebOS TV,LG,27389,34499,20% off,4.5,6 Ratings & 3 Reviews,['Operating System: WebOS' 'Full HD 1920 x 1080 Pixels' '1 Year LG India Comprehensive Warranty and Additional 1 Year Warranty is Applicable on Panel/Module'],tv
SONY Bravia 80.1 cm (32 inch) Full HD LED Smart TV,SONY,29998,36900,18% off,4.4,1494 Ratings & 393 Reviews,"['Full HD 1920 x 1080 Pixels' ""1 year Comprehensive warranty by the manufacture from the date of purchase | Contact Brand toll free number for assistance and provide product's model name and seller's details mentioned on your invoice. The service center will allot you a convenient slot for the service.""]",tv
MOTOROLA Revou 2 109 cm (43 inch) Full HD LED Smart Android TV with Sound by boAt,MOTOROLA,22999,33000,30% off,4.3,2410 Ratings & 352 Reviews,['Operating System: Android' 'Full HD 1920 x 1080 Pixels' '1 Year Warranty on Product'],tv
acer Frameless 109 cm (43 inch) Ultra HD (4K) LED Smart Android TV with Dolby Audio,acer,24999,31990,21% off,4.4,6828 Ratings & 1154 Reviews,['Operating System: Android' 'Ultra HD (4K) 3840 x 2160 Pixels' '1 Year Warranty on Product'],tv
Nokia 109 cm (43 inch) Ultra HD 4K LED Smart Android TV with Sound by Onkyo and Dolby Atmos,Nokia,27999,45999,39% off,4.4,2228 Ratings & 360 Reviews,['Operating System: Android' 'Ultra HD (4K) 3840 x 2160 Pixels' '1 Year Warranty on Product'],tv
Infinix X1 80 cm (32 inch) HD Ready LED Smart Android TV with Eye Care Technology,Infinix,15999,17999,11% off,4.2,14637 Ratings & 2202 Reviews,['Operating System: Android' 'HD Ready 1366 x 768 Pixels' '1 Year Domestic Warranty'],tv
Coocaa 80 cm (32 inch) HD Ready LED Smart Android TV with HDR 10 Dolby Audio and Eye Care Technology,Coocaa,10499,25999,59% off,4.3,639 Ratings & 146 Reviews,['Operating System: Android' 'HD Ready 1366 x 768 Pixels' '1 Year Domestic Warranty'],tv
Hisense A73F 164 cm (65 inch) Ultra HD (4K) LED Smart Android TV with 102W JBL 6 Speakers Dolby Visio...,Hisense,62990,89990,30% off,4.2,108 Ratings & 20 Reviews,['Operating System: Android' 'Ultra HD (4K) 3840 x 2160 Pixels' '1 Year Comprehensive'],tv
acer Frameless 139 cm (55 inch) Ultra HD (4K) LED Smart Android TV with Dolby Audio,acer,34999,54990,36% off,4.4,6828 Ratings & 1154 Reviews,['Operating System: Android' 'Ultra HD (4K) 3840 x 2160 Pixels' '1 Year Warranty'],tv
SAMSUNG Super 6 138 cm (55 inch) Ultra HD (4K) LED Smart Tizen TV,SAMSUNG,100073,104900,4% off,4.5,6752 Ratings & 895 Reviews,['Operating System: Tizen' 'Ultra HD (4K) 3840 x 2160 Pixels' '1 Year Comprehensive and 1 Year Additional on Panel from Samsung'],tv
Thomson 9A Series 108 cm (43 inch) Full HD LED Smart Android TV,Thomson,22999,25999,11% off,4.4,88179 Ratings & 18468 Reviews,['Operating System: Android' 'Full HD 1920 x 1080 Pixels' '1 Year Warranty on Product & 6 Months on Accessories'],tv
Whirlpool 7 kg Magic Clean 5 Star Fully Automatic Top Load Grey,Whirlpool,15990,21400,25% off,4.2,597 Ratings & 68 Reviews,['740 rpm Max Speed' '5 Star Rating' '2 Years Comprehensive Warranty on Product and 5 Years on Prime Mover and Motor'],washing_machine
Whirlpool 6 kg Magic Clean 5 Star Fully Automatic Top Load Grey,Whirlpool,13990,18950,26% off,4.4,479 Ratings & 46 Reviews,['740 rpm Max Speed' '5 Star Rating' '2 Years Comprehensive Warranty on Product and 5 Years on Prime Mover and Motor'],washing_machine
SAMSUNG 6.5 kg Diamond Drum feature Fully Automatic Top Load Silver,SAMSUNG,14590,16800,13% off,4.4,73967 Ratings & 5809 Reviews,['680 rpm Max Speed' '3 Star Rating' '2 Years on Product and 2 Years on Motor from Samsung'],washing_machine
realme TechLife 7 kg with Semi Automatic Top Load White Black,realme,7875,12490,36% off,4.2,9918 Ratings & 1198 Reviews,['1400 RPM Max Speed' '5 Star Rating' '2 Years Comprehensive and 5 Years on Wash Motor'],washing_machine
MarQ by Flipkart 6.5 kg with Semi Automatic Top Load Grey White,MarQ,6830,10490,34% off,4.3,53562 Ratings & 6102 Reviews,['1350 rpm Max Speed' '5 Star Rating' '2 Years Comprehensive and 5 Years on Wash Motor from MarQ by Flipkart'],washing_machine
MarQ by Flipkart 7 kg Semi Automatic Top Load Blue White,MarQ,7190,10990,34% off,4.2,7345 Ratings & 851 Reviews,['1350 rpm Max Speed' '5 Star Rating' '2 Years Comprehensive and 5 Years on Wash Motor from MarQ by Flipkart'],washing_machine
realme TechLife 7.5 kg 5 Star Rating Fabric Safe Wash Fully Automatic Top Load Grey,realme,12590,19990,37% off,4.2,15404 Ratings & 1920 Reviews,['700 rpm Max Speed' '5 Star Rating' '2 Years Comprehensive Warranty on Product and 5 Years on Motor'],washing_machine
Whirlpool 7.5 kg 5 Star Ace Wash Station Semi Automatic Top Load Grey,Whirlpool,11490,14000,17% off,4.4,23974 Ratings & 2199 Reviews,['1400 rpm Max Speed' '5 Star Rating' '2 Years\n  Comprehensive Warranty and 5 Years Warranty on Wash Motor and Prime Mover\n  from Whirlpool'],washing_machine
SAMSUNG 7 kg Inverter 5 Star with Eco Bubble Technology Washing Machine Fully Automatic Top Load Grey,SAMSUNG,17990,21500,16% off,4.4,73967 Ratings & 5809 Reviews,['700 rpm Max Speed' '5 Star Rating' '2 years comprehensive warranty on the product 20 years warranty on the DIT Motor'],washing_machine
MarQ by Flipkart 6 kg 5 Star Rating Semi Automatic Top Load White Maroon,MarQ,6640,10010,33% off,4.3,53562 Ratings & 6102 Reviews,['1350 RPM Max Speed' '5 Star Rating' '2 Years Comprehensive and 5 Years on Wash Motor from MarQ by Flipkart'],washing_machine
IFB 6 kg 5 Star 2X Power SteamHard Water Wash Fully Automatic Front Load with In-built Heater White,IFB,20990,26390,20% off,4.2,7025 Ratings & 587 Reviews,['800 rpm Max Speed' '5 Star Rating' '4 Years Comprehensive Warranty 10 Years Motor Warranty 10 Years Spares Support'],washing_machine
Whirlpool 6 kg 5 StarTurbo Scrub Technology Semi Automatic Top Load Grey,Whirlpool,9240,11100,16% off,4.4,66571 Ratings & 6222 Reviews,['1400 rpm Max Speed' '5 Star Rating' '2 Years\n  Comprehensive Warranty and 5 Years Warranty on Wash Motor and Prime Mover\n  from Whirlpool'],washing_machine
SAMSUNG 6 kg 5 Star With Hygiene Steam and Ceramic Heater Fully Automatic Front Load with In-built Hea...,SAMSUNG,21990,26500,17% off,4.4,23161 Ratings & 2321 Reviews,['1000 rpm Max Speed' '5 Star Rating' '2 years comprehensive warranty on the product 20 years warranty on the DIT Motor'],washing_machine
IFB 7 kg 5 Star Aqua EnergieHard Water Wash Fully Automatic Front Load with In-built Heater Silver,IFB,26990,34590,21% off,4.3,9741 Ratings & 1018 Reviews,['1000 rpm Max Speed' '5 Star Rating' '4 Years Comprehensive Warranty 10 Years Motor Warranty 10 Years Spares Support'],washing_machine
LG 7 kg Steam Fully Automatic Front Load with In-built Heater Silver,LG,29990,41990,28% off,4.4,8149 Ratings & 784 Reviews,['1200 rpm Max Speed' '5 Star Rating' '2 Years Comprehensive Warranty on Product and 10 Years on Motor'],washing_machine
SAMSUNG 6.5 kg 5 Star Inverter with Diamond Drum Fully Automatic Top Load Grey,SAMSUNG,16190,21500,24% off,4.4,73967 Ratings & 5809 Reviews,['700 rpm Max Speed' '5 Star Rating' '2 years comprehensive warranty on the product 20 years warranty on the DIT Motor'],washing_machine
Godrej 7 kg Fully Automatic Top Load Grey,Godrej,13990,19890,29% off,4.2,2823 Ratings & 203 Reviews,['720 rpm Max Speed' '2 Years Comprehensive Warranty and 8 Years on Wash Motor'],washing_machine
Haier 6.5 kg Semi Automatic Top Load White Maroon,Haier,9490,14200,33% off,4.3,1794 Ratings & 170 Reviews,['1300 rpm Max Speed' '2 Years Comprehensive Warranty on Product 5 Years Warranty on Wash Motor & Spin Motor from Haier'],washing_machine
LG 7 kg 5 star rating and Wind jet dry Semi Automatic Top Load Grey White,LG,11490,14190,19% off,4.5,9223 Ratings & 720 Reviews,['1350 rpm Max Speed' '5 Star Rating' '2 Years Comprehensive Warranty on product and 5 Years on Motor from LG'],washing_machine
SAMSUNG 7 kg Semi Automatic Top Load Grey Purple,SAMSUNG,10490,13500,22% off,4.4,19732 Ratings & 1800 Reviews,['1350 rpm Max Speed' '5 Star Rating' '2 Years Comprehensive Warranty on Product and 5 Years on Motor'],washing_machine
Whirlpool 7 kg 5 Star Hard Water wash Fully Automatic Top Load Grey,Whirlpool,16990,19550,13% off,4.3,30745 Ratings & 2386 Reviews,['740 rpm Max Speed' '5 Star Rating' '2 Years on Product and 5 Years on Motor'],washing_machine
Whirlpool 7 kg Magic Clean 5 Star Semi Automatic Top Load Black Grey,Whirlpool,10240,13600,24% off,4.4,6622 Ratings & 619 Reviews,['1400 rpm Max Speed' '5 Star Rating' '2 Years Comprehensive Warranty and 5 Years Warranty on Wash Motor'],washing_machine
LG 7 kg with Smart Diagnosis and Smart Inverter Fully Automatic Top Load Silver,LG,17990,20990,14% off,4.4,6628 Ratings & 503 Reviews,['700 rpm Max Speed' '5 Star Rating' '2 Years Comprehensive Warranty and 10 Years Warranty on Motor from LG'],washing_machine
Whirlpool 7 kg with Hard Water Wash Fully Automatic Top Load Grey,Whirlpool,15990,18950,15% off,4.3,30745 Ratings & 2386 Reviews,['740 rpm Max Speed' '5 Star Rating' '2 Years Comprehensive Warranty and 5 Years on Motor from Whirlpool'],washing_machine
IFB 8 kg 5 Star 2X Power Dual SteamHard Water Wash Fully Automatic Front Load with In-built Heater Si...,IFB,36090,43190,16% off,4.4,561 Ratings & 60 Reviews,['1400 RPM Max Speed' '5 Star Rating' '4 Years Comprehensive Warranty 10 Years Motor Warranty 10 Years Spares Support'],washing_machine
IFB 6.5 kg 5 Star Aqua Conserve Hard Water Wash Smart Sense Fully Automatic Top Load White,IFB,15990,19290,17% off,4.3,12711 Ratings & 1080 Reviews,['720 rpm Max Speed' '5 Star Rating' '4 Years Comprehensive Warranty + 10 years Motor Warranty + 10 years Spares Support'],washing_machine
Whirlpool 6 kg with Hard Water Wash Fully Automatic Top Load Grey,Whirlpool,13990,16800,16% off,4.3,30745 Ratings & 2386 Reviews,['740 rpm Max Speed' '5 Star Rating' '2 Years Comprehensive Warranty and 5 Years on Motor from Whirlpool'],washing_machine
BOSCH 8 kg Drive Motor Anti Tangle Anti Vibration Fully Automatic Front Load with In-built Heater Wh...,BOSCH,31990,43299,26% off,4.4,15039 Ratings & 1512 Reviews,['1200 rpm Max Speed' '5 Star Rating' '2 Years Warranty on Product and 12 Years on Motor'],washing_machine
realme TechLife 8 kg 5 Star Rating Fully Automatic Top Load with In-built Heater Grey,realme,15190,26490,42% off,4.2,15404 Ratings & 1920 Reviews,['700 rpm Max Speed' '5 Star Rating' '2 Years Comprehensive Warranty on Product and 5 Years on Motor'],washing_machine
realme TechLife 7.5 kg 5 Star Rating Semi Automatic Top Load Black Grey,realme,8490,13990,39% off,4.2,9918 Ratings & 1198 Reviews,['1400 RPM Max Speed' '5 Star Rating' '2 Years Comprehensive and 5 Years on Wash Motor'],washing_machine
Whirlpool 7 kg 5 StarTurbo Scrub Technology Semi Automatic Top Load Grey,Whirlpool,10240,11250,8% off,4.4,66571 Ratings & 6222 Reviews,['1450 rpm Max Speed' '5 Star Rating' '2 Years\n  Comprehensive Warranty and 5 Years Warranty on Wash Motor and Prime Mover\n  from Whirlpool'],washing_machine
realme TechLife 6.5 kg with Fully Automatic Top Load Grey,realme,11790,16490,28% off,4.2,15404 Ratings & 1920 Reviews,['700 rpm Max Speed' '5 Star Rating' '2 Years Comprehensive Warranty on Product and 5 Years on Motor'],washing_machine
Midea 7 kg 5 Star Fully Automatic Front Load with In-built Heater Grey,Midea,24990,33990,26% off,4.1,317 Ratings & 48 Reviews,['1200 rpm Max Speed' '5 Star Rating' '2 Years Warranty from Midea'],washing_machine
BOSCH 7 kg Drive Motor Anti Tangle Anti Vibration Fully Automatic Front Load with In-built Heater Wh...,BOSCH,27990,37899,26% off,4.4,15039 Ratings & 1512 Reviews,['1000 rpm Max Speed' '5 Star Rating' '2 Years Warranty on Product and 12 Years on Motor'],washing_machine
IFB 7 kg 5 Star Aqua Conserve Hard Water Wash Smart Sense Fully Automatic Top Load Grey White,IFB,17990,21490,16% off,4.3,12711 Ratings & 1080 Reviews,['720 rpm Max Speed' '5 Star Rating' '4 Years Comprehensive Warranty + 10 years Motor Warranty + 10 years Spares Support'],washing_machine
realme TechLife 8.5 kg with Semi Automatic Top Load Grey Black,realme,10790,18990,43% off,4.2,9918 Ratings & 1198 Reviews,['1400 RPM Max Speed' '5 Star Rating' '2 Years Comprehensive and 5 Years on Wash Motor'],washing_machine
SAMSUNG 7 kg 5 Star With Hygiene Steam and Digital Inverter Fully Automatic Front Load with In-built H...,SAMSUNG,27490,34700,20% off,4.4,23161 Ratings & 2321 Reviews,['1200 rpm Max Speed' '5 Star Rating' '2 years comprehensive warranty on the product 20 years warranty on the DIT Motor'],washing_machine
ONIDA 8 kg 5 star and In-built Basket Semi Automatic Top Load Grey,ONIDA,9990,13670,26% off,4.2,5884 Ratings & 574 Reviews,['1450 rpm Max Speed' '5 Star Rating' '2 Years Comprehensive Warranty on Product 5 Years Warranty on Motor'],washing_machine
Sansui 7 kg Semi Automatic Top Load Red White,Sansui,7690,12990,40% off,4.3,11240 Ratings & 1011 Reviews,['1300 rpm Max Speed' '5 Star Rating' '2 Years Comprehensive and 5 Years Motor Domestic Warranty from Sansui'],washing_machine
SAMSUNG 7 kg Inverter 5 Star with Ecobubble & Super Speed Technology Washing Machine Fully Automatic T...,SAMSUNG,19490,24000,18% off,4.3,12023 Ratings & 1074 Reviews,['700 rpm Max Speed' '5 Star Rating' '2 years comprehensive warranty on the product 20 years warranty on the DIT Motor'],washing_machine
IFB 9 kg 5 Star 2X Power SteamHard Water Wash Fully Automatic Front Load with In-built Heater Silver,IFB,39990,46990,14% off,4.4,1224 Ratings & 150 Reviews,['1400 rpm Max Speed' '5 Star Rating' '4 Years Comprehensive Warranty 10 Years Motor Warranty 10 Years Spares Support'],washing_machine
LG 6.5 kg with Steam and Smart Diagnosis Fully Automatic Front Load with In-built Heater White,LG,25990,33990,23% off,4.4,8194 Ratings & 761 Reviews,['1000 rpm Max Speed' '5 Star Rating' '2 Years Comprehensive and 10 Years on Motor from LG'],washing_machine
LG 7.5 kg 5 star Semi Automatic Top Load Purple,LG,12690,14990,15% off,4.4,3068 Ratings & 270 Reviews,['1300 RPM Max Speed' '5 Star Rating' '2 Years Comprehensive and 5 Years on Motor From LG'],washing_machine
Whirlpool 7.5 kg 5 Star Fully Automatic Top Load with In-built Heater Grey,Whirlpool,21490,23300,7% off,4.3,4010 Ratings & 373 Reviews,['740 rpm Max Speed' '5 Star Rating' '2 Years Comprehensive Warranty and 10 Years on Motor from Whirlpool'],washing_machine
LG 8 kg Smart inverter Smart closing door and 5 star rated Fully Automatic Top Load Silver,LG,21490,29990,28% off,4.4,6628 Ratings & 503 Reviews,['700 rpm Max Speed' '5 Star Rating' '2 Years Comprehensive Warranty on Product and 10 Years Warranty on Motor (T&C)'],washing_machine
ONIDA 7 kg with 5 Star Fully Automatic Top Load Grey,ONIDA,12990,21990,40% off,4.2,43250 Ratings & 5066 Reviews,['750 rpm Max Speed' '5 Star Rating' '2 Years Comprehensive Warranty on Product 5 Years Warranty on Motor'],washing_machine
Whirlpool 8.5 kg 5 Star Semi Automatic Top Load Red White,Whirlpool,13470,15728,14% off,4.4,255 Ratings & 15 Reviews,['1450 rpm Max Speed' '5 Star Rating' '2 Years Comprehensive Warranty on Product and 5 Years Warranty on Motor and Prime Mover from Whirlpool'],washing_machine
LG 11 kg with Roller Jet Pulsator Soak and Smart Filter Semi Automatic Top Load Black,LG,18269,22490,18% off,4.5,1798 Ratings & 166 Reviews,['1300 rpm Max Speed' '5 Star Rating' '2 Years Comprehensive Warranty on Product and 5 Years on Motor'],washing_machine
SAMSUNG 7.5 kg Semi Automatic Top Load Blue Grey,SAMSUNG,11990,15500,22% off,4.4,15631 Ratings & 1242 Reviews,['1300 rpm Max Speed' '5 Star Rating' '2 Years warranty on product 5 Years warranty on motor'],washing_machine
Godrej 6.2 kg with Metal drum Fully Automatic Top Load Grey,Godrej,12990,17900,27% off,4.2,5696 Ratings & 431 Reviews,['700 rpm Max Speed' '2 Years Comprehensive Warranty and 10 Years warranty on Motor from Godrej'],washing_machine
realme TechLife 8 kg 5 Star Rating Semi Automatic Top Load White Black,realme,10290,17490,41% off,4.2,9918 Ratings & 1198 Reviews,['1400 RPM Max Speed' '5 Star Rating' '2 Years Comprehensive and 5 Years on Wash Motor'],washing_machine
Panasonic 6 kg 5 Star AquaBeat Wash Fully Automatic Top Load Grey,Panasonic,13990,16700,16% off,4.3,9162 Ratings & 1238 Reviews,['680 rpm Max Speed' '5 Star Rating' '2 Year  Comprehensive Warranty and 10 Years on Motor from Panasonic'],washing_machine
Whirlpool 7.5 kg 5 Star Hard Water wash Fully Automatic Top Load Grey,Whirlpool,17990,19950,9% off,4.3,9192 Ratings & 775 Reviews,['740 rpm Max Speed' '5 Star Rating' '2 Years on Product and 5 Years on Motor'],washing_machine
Sansui 9 kg Semi Automatic Top Load White Maroon,Sansui,10390,15990,35% off,4.3,11240 Ratings & 1011 Reviews,['1350 rpm Max Speed' '5 Star Rating' '2 Years Comprehensive Warranty On Product and 5 Years on Motor'],washing_machine
LG 8 kg with Jet Sprey Auto Pre Wash Smart Diagnosis Smart Closing Door and 10 Water Levels Fully A...,LG,24240,30990,21% off,4.5,2379 Ratings & 205 Reviews,['700 rpm Max Speed' '5 Star Rating' '2 Years Warranty on Complete Washing Machine and 10 Years on Motor from LG'],washing_machine
LG 7 kg with Smart Diagnosis and Smart Closing Door Fully Automatic Top Load Silver,LG,19890,25990,23% off,4.4,676 Ratings & 62 Reviews,['700 rpm Max Speed' '5 Star Rating' '2 Years Comprehensive Warranty on Product and 10 Years Warranty on Motor from LG'],washing_machine
Voltas Beko 7 kg Semi Automatic Top Load Maroon White,Voltas,9490,15290,37% off,4.3,518 Ratings & 47 Reviews,['1300 rpm Max Speed' '2 Years Comprehensive Warranty on Product 5 Years Warranty on Motor'],washing_machine
IFB 6.5 kg 5 Star Aqua Conserve Hard Water Wash Smart Sense Fully Automatic Top Load Grey,IFB,18590,22050,15% off,4.3,24178 Ratings & 2997 Reviews,['720 rpm Max Speed' '5 Star Rating' '4 Years Comprehensive Warranty + 10 years Motor Warranty + 10 years Spares Support'],washing_machine
Lloyd 8 kg Semi Automatic Top Load Blue White,Lloyd,10990,18990,42% off,4.3,459 Ratings & 38 Reviews,['1300 rpm Max Speed' '5 Star Rating' '2 Years Comprehensive on Washing Machine and 10 Years on Motor from Lloyd'],washing_machine
LG 7.5 kg Fully Automatic Top Load Silver,LG,18190,24990,27% off,4.3,638 Ratings & 50 Reviews,['700 rpm Max Speed' '5 Star Rating' '2 Years Comprehensive Warranty and 10 Years Warranty on Motor from LG'],washing_machine
SAMSUNG 9 kg WiFi Enabled Inverter 5 Star with Ecobubble Technology Washing Machine Fully Automatic To...,SAMSUNG,24790,30500,18% off,4.3,3203 Ratings & 254 Reviews,['700 rpm Max Speed' '5 Star Rating' '2 years comprehensive warranty on the product 20 years warranty on the DIT Motor'],washing_machine
BOSCH 6.5 kg 5 Star With Vario Drum & Anti Tangle Program Fully Automatic Top Load Grey,BOSCH,18990,24190,21% off,4.2,174 Ratings & 20 Reviews,['680 rpm Max Speed' '5 Star Rating' '2 Years Warranty on Product and 10 Years on Motor'],washing_machine
Whirlpool 8 kg 5 Star Semi Automatic Top Load Grey,Whirlpool,14022,15000,6% off,4.4,6622 Ratings & 619 Reviews,['1400 rpm Max Speed' '5 Star Rating' '2 Years\n  Comprehensive Warranty and 5 Years Warranty on Wash Motor and Prime Mover\n  from Whirlpool'],washing_machine
Whirlpool 7.5 kg Magic Clean 5 Star Fully Automatic Top Load Grey,Whirlpool,17990,23850,24% off,4.2,384 Ratings & 44 Reviews,['740 rpm Max Speed' '5 Star Rating' '2 Years Comprehensive Warranty on Product and 5 Years on Prime Mover and Motor'],washing_machine
Thomson 6.5 kg with Semi Automatic Top Load Blue White,Thomson,6990,9999,30% off,4.0,1551 Ratings & 146 Reviews,['1400 rpm Max Speed' '2 Years Warranty on Product and 5 Years on Motor'],washing_machine
LG 8 kg Wifi Fully Automatic Front Load with In-built Heater Black Grey,LG,36750,51990,29% off,4.7,15 Ratings & 3 Reviews,['1200 rpm Max Speed' '5 Star Rating' '2 Years Comprehensive Warranty on Product and 10 Years Warranty on Motor T&C'],washing_machine
Whirlpool 6.5 kg Fully Automatic Top Load Grey,Whirlpool,13999,17700,20% off,4.3,3409 Ratings & 326 Reviews,['740 rpm Max Speed' '2 Years Comprehensive Warranty from Whirlpool'],washing_machine
Thomson 7 kg Semi Automatic Top Load Blue White,Thomson,7490,10499,28% off,4.0,1551 Ratings & 146 Reviews,['1400 rpm Max Speed' '2 Years Warranty on Product and 5 Years Warranty on Motor'],washing_machine
LG 8 kg Semi Automatic Top Load Maroon White,LG,14650,16490,11% off,4.4,1635 Ratings & 126 Reviews,['1350 RPM Max Speed' '5 Star Rating' '2 Years Comprehensive and 5 Years on Motor From LG'],washing_machine
SAMSUNG 8.5 kg Semi Automatic Top Load White Grey,SAMSUNG,14490,23674,38% off,4.3,212 Ratings & 16 Reviews,['1350 rpm Max Speed' '5 Star Rating' '2 Years on Product and 5 Years on Motor From Samsung'],washing_machine
Whirlpool 9.5 kg 5 StarWith Hard water wash Fully Automatic Top Load with In-built Heater Grey,Whirlpool,27150,40500,32% off,4.1,1699 Ratings & 169 Reviews,['740 rpm Max Speed' '5 Star Rating' '3 Years Comprehensive Warranty and 10 Years Warranty on Motor from Whirlpool'],washing_machine
IFB 8 kg 5 Star 2X Power Dual SteamHard Water Wash Fully Automatic Front Load Grey,IFB,36990,44990,17% off,4.3,663 Ratings & 50 Reviews,['1400 RPM Max Speed' '5 Star Rating' '4 Years Comprehensive Warranty 10 Years Motor Warranty 10 Years Spares Support'],washing_machine
LG 8 kg Steam Fully Automatic Front Load with In-built Heater White,LG,32990,42990,23% off,4.4,5055 Ratings & 479 Reviews,['1400 RPM Max Speed' '5 Star Rating' '2 Years Comprehensive Warranty on Product and 10 Years Warranty on Motor T&C'],washing_machine
Godrej 6.5 kg Fully Automatic Top Load Grey,Godrej,13290,19600,32% off,4.2,2823 Ratings & 203 Reviews,['700 rpm Max Speed' '2 Years Comprehensive Warranty on Product  and 10 Years Warranty on Wash Motor'],washing_machine
Whirlpool 7 kg Magic Clean 5 Star Fully Automatic Top Load Grey,Whirlpool,16490,22500,26% off,4.3,81 Ratings & 12 Reviews,['740 rpm Max Speed' '5 Star Rating' '2 Years Comprehensive Warranty on Product and 5 Years on Prime Mover and Motor'],washing_machine
ONIDA 6.5 kg Washer only Red,ONIDA,5590,5800,3% off,4.3,21178 Ratings & 2525 Reviews,['780 rpm Max Speed' '1 Year Comprehensive Warranty on Product 7 Years Warranty on Motor'],washing_machine
Voltas Beko 7 kg Semi Automatic Top Load Maroon,Voltas,9090,12999,30% off,4.0,227 Ratings & 18 Reviews,['1350 RPM Max Speed' '5 Star Rating' '2 Years Comprehensive'],washing_machine
SAMSUNG 8 kg Inverter 5 Star with Ecobubble & Super Speed Technology Washing Machine Fully Automatic T...,SAMSUNG,22990,28000,17% off,4.3,3203 Ratings & 254 Reviews,['700 rpm Max Speed' '5 Star Rating' '2 years comprehensive warranty on the product 20 years warranty on the DIT Motor'],washing_machine
Whirlpool 7.5 kg 5 StarWith Hard water wash Fully Automatic Top Load with In-built Heater Grey,Whirlpool,21850,30000,27% off,4.3,908 Ratings & 66 Reviews,['740 rpm Max Speed' '5 Star Rating' '3 Years Comprehensive Warranty on Product and 10 Years on Motor from Whirlpool'],washing_machine
ONIDA 8 kg 5 Star With Hexa Crystal Drum Technology Fully Automatic Top Load Black,ONIDA,16690,26490,36% off,4.5,251 Ratings & 50 Reviews,['700 rpm Max Speed' '5 Star Rating' '2 Years Comprehensive Warranty and 5 Years Warranty on Wash Motor from Onida'],washing_machine
Godrej 6.2 kg Fully Automatic Top Load Grey,Godrej,12435,18990,34% off,4.2,2823 Ratings & 203 Reviews,['700 rpm Max Speed' '2 Years Warranty on Entire Product and 10 Years on Motor'],washing_machine
Whirlpool 7.5 kg Magic Clean 5 Star Semi Automatic Top Load Black Grey,Whirlpool,11490,14700,21% off,4.4,6622 Ratings & 619 Reviews,['1400 rpm Max Speed' '5 Star Rating' '2 Years Comprehensive Warranty and 5 Years Warranty on Wash Motor'],washing_machine
Panasonic 7 kg Fully Automatic Top Load Silver,Panasonic,16490,25000,34% off,4.3,9162 Ratings & 1238 Reviews,['1380 rpm Max Speed' '5 Star Rating' '2 Years Comprehensive Warranty and 8 Years Additional on Motor'],washing_machine
BOSCH 8 kg Drive Motor Anti Tangle Anti Vibration Fully Automatic Front Load with In-built Heater Wh...,BOSCH,34990,48190,27% off,4.4,1985 Ratings & 186 Reviews,['1200 RPM Max Speed' '5 Star Rating' '2 Years Warranty on Product and 12 Years Warranty on Motor'],washing_machine
Sansui 6.5 kg Semi Automatic Top Load White Maroon,Sansui,7490,10990,31% off,4.3,11240 Ratings & 1011 Reviews,['1300 rpm Max Speed' '5 Star Rating' '2 Years Comprehensive Warranty On Product and 5 Years on Motor'],washing_machine
Whirlpool 6.5 kg 5 Star Semi Automatic Top Load Grey,Whirlpool,9490,11550,17% off,4.4,66571 Ratings & 6222 Reviews,['1400 rpm Max Speed' '5 Star Rating' '2 Years\n  Comprehensive Warranty and 5 Years Warranty on Wash Motor and Prime Mover\n  from Whirlpool'],washing_machine
Lloyd 7.5 kg Semi Automatic Top Load Red White,Lloyd,9690,13840,29% off,4.4,494 Ratings & 46 Reviews,['1300 rpm Max Speed' '5 Star Rating' '2 Years Comprehensive on Washing Machine and 5 Year on Motor from Lloyd'],washing_machine
IFB 6.5 kg 5 Star 2X Power SteamHard Water Wash Fully Automatic Front Load Silver,IFB,29990,34990,14% off,4.6,55 Ratings & 4 Reviews,['1000 rpm Max Speed' '5 Star Rating' '4 Years Comprehensive Warranty 10 Years Motor Warranty 10 Years Spares Support'],washing_machine
BOSCH 6 kg Drive Motor Anti Tangle Anti Vibration Fully Automatic Front Load with In-built Heater Wh...,BOSCH,26490,30890,14% off,4.4,15039 Ratings & 1512 Reviews,['800 rpm Max Speed' '5 Star Rating' '2 Years Warranty on Product and 12 Years on Motor'],washing_machine
IFB 10 kg Fully Automatic Top Load with In-built Heater Grey,IFB,30838,36990,16% off,4.5,6 Ratings & 1 Reviews,['720 rpm Max Speed' '5 Star Rating' '4 Years Comprehensive Warranty on Product 10 Years Warranty on Motor and 10 Years Spares Support'],washing_machine
LG 8 kg with Roller Jet Pulsator + Soak Semi Automatic Top Load Grey,LG,14994,17490,14% off,4.2,79 Ratings & 4 Reviews,['800 RPM Max Speed' '5 Star Rating' '2 Years Warranty on Complete Washing Machine and 5 Years on Motor from LG'],washing_machine
LG 8 kg Roller Jet Pulsator Wind Jet dry 5 Star rated Semi Automatic Top Load Multicolor,LG,14490,19990,27% off,4.5,9223 Ratings & 720 Reviews,['1300 rpm Max Speed' '5 Star Rating' '2 Years Comprehensive Warranty on product 5 Years Warranty on Motor'],washing_machine
Haier 6.5 kg Fully Automatic Front Load with In-built Heater Grey,Haier,27490,37857,27% off,4.7,3 Ratings & 0 Reviews,['1000 RPM Max Speed' '5 Star Rating' '2 years on product 12 years on motor'],washing_machine
Godrej 7.5 kg Fully Automatic Top Load with In-built Heater Black,Godrej,18490,28500,35% off,4.3,37 Ratings & 4 Reviews,['670 rpm Max Speed' '5 Star Rating' '2 Years Warranty on Entire Washing Machine and 10 Years on Motor From Godrej'],washing_machine
Voltas Beko 14 kg Semi Automatic Top Load White Maroon,Voltas,15799,25490,38% off,5.0,5 Ratings & 2 Reviews,['750 RPM Max Speed' '5 Star Rating' '2 Years Comprehensive Warranty and 5 Years on Motor from Lloyd'],washing_machine
Whirlpool 11 kg Semi Automatic Top Load Grey,Whirlpool,16449,19990,17% off,4.4,273 Ratings & 19 Reviews,['1400 RPM Max Speed' '5 Star Rating' '2 Years Comprehensive Warranty and 5 Years Warranty on Motor and Prime Mover From Whirlpool'],washing_machine
IFB 7 kg 5 Star 2X Power SteamHard Water Wash Fully Automatic Front Load with In-built Heater White,IFB,29490,35290,16% off,4.2,692 Ratings & 79 Reviews,['1000 RPM Max Speed' '5 Star Rating' '4 Years Comprehensive Warranty 10 Years Motor Warranty 10 Years Spares Support'],washing_machine
LG 7 kg Fully Automatic Top Load Silver,LG,18990,24990,24% off,4.3,167 Ratings & 22 Reviews,['780 rpm Max Speed' '5 Star Rating' '2 Years Comprehensive Warranty on Product and 10 Years Warranty on Motor from LG'],washing_machine
Sansui 8.5 kg Semi Automatic Top Load Red White,Sansui,10150,15990,36% off,4.3,11240 Ratings & 1011 Reviews,['1350 rpm Max Speed' '5 Star Rating' '2 Years Comprehensive and 5 Years Motor Domestic Warranty from Sansui'],washing_machine
IFB 7 kg 5 Star 2X Power SteamHard Water Wash Fully Automatic Front Load with In-built Heater Red,IFB,36470,41990,13% off,4.2,692 Ratings & 79 Reviews,['1200 rpm Max Speed' '5 Star Rating' '4 Years Warranty on Product 10 Years Warranty on Motor and 10 Years Warranty on Spare Part Support'],washing_machine
Whirlpool 8 kg 5 Star Supersoak Technology Semi Automatic Top Load Red,Whirlpool,12150,15999,24% off,4.4,5294 Ratings & 642 Reviews,['1400 rpm Max Speed' '2 Years Comprehensive Warranty and 5 Years Warranty on Wash Motor Spin motor and Prime Mover from Whirlpool'],washing_machine
Voltas Beko 14 kg Semi Automatic Top Load White Maroon,Voltas,15969,25490,37% off,5.0,5 Ratings & 2 Reviews,['750 RPM Max Speed' '5 Star Rating' '2 Years Comprehensive Warranty and 5 Years on Motor from Lloyd'],washing_machine
LG 9 kg with Roller Jet Pulsator Semi Automatic Top Load Grey White,LG,15490,17490,11% off,4.5,2639 Ratings & 230 Reviews,['1300 rpm Max Speed' '5 Star Rating' '2 Years Comprehensive and 5 Years on Motor From LG'],washing_machine
Whirlpool 9 kg 5 Star Hard Water wash Semi Automatic Top Load Grey,Whirlpool,14990,17200,12% off,4.3,2655 Ratings & 246 Reviews,['1400 rpm Max Speed' '5 Star Rating' '2 Years\n  Comprehensive Warranty and 5 Years Warranty on Wash Motor and Prime Mover\n  from Whirlpool'],washing_machine
BOSCH 8 kg Drive Motor Anti Tangle Anti Vibration Fully Automatic Front Load with In-built Heater Si...,BOSCH,35490,46499,23% off,4.4,3604 Ratings & 397 Reviews,['1200 rpm Max Speed' '5 Star Rating' '2 Years on Product and 12 Years on Motor from Bosch'],washing_machine
Whirlpool 7.5 kg 5 StarWith Hard water wash Fully Automatic Top Load Grey,Whirlpool,21850,31100,29% off,4.2,549 Ratings & 48 Reviews,['740 rpm Max Speed' '5 Star Rating' '3 Years Comprehensive Warranty on Product and 10 Years Warranty on Motor and Prime Mover'],washing_machine
IFB 9 kg Fully Automatic Top Load with In-built Heater Silver,IFB,30140,34990,13% off,4.0,4 Ratings & 1 Reviews,['720 rpm Max Speed' '5 Star Rating' '4 Years Comprehensive Warranty on Product 10 Years Warranty on Motor and 10 Years Spares Support'],washing_machine
Voltas Beko 8 kg Semi Automatic Top Load Blue White,Voltas,10203,16990,39% off,4.3,518 Ratings & 47 Reviews,['1300 rpm Max Speed' '2 Years Comprehensive Warranty on Product 5 Years Warranty on Motor'],washing_machine
SAMSUNG 8 kg With AI Control & Wi-Fi and Digital Inverter Fully Automatic Front Load with In-built Hea...,SAMSUNG,36990,44900,17% off,4.4,23161 Ratings & 2321 Reviews,['1400 rpm Max Speed' '5 Star Rating' '2 years comprehensive warranty on the product 20 years warranty on the DIT Motor'],washing_machine
BOSCH 7 kg 5 Star Withï¿½ Vario Drum & Anti Tangle Program Fully Automatic Top Load White,BOSCH,22490,25190,10% off,4.2,174 Ratings & 20 Reviews,['680 rpm Max Speed' '5 Star Rating' '2 Years Warranty on Product and 10 Years on Motor'],washing_machine
BOSCH 6.5 kg Drive Motor Anti Tangle Anti Vibration Fully Automatic Front Load with In-built Heater ...,BOSCH,28990,35199,17% off,4.3,935 Ratings & 102 Reviews,['1000 rpm Max Speed' '5 Star Rating' '2 Years Warranty on Product and 12 Years on Motor'],washing_machine
Panasonic 6.5 kg Fully Automatic Top Load Silver,Panasonic,14890,23000,35% off,4.3,9162 Ratings & 1238 Reviews,['1380 rpm Max Speed' '5 Star Rating' '2 Years Comprehensive Warranty and  8 Years Additional on Motor'],washing_machine
LG 9 kg with Jet Sprey Auto Pre Wash Smart Diagnosis Smart Closing Door and 10 Water Levels Fully A...,LG,27490,36990,25% off,4.4,1067 Ratings & 96 Reviews,['700 rpm Max Speed' '5 Star Rating' '2 Years Comprehensive Warranty and 10 Years Warranty on Motor from LG'],washing_machine
MarQ by Flipkart 9 kg 5 Star Glass Lid Semi Automatic Top Load White Blue,MarQ,10990,15299,28% off,4.3,11246 Ratings & 1414 Reviews,['1400 rpm Max Speed' '5 Star Rating' '2 Years Comprehensive and 5 Years on Wash Motor from MarQ by Flipkart'],washing_machine
IFB 11 kg Fully Automatic Top Load with In-built Heater Grey,IFB,32850,38990,15% off,4.0,3 Ratings & 0 Reviews,['720 rpm Max Speed' '5 Star Rating' '4 Years Comprehensive Warranty on Product 10 Years Warranty on Motor and 10 Years Spares Support'],washing_machine
Thomson 10 kg Semi Automatic Top Load Black White,Thomson,11990,15499,22% off,4.1,1967 Ratings & 214 Reviews,['1400 rpm Max Speed' '2 Years Warranty on Product and 5 Years on Motor from Thomson'],washing_machine
LG 10 kg Whiteï¿½with Roller Jet Pulsator Soak and Smart Filter Semi Automatic Top Load Grey White,LG,18090,21990,17% off,4.5,442 Ratings & 42 Reviews,['1300 rpm Max Speed' '5 Star Rating' '2 Years Comprehensive and 5 Years on Motor from LG'],washing_machine
Godrej 8 kg Semi Automatic Top Load Black White,Godrej,14390,17000,15% off,4.3,477 Ratings & 41 Reviews,['1440 rpm Max Speed' '5 Star Rating' '2 Years Warranty on Entire Washing Machine and 5 Years Warranty on Wash Motor from Godrej'],washing_machine
LG 6.5 kg with Smart Diagnosis Smart Closing Door and 10 Water Levels Fully Automatic Top Load Silver,LG,20990,24990,16% off,4.4,2878 Ratings & 297 Reviews,['700 rpm Max Speed' '5 Star Rating' '2 Years Warranty on Product and 10 Years on Motor'],washing_machine
Whirlpool 7.5 kg 5 Star Hard Water wash Fully Automatic Top Load Grey,Whirlpool,19990,21350,6% off,4.3,14228 Ratings & 1389 Reviews,['740 rpm Max Speed' '5 Star Rating' '2 Years Comprehensive Warranty and 10 Years Warranty on Motor and Prime Mover from Whirlpool'],washing_machine
SAMSUNG 7 kg Fully Automatic Top Load Grey,SAMSUNG,20990,25000,16% off,4.2,13 Ratings & 1 Reviews,['700 RPM Max Speed' '5 Star Rating' '3 Years warranty on product 12 Years warranty on Digital Inverter Motor'],washing_machine
IFB 8 kg Fully Automatic Top Load with In-built Heater Brown,IFB,28578,32950,13% off,4.3,7 Ratings & 1 Reviews,['720 RPM Max Speed' '5 Star Rating' '4 Years Super Warranty + 10 Years Spare Parts Support + 10 Years Motor Warranty'],washing_machine
Voltas Beko 8.5 kg Semi Automatic Top Load Maroon White,Voltas,11290,17990,37% off,4.3,518 Ratings & 47 Reviews,['1300 rpm Max Speed' '2 Years Comprehensive Warranty on Product 5 Years Warranty on Motor'],washing_machine
Whirlpool 7.5 kg 5 Star Fully Automatic Top Load with In-built Heater Grey,Whirlpool,22990,26400,12% off,4.3,1417 Ratings & 149 Reviews,['740 rpm Max Speed' '5 Star Rating' '2 Years Comprehensive and 10 Years on Motor from Whirlpool'],washing_machine
LG 7 kg Semi Automatic Top Load Red,LG,13249,14990,11% off,4.3,105 Ratings & 7 Reviews,['1300 rpm Max Speed' '5 Star Rating' '2 Years Comprehensive and 5 Years on Motor from LG'],washing_machine
White Westinghouse (Trademark by Electrolux) 6.5 kg Semi Automatic Top Load White Maroon,White,6990,10999,36% off,4.1,1249 Ratings & 114 Reviews,['1400 rpm Max Speed' '2 Years Warranty on Product and 2 Years Additional on Motor from White Westinghouse'],washing_machine
LG 7 kg Wifi Fully Automatic Front Load with In-built Heater Black,LG,33890,44990,24% off,4.2,17 Ratings & 0 Reviews,['1200 rpm Max Speed' '5 Star Rating' '2 Years Warranty on Product and 10 Years Warranty on Motor (T&C)'],washing_machine
Voltas Beko 7 kg Semi Automatic Top Load White,Voltas,8890,12990,31% off,4.3,15 Ratings & 0 Reviews,['1350 RPM Max Speed' '5 Star Rating' '2 Years Comprehensive'],washing_machine
Whirlpool 9.5 kg Fully Automatic Top Load with In-built Heater Black Grey,Whirlpool,25480,34990,27% off,4.4,34 Ratings & 5 Reviews,['740 rpm Max Speed' '5 Star Rating' '3 Years Comprehensive Warranty on Product and 12 Years Warranty on Prime Mover & Motor'],washing_machine
SAMSUNG 8 kg 5 Star With Activ Wash+ Technology and Digital Inverter Fully Automatic Top Load Black P...,SAMSUNG,21990,28500,22% off,4.3,3203 Ratings & 254 Reviews,['700 rpm Max Speed' '5 Star Rating' '2 years comprehensive warranty on the product 20 years warranty on the DIT Motor'],washing_machine
Midea 7 kg 5 Star Fully Automatic Top Load Grey,Midea,13190,19990,34% off,4.2,1421 Ratings & 183 Reviews,['680 rpm Max Speed' '5 Star Rating' '2 Years Warranty on Product'],washing_machine
SAMSUNG 7 kg Semi Automatic Top Load Red White Grey,SAMSUNG,11250,12500,10% off,4.4,883 Ratings & 76 Reviews,['1300 rpm Max Speed' '5 Star Rating' '2 Years on Product and 5 Years Warranty on Motor'],washing_machine
Whirlpool 7.5 kg Fully Automatic Top Load with In-built Heater Grey,Whirlpool,19570,23999,18% off,4.3,122 Ratings & 7 Reviews,['740 RPM Max Speed' '5 Star Rating' '2 Years Comprehensive Warranty on Product and 10 Years Warranty on Motor from Whirlpool'],washing_machine
Thomson 7 kg Washer only Red White,Thomson,5500,7999,31% off,4.1,562 Ratings & 73 Reviews,['780 rpm Max Speed' '1 Years Comprehensive Warranty on Product and 5 Years on Wash Motor'],washing_machine
LG 7 kg Fully Automatic Top Load Black,LG,21980,28989,24% off,4.3,57 Ratings & 2 Reviews,['700 rpm Max Speed' '5 Star Rating' '2 Years Comprehensive and 10 Years on Motor from LG'],washing_machine
BOSCH 6 kg Drive Motor Anti Tangle Anti Vibration Fully Automatic Front Load Silver,BOSCH,28490,35090,18% off,4.4,2445 Ratings & 209 Reviews,['1000 rpm Max Speed' '5 Star Rating' '2 Years on Product and 12 Years on Motor from Bosch'],washing_machine
SAMSUNG 6.5 kg Fully Automatic Front Load with In-built Heater Silver,SAMSUNG,29900,35900,16% off,4.5,15 Ratings & 2 Reviews,['1000 rpm Max Speed' '5 Star Rating' '2 years comprehensive warranty on the product 20 years warranty on the DIT Motor'],washing_machine
Haier 8.5 kg Semi Automatic Top Load Multicolor,Haier,13990,20900,33% off,4.3,84 Ratings & 8 Reviews,['1300 rpm Max Speed' '5 Star Rating' '3 Years Comprehensive Warranty on Product 10 Years Warranty on Wash Motor & 5 Years Warranty on Spin Motor from Haier'],washing_machine
IFB 6 kg 5 Star Gentle Wash Aqua Energie Laundry Add In-built heater Fully Automatic Front Load wit...,IFB,29990,34090,12% off,4.4,321 Ratings & 29 Reviews,['1000 rpm Max Speed' '5 Star Rating' '4 Years Comprehensive Warranty and 10 Years Spare Part Support From IFB'],washing_machine
SAMSUNG 9.5 kg Semi Automatic Top Load White Blue,SAMSUNG,16590,18300,9% off,4.5,245 Ratings & 18 Reviews,['1300 rpm Max Speed' '2 Years Comprehensive Warranty and 5 Years Warranty on Motor from Samsung'],washing_machine
SAMSUNG 8 kg Semi Automatic Top Load White Grey,SAMSUNG,13990,16590,15% off,4.4,432 Ratings & 37 Reviews,['1350 rpm Max Speed' '5 Star Rating' '2 Years on Product and 5 Years on Motor From Samsung'],washing_machine
IFB 8 kg 5 Star 2X Power Dual SteamHard Water Wash Fully Automatic Front Load with In-built Heater Si...,IFB,36090,41990,14% off,4.4,217 Ratings & 29 Reviews,['1200 rpm Max Speed' '5 Star Rating' '4 Years Comprehensive Warranty 10 Years Motor Warranty 10 Years Spares Support'],washing_machine
LG 7 kg 5 Star Fully Automatic Front Load with In-built Heater Silver,LG,31990,42990,25% off,4.4,5370 Ratings & 541 Reviews,['1200 rpm Max Speed' '5 Star Rating' '2 Years on Product and 10 Years on Motor from LG'],washing_machine
Haier 8 kg Fully Automatic Top Load Brown Grey,Haier,19990,30000,33% off,4.3,8573 Ratings & 686 Reviews,['800 rpm Max Speed' '5 Star Rating' '2 Years Comprehensive Warranty on Product and 10 Years Warranty on Motor from Haier'],washing_machine
Voltas Beko 9 kg Semi Automatic Top Load Multicolor,Voltas,13649,20590,33% off,4.6,5 Ratings & 1 Reviews,['1350 rpm Max Speed' '5 Star Rating' '2 Year Comprehensive Warranty on Product and 8 Years Warranty on Wash Motor & Additional 3 Year on Spin Motor (2 Years Standard + 3 Years Extended Warranty on Spin Motor)'],washing_machine
SAMSUNG 7 kg Fully Automatic Top Load Grey,SAMSUNG,21394,25000,14% off,4.2,13 Ratings & 1 Reviews,['700 RPM Max Speed' '5 Star Rating' '3 Years warranty on product 12 Years warranty on Digital Inverter Motor'],washing_machine
LG 8 kg Fully Automatic Front Load with In-built Heater Black,LG,36780,52990,30% off,4.6,19 Ratings & 2 Reviews,['1400 rpm Max Speed' '5 Star Rating' '2 Years Warranty on Product and 10 Years Warranty on Motor (T&C)'],washing_machine
Thomson 7.5 kg 5 Star Rating Smart Pro Wash Technology Semi Automatic Top Load White Blue Grey,Thomson,8990,10999,18% off,4.1,1967 Ratings & 214 Reviews,['1400 rpm Max Speed' '5 Star Rating' '2 Years Comprehensive Warranty and 4 Years Warranty on Motor from Thomson'],washing_machine
MarQ by Flipkart 7.5 kg Washer only White Green,MarQ,5190,8999,42% off,3.9,1063 Ratings & 135 Reviews,['0 RPM Max Speed' '2 Years Comprehensive and 5 Years on Motor from MarQ by Flipkart'],washing_machine
LG 6 kg Fully Automatic Front Load with In-built Heater White,LG,27990,30990,9% off,4.5,23 Ratings & 1 Reviews,['1000 rpm Max Speed' '2 Years Comprehensive Warranty on Product and 10 Years Warranty on Motor from LG'],washing_machine
IFB 8.5/6.5 kg Refresher 3-in-1 Laundrimagic Wi-fi enabled Inverter with Steam Washer with Dryer with ...,IFB,60580,67990,10% off,4.3,39 Ratings & 3 Reviews,['1400 rpm Max Speed' '5 Star Rating' '4 Years Complete Machine warranty 10 Years Motor Warranty and 10 Years Spare Part Support from IFB'],washing_machine
Midea 6 kg 5 Star Fully Automatic Front Load with In-built Heater Grey,Midea,21490,29990,28% off,4.1,317 Ratings & 48 Reviews,['1000 rpm Max Speed' '5 Star Rating' '2 Years Warranty from Midea'],washing_machine
LG 9 kg Fully Automatic Top Load Grey,LG,27450,33990,19% off,4.6,5 Ratings & 1 Reviews,['780 RPM Max Speed' '5 Star Rating' '2 Years Warranty on Product and 10 Years Warranty on Motor'],washing_machine
Thomson 7.5 kg Fully Automatic Front Load with In-built Heater White,Thomson,17990,25999,30% off,4.1,1030 Ratings & 209 Reviews,['1000 rpm Max Speed' '2 Years Warranty on Product and 5 Years on Motor'],washing_machine
Whirlpool 12 kg With Hard water wash Fully Automatic Top Load with In-built Heater Grey,Whirlpool,30490,39900,23% off,4.4,655 Ratings & 77 Reviews,['740 rpm Max Speed' '2 Years Warranty on Product and 10 Years Warranty on Motor & Prime Mover from Whirlpool'],washing_machine
Godrej 7 kg Fully Automatic Front Load with In-built Heater Silver,Godrej,32290,44500,27% off,5.0,4 Ratings & 0 Reviews,['1200 rpm Max Speed' '2 Years Warranty on Product and 10 Years on Motor'],washing_machine
BOSCH 6.5 kg 5 Star With Vario Inverter & Full Touch Panel Fully Automatic Top Load Silver,BOSCH,21790,26190,16% off,4.2,174 Ratings & 20 Reviews,['680 rpm Max Speed' '5 Star Rating' '2 Years Warranty on Product and 10 Years on Motor'],washing_machine
Whirlpool 6.5 kg Magic Clean 5 Star Semi Automatic Top Load Black Grey,Whirlpool,9490,13050,27% off,4.4,6622 Ratings & 619 Reviews,['1400 rpm Max Speed' '5 Star Rating' '2 Years Comprehensive Warranty and 5 Years Warranty on Wash Motor'],washing_machine
LG 10.5/7 kg Inverter Wi-Fi with with Allergy care Washer with Dryer with In-built Heater Black,LG,65990,79990,17% off,4.5,96 Ratings & 11 Reviews,['1400 rpm Max Speed' '2 Years Comprehensive Warranty and 10 Years Warranty on Motor from LG'],washing_machine
BOSCH 6 kg Drive Motor Anti Tangle Anti Vibration Fully Automatic Front Load White,BOSCH,27490,30299,9% off,4.4,2445 Ratings & 209 Reviews,['1000 rpm Max Speed' '2 Years Comprehensive Warranty on Product and 10 Years on Motor from Bosch'],washing_machine
SAMSUNG 7.2 kg with Double Storm Technology Semi Automatic Top Load White,SAMSUNG,10490,13100,19% off,4.4,19732 Ratings & 1800 Reviews,['1300 rpm Max Speed' '2 Years Comprehensive Warranty and 5 Years Warranty on Motor from Samsung'],washing_machine
ONIDA 7 kg Top load Washer only White Green,ONIDA,5890,6490,9% off,4.3,21178 Ratings & 2525 Reviews,['780 rpm Max Speed' '1 Year Comprehensive Warranty on Product 7 Years Warranty on Motor'],washing_machine
MarQ by Flipkart 6 kg Fully Automatic Top Load Grey,MarQ,11105,14999,25% off,4.2,7295 Ratings & 947 Reviews,['750 rpm Max Speed' '2 Years Comprehensive and 5 Years on Motor from MarQ by Flipkart'],washing_machine
BOSCH 8 kg Fully Automatic Front Load with In-built Heater White,BOSCH,38879,52900,26% off,4.3,37 Ratings & 3 Reviews,['1400 RPM Max Speed' '2 Years Comprehensive Warranty and 12 Years on Motor from Bosch'],washing_machine
Whirlpool 8.5 kg Semi Automatic Top Load Grey,Whirlpool,15490,16550,6% off,4.3,2655 Ratings & 246 Reviews,['1400 rpm Max Speed' '5 Star Rating' '2 Years Warranty on Product and 10 Years on Motor'],washing_machine
Whirlpool 9.5 kg 5 Star Hard Water wash Semi Automatic Top Load White Maroon,Whirlpool,15875,17700,10% off,4.4,3173 Ratings & 421 Reviews,['1400 rpm Max Speed' '5 Star Rating' '2 Years Comprehensive Warranty on Product and 10 Years on Wash Motor and Prime Mover from Whirlpool'],washing_machine
LG 8 kg 5 Star Rating Semi Automatic Top Load Red,LG,15890,17189,7% off,4.5,1296 Ratings & 125 Reviews,['1300 rpm Max Speed' '5 Star Rating' '2 Years Comprehensive Warranty and 5 Years Warranty on Motor from LG'],washing_machine
LG 10 kg with Jet Sprey Auto pre-wash Smart diagnosis Smart closing door and 10 water levels Fully ...,LG,32390,37990,14% off,4.5,233 Ratings & 25 Reviews,['700 rpm Max Speed' '5 Star Rating' '2 Years Comprehensive Warranty and 10 Years Warranty on Motor from LG'],washing_machine
Whirlpool 6.5 kg Fully Automatic Top Load Grey,Whirlpool,14990,17800,15% off,4.2,44 Ratings & 3 Reviews,['1450 RPM Max Speed' '5 Star Rating' 'Whirlpool White Magic Classic comes with a 2 year comprehensive warranty and 10 year warranty on motor and prime mover.'],washing_machine
Voltas Beko 8 kg Semi Automatic Top Load Red,Voltas,12800,18490,30% off,4.2,21 Ratings & 0 Reviews,['1450 RPM Max Speed' '5 Star Rating' '5 Years International Warranty'],washing_machine
ONIDA 8 kg 5 star and In-built Basket Semi Automatic Top Load Red White,ONIDA,9990,13670,26% off,4.2,5884 Ratings & 574 Reviews,['1450 rpm Max Speed' '5 Star Rating' '2 Years Comprehensive Warranty on Product and Additional 5 Years on Motor'],washing_machine
Whirlpool 7.5 kg Semi Automatic Top Load Grey,Whirlpool,12768,16650,23% off,4.4,58 Ratings & 3 Reviews,['1400 rpm Max Speed' '5 Star Rating' '2 Years Comprehensive Warranty and 10 Years on Wash Motor'],washing_machine
Haier 7 kg Fully Automatic Front Load with In-built Heater Silver,Haier,29000,47500,38% off,4.1,18 Ratings & 1 Reviews,['1200 RPM Max Speed' '5 Star Rating' '2 years on product 12 years on motor'],washing_machine
ONIDA 6.5 kg with Hydraulic Soft Close Glass Lid Fully Automatic Top Load Grey,ONIDA,13490,20990,35% off,4.4,421 Ratings & 58 Reviews,['700 rpm Max Speed' '2 Years Comprehensive Warranty on Product and 5 Years Warranty on Motor by Onida'],washing_machine
LG 10 kg White with Roller Jet Pulsator Soak and Smart Filter Semi Automatic Top Load Maroon White,LG,19180,20490,6% off,4.5,741 Ratings & 56 Reviews,['1300 rpm Max Speed' '5 Star Rating' '2 Years Comprehensive and 5 Years on Motor from LG'],washing_machine
Whirlpool 7 kg Fully Automatic Front Load with In-built Heater White,Whirlpool,27990,39200,28% off,4.0,262 Ratings & 30 Reviews,['1000 rpm Max Speed' '2 Years Comprehensive and 10 Years on Motor from Whirlpool'],washing_machine
SAMSUNG 7 kg WiFi Enabled Inverter 5 Star with Hygiene Steam & Ecobubble Technology Washing Machine Fu...,SAMSUNG,22490,28500,21% off,4.3,12023 Ratings & 1074 Reviews,['700 rpm Max Speed' '5 Star Rating' '2 years comprehensive warranty on the product 20 years warranty on the DIT Motor'],washing_machine
LG 8 kg Semi Automatic Top Load White Maroon,LG,14670,17690,17% off,4.5,1288 Ratings & 91 Reviews,['800 rpm Max Speed' '5 Star Rating' '2 Years Warranty on Complete Washing Machine and 5 Years on Motor from LG'],washing_machine
SAMSUNG 7 kg Fully Automatic Front Load with In-built Heater Black,SAMSUNG,34000,43700,22% off,4.5,12 Ratings & 0 Reviews,['1200 rpm Max Speed' '5 Star Rating' '2 years comprehensive warranty on the product 20 years warranty on the DIT Motor'],washing_machine
IFB 6 kg 5 Star 2X Power SteamHard Water Wash Fully Automatic Front Load with In-built Heater White,IFB,24670,28690,14% off,4.3,3060 Ratings & 259 Reviews,['800 rpm Max Speed' '5 Star Rating' '4 Years Comprehensive Warranty 10 Years Motor Warranty 10 Years Spares Support'],washing_machine
ONIDA 9 kg Washer only White Green,ONIDA,6290,7999,21% off,4.3,21178 Ratings & 2525 Reviews,['780 rpm Max Speed' '1 Year Comprehensive Warranty on Product 7 Years Warranty on Motor'],washing_machine
Whirlpool 7.5 kg Semi Automatic Top Load,Whirlpool,11990,14000,14% off,4.5,95 Ratings & 9 Reviews,['1400 rpm Max Speed' '1 Year Comprehensive Warranty and 2 Years Warranty on Motor'],washing_machine
Voltas Beko 9 kg Fully Automatic Top Load Grey,Voltas,21399,38590,44% off,4.3,29 Ratings & 1 Reviews,['700 rpm Max Speed' '5 Star Rating' '3 Years Comprehensive and Additional 9 Years On Motor from Voltas Beko'],washing_machine
Haier 8 kg Semi Automatic Top Load White Pink,Haier,12990,19700,34% off,4.3,1794 Ratings & 170 Reviews,['1300 rpm Max Speed' '3 Years Comprehensive Warranty on Product 10 Years Warranty on Wash Motor & 5 Years Warranty on Spin Motor from Haier'],washing_machine
Godrej 7.5 kg Fully Automatic Top Load with In-built Heater Grey,Godrej,17490,26900,34% off,4.1,124 Ratings & 11 Reviews,['670 rpm Max Speed' '5 Star Rating' '2 Years Warranty on Product and 10 Years on Motor'],washing_machine
MarQ by Flipkart 8 kg 5 Star Engineered with Panasonic Technology Fully Automatic Top Load Grey,MarQ,14790,20499,27% off,4.3,4090 Ratings & 482 Reviews,['700 rpm Max Speed' '5 Star Rating' '2 Years Comprehensive and 5 Years on Motor from MarQ by Flipkart'],washing_machine
Thomson 10.5/8 kg Washer with Dryer with In-built Heater White,Thomson,37990,51999,26% off,3.8,4 Ratings & 1 Reviews,['1200 rpm Max Speed' '2 Years Warranty on Product and 5 Years on Motor'],washing_machine
SAMSUNG 6.5 kg Fully Automatic Front Load Silver,SAMSUNG,31500,38400,17% off,4.3,29 Ratings & 2 Reviews,['1200 rpm Max Speed' '5 Star Rating' '2 years comprehensive warranty on the product 20 years warranty on the DIT Motor'],washing_machine
Lloyd 7 kg Fully Automatic Front Load with In-built Heater White,Lloyd,24690,36990,33% off,3.9,88 Ratings & 14 Reviews,['1200 rpm Max Speed' '2 Years Comprehensive on Washing Machine and 10 Years on Motor from Lloyd'],washing_machine
ONIDA 7 kg 5 Star With Hexa Crystal Drum Technology Fully Automatic Top Load Black Grey,ONIDA,15290,23490,34% off,4.5,251 Ratings & 50 Reviews,['700 rpm Max Speed' '5 Star Rating' '2 Years Comprehensive Warranty and 5 Years Warranty on Wash Motor from Onida'],washing_machine
White Westinghouse (Trademark by Electrolux) 7.5 kg Semi Automatic Top Load White Maroon,White,8499,12499,32% off,4.1,1249 Ratings & 114 Reviews,['1400 rpm Max Speed' '2 Years Warranty on Product and 2 Years Additional on Motor from White Westinghouse'],washing_machine
LG 9 kg with Jet Sprey Auto Pre Wash Smart Diagnosis Smart Closing Door and 10 Water Levels Fully A...,LG,32687,45000,27% off,4.7,16 Ratings & 2 Reviews,['779 RPM Max Speed' '5 Star Rating' '1 y Manufacturer Warranty'],washing_machine
LG 6 kg with Roller Jet Pulsator Semi Automatic Top Load Grey,LG,10990,13190,16% off,4.2,329 Ratings & 21 Reviews,['1300 rpm Max Speed' '5 Star Rating' '2 Years Comprehensive on Product from LG'],washing_machine
Panasonic 7 kg Semi Automatic Top Load Blue,Panasonic,11590,13900,16% off,4.6,16 Ratings & 0 Reviews,['1349 RPM Max Speed' '5 Star Rating' '2 Years Warranty on Product and 5 Years on Motor'],washing_machine
Candes 9 kg Semi Automatic Top Load Blue White,Candes,10479,15500,32% off,4.3,833 Ratings & 154 Reviews,['1500 RPM Max Speed' '5 Star Rating' '2 Years Comprehensive and 5 Years on Motor from Candes'],washing_machine
SAMSUNG 7 kg AI Control Wifi Enabled 5 Star Rating Fully Automatic Front Load Grey,SAMSUNG,37812,50000,24% off,4.7,41 Ratings & 4 Reviews,['1200 rpm Max Speed' '5 Star Rating' '3 Years on Product and 10 Years on Motor from Samsung'],washing_machine
IFB 6 kg Fully Automatic Front Load with In-built Heater White,IFB,23990,26990,11% off,4.3,6 Ratings & 0 Reviews,['800 RPM Max Speed' '5 Star Rating' '4 Years Comprehensive Warranty and 10 Years Spare Part Support from IFB'],washing_machine
SAMSUNG 11.5 Kg Semi Automatic Top Load Grey Red,SAMSUNG,17850,19600,8% off,4.3,40 Ratings & 6 Reviews,['1300 rpm Max Speed' '5 Star Rating' '2 Years Warranty on Product and 5 Years Warranty on Motor By Samsung'],washing_machine
SAMSUNG 10 kg 5 Star With Wobble Technology and Digital Inverter Fully Automatic Top Load Grey,SAMSUNG,30990,34000,8% off,4.3,96 Ratings & 14 Reviews,['700 rpm Max Speed' '5 Star Rating' '2 years comprehensive warranty on the product 20 years warranty on the DIT Motor'],washing_machine
BOSCH 7 kg Fully Automatic Front Load Black Silver,BOSCH,32200,40899,21% off,4.4,17 Ratings & 3 Reviews,['1200 rpm Max Speed' '2 Years Comprehensive Warranty on Product and 10 Years on Motor from Bosch'],washing_machine
SAMSUNG 6.5 kg Fully Automatic Top Load Grey,SAMSUNG,16790,24400,31% off,4.3,100 Ratings & 13 Reviews,['700 rpm Max Speed' '5 Star Rating' '2 years comprehensive warranty on the product 20 years warranty on the DIT Motor'],washing_machine
Lloyd 7 kg Semi Automatic Top Load White Grey,Lloyd,10999,14090,21% off,4.4,20 Ratings & 0 Reviews,['600 rpm Max Speed' '2 Years Comprehensive Warranty and 5 Years on Motor from Lloyd'],washing_machine
Lloyd 11 kg Semi Automatic Top Load Grey,Lloyd,15550,23155,32% off,4.2,6 Ratings & 1 Reviews,['1300 RPM Max Speed' '5 Star Rating' '2 years on product 5 years on motor'],washing_machine
Panasonic 8 kg 5 Star AquaBeat Wash Fully Automatic Top Load Grey,Panasonic,20990,24500,14% off,4.3,9162 Ratings & 1238 Reviews,['680 rpm Max Speed' '5 Star Rating' '2 Years Comprehensive and 10  Years on Motor from Panasonic'],washing_machine
Godrej 6.5 kg Semi Automatic Top Load Red White,Godrej,9290,11200,17% off,4.3,477 Ratings & 41 Reviews,['1440 rpm Max Speed' '2 Years Comprehensive Warranty on Product and 5 Years on Wash Motor'],washing_machine
MarQ by Flipkart 7.5 kg Fully Automatic Front Load with In-built Heater White,MarQ,22990,33999,32% off,4.3,10867 Ratings & 1917 Reviews,['1200 rpm Max Speed' '1 Year Comprehensive Warranty and 3 Years Warranty on Motor from MarQ'],washing_machine
Whirlpool 10.5 kg Semi Automatic Top Load Grey,Whirlpool,16790,21999,23% off,4.2,19 Ratings & 1 Reviews,['1400 RPM Max Speed' '5 Star Rating' 'Technician Visit'],washing_machine
LG 7 kg Fully Automatic Front Load Silver,LG,34990,45990,23% off,4.5,53 Ratings & 5 Reviews,['1200 RPM Max Speed' '5 Star Rating' '2 Years Warranty on Product and 10 Years on Motor'],washing_machine
LG 9 kg Fully Automatic Front Load Silver,LG,40980,53990,24% off,4.5,40 Ratings & 3 Reviews,['1400 RPM Max Speed' '5 Star Rating' '2 y Manufacturer Warranty'],washing_machine
Whirlpool 9 kg Semi Automatic Top Load White Maroon,Whirlpool,15290,19999,23% off,4.2,115 Ratings & 10 Reviews,['1400 rpm Max Speed' '5 Star Rating' '2 Years Comprehensive Warranty on Product and 10 Years on Wash Motor and Prime Mover from Whirlpool'],washing_machine
Whirlpool 7 kg 5 Star Hard Water wash Fully Automatic Top Load Grey,Whirlpool,17290,20200,14% off,4.3,14228 Ratings & 1389 Reviews,['740 rpm Max Speed' '5 Star Rating' '2 Years Comprehensive Warranty and 10 Years Warranty on Motor and Prime Mover from Whirlpool'],washing_machine
SAMSUNG 8 kg Fully Automatic Front Load with In-built Heater Black,SAMSUNG,38990,52000,25% off,4.2,27 Ratings & 3 Reviews,['1400 rpm Max Speed' '5 Star Rating' '2 years comprehensive warranty on the product 20 years warranty on the DIT Motor'],washing_machine
LG 8 kg Smart inverter Fully Automatic Top Load Silver,LG,24990,29990,16% off,4.4,336 Ratings & 21 Reviews,['700 rpm Max Speed' '5 Star Rating' '2 Years Comprehensive Warranty on Product and 10 Years on Motor'],washing_machine
IFB 7 kg 5 Star 2X Power SteamHard Water Wash Fully Automatic Front Load with In-built Heater White,IFB,29990,35490,15% off,4.2,361 Ratings & 31 Reviews,['1000 rpm Max Speed' '5 Star Rating' '4 Years Comprehensive Warranty 10 Years Motor Warranty 10 Years Spares Support'],washing_machine
Whirlpool 6.5 kg Magic Clean 5 Star Fully Automatic Top Load with In-built Heater Grey,Whirlpool,18240,23650,22% off,4.4,29 Ratings & 4 Reviews,['740 rpm Max Speed' '5 Star Rating' '2 Years Comprehensive Warranty on Product and 5 Years on Prime Mover and Motor'],washing_machine
Whirlpool 10.5 kg With In-Built Heater Semi Automatic Top Load with In-built Heater Grey,Whirlpool,17899,21800,17% off,4.3,209 Ratings & 16 Reviews,['1400 rpm Max Speed' '5 Star Rating' '2 Years Comprehensive Warranty on Product and 10 Years on Wash Motor and Prime Mover from Whirlpool'],washing_machine
Whirlpool 7 kg Fully Automatic Top Load with In-built Heater Grey,Whirlpool,20249,24500,17% off,3.9,31 Ratings & 2 Reviews,['740 rpm Max Speed' '5 Star Rating' '2 Years Comprehensive Warranty on Product and 10 Years on Prime Mover and Motor'],washing_machine
MarQ by Flipkart 6 kg Garment Sterilization Fully Automatic Front Load with In-built Heater Silver,MarQ,19990,24499,18% off,4.3,5212 Ratings & 736 Reviews,['1200 RPM Max Speed' '5 Star Rating' '1 Year Comprehensive Warranty and 3 Years Warranty on Motor from MarQ by Flipkart'],washing_machine
MarQ by Flipkart 9 kg 5 Star Semi Automatic Top Load White Grey,MarQ,10690,14950,28% off,4.3,11246 Ratings & 1414 Reviews,['1400 rpm Max Speed' '5 Star Rating' '2 Years Comprehensive and 5 Years on Wash Motor from MarQ by Flipkart'],washing_machine
BOSCH 8 kg Fully Automatic Front Load with In-built Heater Grey,BOSCH,39099,50084,21% off,4.5,16 Ratings & 1 Reviews,['1200 RPM Max Speed' '5 Star Rating' '2 Years on Product and 12 Years on Motor from Bosch'],washing_machine
Whirlpool 7.5 kg Semi Automatic Top Load Red,Whirlpool,12700,15200,16% off,4.3,16 Ratings & 1 Reviews,['1450 RPM Max Speed' '5 Star Rating' '2 Years Comprehensive Warranty and 5 Years Warranty on Wash Motor and Prime Mover from Whirlpool'],washing_machine
BOSCH 8 kg Fully Automatic Front Load Silver,BOSCH,40379,49000,17% off,4.5,16 Ratings & 1 Reviews,['1200 RPM Max Speed' '5 Star Rating' '2 year on product'],washing_machine
Sansui 6.5 kg Pro Clean Fully Automatic Top Load Grey,Sansui,13490,17499,22% off,4.2,3513 Ratings & 449 Reviews,['700 rpm Max Speed' '2 Years Comprehensive Warranty and 5 Years Warranty on Motor'],washing_machine
ONIDA 7.5 kg 5 star Semi Automatic Top Load Blue White,ONIDA,9790,11950,18% off,4.2,5884 Ratings & 574 Reviews,['1350 rpm Max Speed' '5 Star Rating' '2 Years Comprehensive Warranty on Product 7 Years Warranty on Motor'],washing_machine
Panasonic 6.7 kg Fully Automatic Top Load with In-built Heater Grey,Panasonic,17590,24500,28% off,4.2,89 Ratings & 14 Reviews,['702 rpm Max Speed' '2 Years Comprehensive Warranty on Product and 12 Years on Motor'],washing_machine
White Westinghouse (Trademark by Electrolux) 8 kg Semi Automatic Top Load White Grey,White,9499,10999,13% off,4.1,1249 Ratings & 114 Reviews,['1400 rpm Max Speed' '5 Star Rating' '2 Years Warranty on Product and 4 Years on Motor'],washing_machine
IFB 6.5 kg 5 Star 2X Power SteamHard Water Wash Fully Automatic Front Load with In-built Heater White,IFB,30790,35290,12% off,4.9,8 Ratings & 1 Reviews,['1000 RPM Max Speed' '5 Star Rating' '4 Years Comprehensive Warranty 10 Years Motor Warranty 10 Years Spares Support'],washing_machine
Whirlpool 9 kg Semi Automatic Top Load White Maroon,Whirlpool,14899,17100,12% off,4.2,115 Ratings & 10 Reviews,['1400 rpm Max Speed' '5 Star Rating' '2 Years Comprehensive Warranty on Product and 10 Years on Wash Motor and Prime Mover from Whirlpool'],washing_machine
Godrej 7 kg Fully Automatic Front Load with In-built Heater White,Godrej,30180,39700,23% off,4.0,42 Ratings & 7 Reviews,['1000 rpm Max Speed' '2 Years comprehensive Warranty and 10 Years Warranty on Motor from Godrej'],washing_machine
MarQ by Flipkart 7.5 kg Fully Automatic Top Load Grey,MarQ,13990,18999,26% off,4.0,574 Ratings & 70 Reviews,['750 rpm Max Speed' '5 Star Rating' '2 Years Comprehensive and 5 Years on Motor from MarQ by Flipkart'],washing_machine
Whirlpool 8 kg 5 Star Supersoak Technology Semi Automatic Top Load Purple,Whirlpool,12770,14400,11% off,4.4,5294 Ratings & 642 Reviews,['1400 rpm Max Speed' '2 Years Comprehensive Warranty and 5 Years Warranty on Wash Motor Spin motor and Prime Mover from Whirlpool'],washing_machine
IFB 6 kg 5 Star 2X Power SteamHard Water Wash Fully Automatic Front Load with In-built Heater White,IFB,23990,27890,13% off,4.2,68 Ratings & 6 Reviews,['800 rpm Max Speed' '5 Star Rating' '4 Years Comprehensive Warranty 10 Years Motor Warranty 10 Years Spares Support'],washing_machine
LG 8 kg 5 star Semi Automatic Top Load Purple White,LG,15090,16490,8% off,4.5,6031 Ratings & 666 Reviews,['1300 rpm Max Speed' '5 Star Rating' '2 Years Comprehensive and 5 Years on Motor From LG'],washing_machine
Lloyd 9 kg Semi Automatic Top Load Grey Orange,Lloyd,15389,19990,23% off,3.4,5 Ratings & 1 Reviews,['1300 RPM Max Speed' '5 Star Rating' '2 years on product 5 years on motor'],washing_machine
Godrej 8 kg Semi Automatic Top Load Grey,Godrej,16639,20050,17% off,4.0,32 Ratings & 1 Reviews,['1440 RPM Max Speed' '5 Star Rating' '2 Years Comprehensive Warranty and 5 Years Warranty on Motor from Godrej'],washing_machine
Lloyd 9 kg Semi Automatic Top Load White Grey,Lloyd,14899,20490,27% off,4.3,48 Ratings & 5 Reviews,['600 rpm Max Speed' '5 Star Rating' '2 Years Comprehensive Warranty and 5 Years on Motor from Lloyd'],washing_machine
White Westinghouse (Trademark by Electrolux) 7 kg Semi Automatic Top Load White Maroon,White,7999,8999,11% off,4.1,1249 Ratings & 114 Reviews,['1400 rpm Max Speed' '5 Star Rating' '2 Years Warranty on Product and 4 Years on Motor'],washing_machine
BOSCH 6 kg Fully Automatic Front Load with In-built Heater White,BOSCH,23499,27650,15% off,4.4,15039 Ratings & 1512 Reviews,['800 rpm Max Speed' '2 Year Comprehensive Warranty and 10 Years Warranty on Motor from Bosch'],washing_machine
LG 6 kg With Steam Fully Automatic Front Load with In-built Heater White,LG,29990,36990,18% off,4.5,556 Ratings & 60 Reviews,['1000 rpm Max Speed' '5 Star Rating' '2 Years on Product and 10 Years on Motor from LG'],washing_machine
LG 7.5 kg Semi Automatic Top Load Blue White,LG,13290,15290,13% off,4.5,264 Ratings & 19 Reviews,['1350 rpm Max Speed' '5 Star Rating' '2 Years Comprehensive and 5 Years on Motor From LG'],washing_machine
SAMSUNG 7 kg Semi Automatic Top Load White Grey Purple,SAMSUNG,11900,13300,10% off,4.4,164 Ratings & 16 Reviews,['1300 rpm Max Speed' '5 Star Rating' '2 Years on Product and 5 Years Warranty on Motor'],washing_machine
SAMSUNG 6.5 kg Fully Automatic Top Load Grey,SAMSUNG,18419,25600,28% off,4.2,64 Ratings & 4 Reviews,['700 rpm Max Speed' '5 Star Rating' '2 years comprehensive warranty on the product 20 years warranty on the DIT Motor'],washing_machine
Whirlpool 6.5 kg Fully Automatic Top Load with In-built Heater Grey,Whirlpool,21300,25450,16% off,4.4,9 Ratings & 0 Reviews,['740 RPM Max Speed' '5 Star Rating' '2 Years Comprehensive Warranty and 10 Years Warranty on Motor Wash Plate from Whirlpool'],washing_machine
Whirlpool 7 kg Fully Automatic Top Load Grey,Whirlpool,17950,22500,20% off,4.2,1268 Ratings & 116 Reviews,['740 rpm Max Speed' '2 Years Comprehensive Warranty and 5 Years Warranty on Motor from Whirlpool'],washing_machine
SAMSUNG 11 kg Fully Automatic Top Load Grey,SAMSUNG,35248,39200,10% off,4.4,51 Ratings & 3 Reviews,['700 rpm Max Speed' '5 Star Rating' '2 years comprehensive warranty on the product 20 years warranty on the DIT Motor'],washing_machine
BOSCH 8 kg INVERTER TOUCH CONTROL Fully Automatic Front Load with In-built Heater White,BOSCH,35290,41199,14% off,4.4,15039 Ratings & 1512 Reviews,['1200 rpm Max Speed' '5 Star Rating' '2 Years on Product and 12 Years on Motor from Bosch'],washing_machine
Lloyd 7 kg Fully Automatic Top Load Grey,Lloyd,18950,22590,16% off,4.2,344 Ratings & 31 Reviews,['680 rpm Max Speed' '5 Star Rating' '2 Years Comprehensive on Washing Machine and 10 Years on Motor from Lloyd'],washing_machine
Whirlpool 6.5 kg Fully Automatic Top Load with In-built Heater Maroon,Whirlpool,19380,24650,21% off,4.3,2732 Ratings & 255 Reviews,['740 rpm Max Speed' '5 Star Rating' '2 Years Warranty on Product and 10 Years on Motor'],washing_machine
White Westinghouse (Trademark by Electrolux) 9 kg Semi Automatic Top Load White Grey,White,10449,11999,12% off,3.8,68 Ratings & 7 Reviews,['1400 rpm Max Speed' '5 Star Rating' '2 Years Warranty on Product and 4 Years on Motor'],washing_machine
Godrej 7 kg Fully Automatic Top Load with In-built Heater Red,Godrej,23990,26250,8% off,4.3,158 Ratings & 18 Reviews,['700 rpm Max Speed' '2 Years Comprehensive Warranty and 10 Years Warranty on Motor from Godrej'],washing_machine
LG 8 kg Fully Automatic Front Load Black,LG,40599,58990,31% off,4.3,42 Ratings & 4 Reviews,['1400 rpm Max Speed' '5 Star Rating' '2 Years Comprehensive Warranty and 10 Years on Motor From LG'],washing_machine
IFB 7 kg In-Built Anticrease Auto Tub Clean Delay Start Fully Automatic Front Load with In-built Hea...,IFB,29990,34590,13% off,4.3,140 Ratings & 15 Reviews,['1000 rpm Max Speed' '5 Star Rating' '4 Years Complete Machine Warranty 10 Years Motor Warranty and 10 Years Spare Part Support from IFB'],washing_machine
Galanz 10 kg Quick Wash Inverter Fully Automatic Front Load with In-built Heater Silver,Galanz,30490,50990,40% off,4.0,1902 Ratings & 281 Reviews,['1400 rpm Max Speed' '2 years comprehensive warranty on product and 8 years on motor'],washing_machine
Whirlpool 8 kg Fully Automatic Front Load White,Whirlpool,30990,46480,33% off,4.1,137 Ratings & 9 Reviews,['1200 rpm Max Speed' '2 Years Comprehensive Warranty and 5 Years Warranty on Motor from Whirlpool'],washing_machine
IFB 6.5 kg 5 Star 2X Power SteamHard Water Wash Fully Automatic Front Load with In-built Heater Silve...,IFB,31990,36790,13% off,4.4,2996 Ratings & 266 Reviews,['1000 RPM Max Speed' '5 Star Rating' '4 Years Comprehensive Warranty 10 Years Motor Warranty 10 Years Spares Support'],washing_machine
MarQ by Flipkart 8 kg 5 Star Rating Semi Automatic Top Load White Maroon,MarQ,8790,11450,23% off,4.2,807 Ratings & 117 Reviews,['1400 rpm Max Speed' '5 Star Rating' '2 Years Comprehensive and 5 Years on Wash Motor from MarQ by Flipkart'],washing_machine
SAMSUNG 9 kg Fully Automatic Front Load Black,SAMSUNG,41000,54500,24% off,4.4,23161 Ratings & 2321 Reviews,['1400 rpm Max Speed' '5 Star Rating' '2 years comprehensive warranty on the product 20 years warranty on the DIT Motor'],washing_machine
TCL 8 kg Fully Automatic Front Load with In-built Heater White,TCL,24990,36990,32% off,3.8,20 Ratings & 2 Reviews,['1200 rpm Max Speed' '1 Year Comprehensive Warranty on Product and 5 Years on Motor'],washing_machine
MarQ by Flipkart 6.5 kg 5 Star Rating Innowash+ Fully Automatic Top Load Grey,MarQ,13690,15999,14% off,4.2,11568 Ratings & 1596 Reviews,['700 rpm Max Speed' '5 Star Rating' '2 Years Comprehensive Warranty on Product and 5 Years on Motor'],washing_machine
LG 7 kg Fully Automatic Top Load Black,LG,25190,29890,15% off,4.5,54 Ratings & 11 Reviews,['780 rpm Max Speed' '2 Years Comprehensive Warranty and 10 Years Warranty on Motor From LG'],washing_machine
Whirlpool 8 kg 5 Star Power Dry Technology Semi Automatic Top Load Purple,Whirlpool,13190,15990,17% off,4.3,2628 Ratings & 262 Reviews,['1450 rpm Max Speed' '5 Star Rating' '2 Years Comprehensive Warranty and 5 Years Warranty on Wash Motor Spin motor and Prime Mover from Whirlpool'],washing_machine
Samsung AirDresser with JetSteam | Sanitize and refresh clothes | Crystal Mirror Black,Samsung,109090,127000,14% off,3.0,4 Ratings & 0 Reviews,['0 RPM Max Speed' '1 Year on Product from Samsung'],washing_machine
SAMSUNG 7 kg Fully Automatic Top Load Silver,SAMSUNG,23000,27200,15% off,4.0,64 Ratings & 9 Reviews,['700 rpm Max Speed' '5 Star Rating' '2 years comprehensive warranty on the product 20 years warranty on the DIT Motor'],washing_machine
Lloyd 12 kg Semi Automatic Top Load Grey,Lloyd,16948,25190,32% off,4.3,9 Ratings & 0 Reviews,['1300 RPM Max Speed' '5 Star Rating' '2 years on product 5 years on motor'],washing_machine
Whirlpool 7.5 kg Semi Automatic Top Load Maroon,Whirlpool,12800,14700,12% off,4.0,74 Ratings & 5 Reviews,['1450 RPM Max Speed' '5 Star Rating' '(2 + 3) Years Warranty. 2 Years Comprehensive Warranty and 3 Years Extended Warranty on Wash Motor and Prime Mover.'],washing_machine
Whirlpool 6.5 kg Magic Clean 5 Star Fully Automatic Top Load Grey,Whirlpool,17990,20650,12% off,4.0,26 Ratings & 5 Reviews,['740 rpm Max Speed' '5 Star Rating' '2 Years Comprehensive Warranty on Product and 5 Years on Prime Mover and Motor'],washing_machine
IFB 7.5 kg 5 Star 3D Wash Technology Gentle Wash In-built heater Fully Automatic Front Load with In-...,IFB,33959,36990,8% off,4.4,400 Ratings & 51 Reviews,['1200 rpm Max Speed' '5 Star Rating' '4 Years Comprehensive Warranty and 10 Years Spare Part Support from IFB'],washing_machine
Voltas Beko 6.2 kg Fully Automatic Top Load Grey,Voltas,15689,22390,29% off,4.2,115 Ratings & 13 Reviews,['700 rpm Max Speed' '3 Years Warranty on Product and 12 Years on Motor'],washing_machine
realme TechLife 8 kg Garment Sterilization Fully Automatic Front Load with In-built Heater White,realme,24880,37490,33% off,4.4,303 Ratings & 45 Reviews,['1400 rpm Max Speed' '1 Year Comprehensive Warranty and 3 Years Warranty on Motor from realme TechLife'],washing_machine
IFB 6 kg Fully Automatic Front Load with In-built Heater Silver,IFB,24950,29990,16% off,4.4,1240 Ratings & 173 Reviews,['1000 rpm Max Speed' '4 Years Comprehensive Warranty and 10 Years Spare Part Support from IFB'],washing_machine
Thomson 7.5 kg Six Action Pulsator Fully Automatic Top Load Grey,Thomson,13990,21999,36% off,4.0,574 Ratings & 80 Reviews,['720 rpm Max Speed' '2 Years Warranty on Product and 5 Years on Motor'],washing_machine
LG 6.5 kg With Steam Fully Automatic Front Load with In-built Heater White,LG,29799,35990,17% off,4.5,2626 Ratings & 304 Reviews,['1200 rpm Max Speed' '5 Star Rating' '2 Years on Product and 10 Years on Motor from LG'],washing_machine
Daenyx 7.5 kg Washer only White Maroon,Daenyx,5299,5990,11% off,4.0,393 Ratings & 38 Reviews,['1300 rpm Max Speed' '1 Years Warranty from Daenyx'],washing_machine
BOSCH 7 kg Fully Automatic Front Load with In-built Heater White,BOSCH,35179,40996,14% off,4.4,10 Ratings & 3 Reviews,['1200 RPM Max Speed' '2 Years Comprehensive Warranty and 12 Years motor'],washing_machine
TCL 7 kg Fully Automatic Front Load with In-built Heater White,TCL,23990,32990,27% off,4.0,23 Ratings & 4 Reviews,['1200 rpm Max Speed' '1 Year Comprehensive Warranty on Product and 5 Years on Motor'],washing_machine
SAMSUNG 7.5 kg Semi Automatic Top Load Grey Red,SAMSUNG,12490,15600,19% off,4.1,7 Ratings & 0 Reviews,['740 rpm Max Speed' '5 Star Rating' '3 Years Warranty on Product and 10 Years Warranty on Digital Inverter Motor'],washing_machine
LG 9 kg Fully Automatic Front Load with In-built Heater White,LG,38990,52990,26% off,3.7,7 Ratings & 0 Reviews,['1400 rpm Max Speed' '5 Star Rating' '2 Years on Product and 10 Years on Motor from LG'],washing_machine
SAMSUNG 6.5 kg Fully Automatic Front Load with In-built Heater Grey,SAMSUNG,35000,39500,11% off,3.9,15 Ratings & 1 Reviews,['1200 rpm Max Speed' '5 Star Rating' '2 years comprehensive warranty on the product 20 years warranty on the DIT Motor'],washing_machine
Godrej 7 kg Fully Automatic Top Load Grey,Godrej,17990,19500,7% off,4.2,1263 Ratings & 117 Reviews,['665 rpm Max Speed' '5 Star Rating' '2 Years on Product and 10 Years on Motor from Godrej'],washing_machine
Voltas Beko 7 kg Fully Automatic Top Load Grey,Voltas,17499,28990,39% off,4.6,26 Ratings & 2 Reviews,['700 rpm Max Speed' '5 Star Rating' '3 Years Comprehensive and Additional 9 Years On Motor from Voltas Beko'],washing_machine
Whirlpool 6.5 kg 5 Star Fully Automatic Top Load with In-built Heater Grey,Whirlpool,21990,22900,3% off,4.3,1417 Ratings & 149 Reviews,['740 rpm Max Speed' '5 Star Rating' '2 Years Warranty on Product and 10 Years on Motor'],washing_machine
LG 7 kg Semi Automatic Top Load Maroon White,LG,13998,14490,3% off,4.4,19062 Ratings & 1643 Reviews,['1300 rpm Max Speed' '2 Years Comprehensive and 5 Years on Motor From LG'],washing_machine
LG 6.5 kg Fully Automatic Top Load Silver,LG,17490,21990,20% off,4.3,84 Ratings & 4 Reviews,['700 rpm Max Speed' '5 Star Rating' '2 Years Comprehensive Warranty and 10 Years Warranty on Motor from LG'],washing_machine
Panasonic 8 kg Semi Automatic Top Load Red White,Panasonic,14895,21000,29% off,4.0,3 Ratings & 0 Reviews,['1350 rpm Max Speed' '2 Years on Product and 5 Years on Motor from Panasonic'],washing_machine
Candes 6.5 kg Semi Automatic Top Load Red White,Candes,7790,10990,29% off,4.3,833 Ratings & 154 Reviews,['1500 RPM Max Speed' '5 Star Rating' '2 Years Comprehensive and 5 Years on Motor from Candes'],washing_machine
LG 6.5 kg Fully Automatic Front Load with In-built Heater White,LG,32299,38157,15% off,4.2,54 Ratings & 5 Reviews,['1000 rpm Max Speed' '5 Star Rating' '2 Years on Product and 10 Years on Motor from LG'],washing_machine
realme TechLife 8 kg 5 Star Smart Wi-Fi Enabled Inverter Technology Garment Sterilization Fully Automa...,realme,25990,48490,46% off,4.2,129 Ratings & 15 Reviews,['1200 rpm Max Speed' '5 Star Rating' '2 Years Comprehensive Warranty and 10 Years Warranty on Motor from realme TechLife'],washing_machine
BOSCH 6 kg Fully Automatic Front Load with In-built Heater White,BOSCH,30769,37076,17% off,3.9,7 Ratings & 1 Reviews,['1000 RPM Max Speed' '5 Star Rating' '2 Years'],washing_machine
SAMSUNG 6.5 kg Fully Automatic Top Load Maroon,SAMSUNG,22200,24000,7% off,4.3,320 Ratings & 42 Reviews,['680 rpm Max Speed' '3 Years Comprehensive Warranty and 10 Years Warranty on Motor from Samsung'],washing_machine
Godrej 8 kg Semi Automatic Top Load White Pink,Godrej,12690,17070,25% off,4.6,158 Ratings & 12 Reviews,['1400 rpm Max Speed' '5 Star Rating' '2 Years Comprehensive Warranty on Product and 5 Years on Motor'],washing_machine
Whirlpool 7.5 kg 5 Star InverterWith Hard water wash Fully Automatic Top Load Grey,Whirlpool,24990,29990,16% off,4.0,63 Ratings & 9 Reviews,['740 rpm Max Speed' '5 Star Rating' '3 Years Comprehensive Warranty on Product and 12 Years Warranty on Motor and Prime Mover'],washing_machine
Godrej 7 kg Fully Automatic Top Load with In-built Heater Grey,Godrej,18490,27840,33% off,4.2,188 Ratings & 12 Reviews,['665 rpm Max Speed' '5 Star Rating' '2 Years on Product and 10 Years on Motor From Godrej'],washing_machine
SAMSUNG 6.5 kg Fully Automatic Top Load Silver,SAMSUNG,16490,17215,4% off,4.5,233 Ratings & 20 Reviews,['680 rpm Max Speed' '2 Years on Product and 2 Years on Motor'],washing_machine
Whirlpool 8.5 kg Semi Automatic Top Load Silver,Whirlpool,15190,18990,20% off,4.4,41 Ratings & 3 Reviews,['1450 RPM Max Speed' '5 Star Rating' '2 Years Comprehensive Warranty and 5 Years Warranty on Motor and Prime Mover From Whirlpool'],washing_machine
SAMSUNG 6 kg Fully Automatic Front Load with In-built Heater White,SAMSUNG,29750,32600,8% off,5.0,3 Ratings & 0 Reviews,['1000 rpm Max Speed' '5 Star Rating' '2 years comprehensive warranty on the product 20 years warranty on the DIT Motor'],washing_machine
LG 7.5 kg Semi Automatic Top Load White Grey,LG,14249,17090,16% off,4.5,117 Ratings & 9 Reviews,['700 rpm Max Speed' '5 Star Rating' '2 Years Comprehensive Warranty and 5 Years Warranty on Motor from LG'],washing_machine
ONIDA 6.8 kg Fully Automatic Top Load Red,ONIDA,16990,18990,10% off,4.2,305 Ratings & 86 Reviews,['780 rpm Max Speed' '2 Years Comprehensive Warranty from Onida'],washing_machine
MarQ by Flipkart 7.5 kg 5 Star Rating Semi Automatic Top Load White Maroon,MarQ,9690,11450,15% off,4.3,7590 Ratings & 913 Reviews,['1400 RPM Max Speed' '5 Star Rating' '2 Years Comprehensive and 5 Years on Wash Motor from MarQ by Flipkart'],washing_machine
LG 6.5 kg Fully Automatic Front Load with In-built Heater Silver,LG,32990,43990,25% off,3.9,35 Ratings & 2 Reviews,['1200 RPM Max Speed' '5 Star Rating' '2 Years on Product and 10 Years on Motor from LG'],washing_machine
SAMSUNG 8 kg Fully Automatic Front Load Black,SAMSUNG,34500,48000,28% off,4.4,23161 Ratings & 2321 Reviews,['1400 rpm Max Speed' '5 Star Rating' '2 years comprehensive warranty on the product 20 years warranty on the DIT Motor'],washing_machine
MOTOROLA 7 kg 5 Star Rating Garment Sterilization Fully Automatic Front Load with In-built Heater Whit...,MOTOROLA,24990,33990,26% off,4.2,629 Ratings & 92 Reviews,['1400 rpm Max Speed' '5 Star Rating' '1 Year Comprehensive Warranty and 3 Years Warranty on Motor from Motorola'],washing_machine
Lloyd 7 kg Semi Automatic Top Load White Blue,Lloyd,10930,14200,23% off,4.4,26 Ratings & 2 Reviews,['600 rpm Max Speed' '2 Years Comprehensive Warranty and 5 Years on Motor from Lloyd'],washing_machine
Lifelong 7.5 kg Semi Automatic Top Load Maroon White,Lifelong,7850,11490,31% off,3.8,237 Ratings & 29 Reviews,['1300 rpm Max Speed' '5 Star Rating' '2 Years Comprehensive and 5 Years Motor by Lifelong'],washing_machine
LG 6.5 kg 5 Star Rating Jet Spray Fully Automatic Top Load Silver,LG,21990,25490,13% off,4.4,87 Ratings & 6 Reviews,['700 rpm Max Speed' '5 Star Rating' '2 Years Warranty on Product and 10 Years on Motor'],washing_machine
Voltas Beko 8 kg Semi Automatic Top Load White Maroon,Voltas,13299,15490,14% off,4.4,25 Ratings & 5 Reviews,['1300 rpm Max Speed' '5 Star Rating' '2 Years Comprehensive and Additional 3 Years On Wash and Spin Motor from Voltas Beko'],washing_machine
LG 8 kg with Auto Pre Wash Smart Diagnosis Smart Closing Door and 10 Water Levels Fully Automatic To...,LG,28490,34990,18% off,4.5,2379 Ratings & 205 Reviews,['700 rpm Max Speed' '5 Star Rating' '2 Years Comprehensive and 10 Years on Motor from LG'],washing_machine
ONIDA 9.5 kg Semi Automatic Top Load Black,ONIDA,14299,17490,18% off,5.0,2 Ratings & 1 Reviews,['1350 rpm Max Speed' '2 Year warranty on product & 5 Year on Motor from Onida'],washing_machine
Haier 8.5 kg Semi Automatic Top Load White,Haier,15990,19500,18% off,4.6,27 Ratings & 3 Reviews,['1300 RPM Max Speed' '3 Star Rating' 'comprehensive- 24 months'],washing_machine
IFB 6.5 kg 5 Star 3D Wash Technology Gentle Wash In-built heater Fully Automatic Front Load with In-...,IFB,27990,32990,15% off,4.4,7877 Ratings & 1081 Reviews,['1000 rpm Max Speed' '5 Star Rating' '4 Years Complete Machine warranty 10 Years Motor Warranty and 10 Years Spare Part Support from IFB'],washing_machine
Haier 8.5 kg Semi Automatic Top Load Red White,Haier,15590,19100,18% off,4.6,27 Ratings & 3 Reviews,['1300 RPM Max Speed' '5 Star Rating' '2 years on the product 5 years on the motor'],washing_machine
LG 9 kg Fully Automatic Front Load with In-built Heater Black,LG,46998,56990,17% off,4.4,45 Ratings & 5 Reviews,['1400 RPM Max Speed' '5 Star Rating' '1 Years Comprehensive and 10 Years on Motor From LG'],washing_machine
Haier 7 kg Semi Automatic Top Load Multicolor,Haier,11990,13000,7% off,4.5,70 Ratings & 5 Reviews,['740 rpm Max Speed' '1 Year Standard Brand Warranty on Product'],washing_machine
Panasonic 6.5 kg Fully Automatic Top Load Grey,Panasonic,14990,16800,10% off,4.3,1425 Ratings & 161 Reviews,['700 rpm Max Speed' '5 Star Rating' '2 Years Comprehensive Warranty on Product and 10 Years on Motor'],washing_machine
Godrej 7 kg Fully Automatic Top Load with In-built Heater Grey,Godrej,17990,26400,31% off,4.0,55 Ratings & 4 Reviews,['670 rpm Max Speed' '5 Star Rating' '2 Years Warranty on Product and 10 Years on Motor'],washing_machine
LG 9 kg 5 Star Fully Automatic Front Load with In-built Heater Silver,LG,41419,51689,19% off,4.5,2626 Ratings & 304 Reviews,['1400 rpm Max Speed' '5 Star Rating' '2 Years Comprehensive and 10 Years on Motor from LG'],washing_machine
Haier 7 kg Fully Automatic Top Load Grey,Haier,19990,25000,20% off,4.0,4 Ratings & 2 Reviews,['800 RPM Max Speed' '2 Years Comprehensive Warranty on Product and 10 Years Warranty on Motor from Haier'],washing_machine
Midea 8 kg 5 Star Fully Automatic Top Load Grey,Midea,16990,24990,32% off,4.2,1421 Ratings & 183 Reviews,['680 rpm Max Speed' '5 Star Rating' '2 Years Warranty on Product'],washing_machine
Whirlpool 7.5 kg Semi Automatic Top Load Blue,Whirlpool,13358,15500,13% off,4.0,74 Ratings & 5 Reviews,['1450 RPM Max Speed' '5 Star Rating' '(2 + 3) Years Warranty. 2 Years Comprehensive Warranty and 3 Years Extended Warranty on Wash Motor and Prime Mover.'],washing_machine
Haier 6 kg Fully Automatic Front Load with In-built Heater White,Haier,25399,28990,12% off,4.5,80 Ratings & 14 Reviews,['1000 rpm Max Speed' '2 Years Comprehensive Warranty and 5 Years Warranty on Motor from Haier'],washing_machine
BOSCH 7 kg INVERTER TOUCH CONTROL Fully Automatic Front Load with In-built Heater White,BOSCH,30990,40099,22% off,4.4,10680 Ratings & 1375 Reviews,['1200 rpm Max Speed' '5 Star Rating' '2 Years Warranty on Product and 12 Years on Motor'],washing_machine
Haier 6.5 kg Fully Automatic Top Load Silver,Haier,17990,23000,21% off,4.3,398 Ratings & 47 Reviews,['700 rpm Max Speed' '2 years Comprehensive Warranty and 10 years Warranty on motor from Haire'],washing_machine
SAMSUNG 6.5 kg Fully Automatic Top Load Grey,SAMSUNG,17490,23300,24% off,4.2,54 Ratings & 8 Reviews,['700 rpm Max Speed' '5 Star Rating' '2 years comprehensive warranty on the product 20 years warranty on the DIT Motor'],washing_machine
IFB 7 kg 5 Star Fully Automatic Front Load with In-built Heater White,IFB,34190,38790,11% off,4.2,204 Ratings & 13 Reviews,['1000 rpm Max Speed' '5 Star Rating' '4 Years Comprehensive Warranty and 10 Years Spare Part Support from IFB'],washing_machine
SAMSUNG 8 kg Fully Automatic Top Load Silver,SAMSUNG,25500,28000,8% off,4.5,63 Ratings & 1 Reviews,['680 rpm Max Speed' '5 Star Rating' '2 years comprehensive warranty on the product 20 years warranty on the DIT Motor'],washing_machine
SAMSUNG 7 kg Fully Automatic Top Load Grey,SAMSUNG,17999,21100,14% off,4.2,141 Ratings & 11 Reviews,['680 rpm Max Speed' '2 Years On Product and 10 Years on Motor from Samsung'],washing_machine
SAMSUNG 9 kg Fully Automatic Top Load Grey,SAMSUNG,25550,32800,22% off,4.3,157 Ratings & 5 Reviews,['700 rpm Max Speed' '5 Star Rating' '2 years comprehensive warranty on the product 20 years warranty on the DIT Motor'],washing_machine
Haier 7.5 kg Fully Automatic Front Load with In-built Heater Gold,Haier,40750,49990,18% off,4.5,17 Ratings & 2 Reviews,['1200 rpm Max Speed' '3 Years Warranty on Product and 20 Years on Motor from Haier'],washing_machine
Candes 8.5 kg Semi Automatic Top Load Black White,Candes,9690,14999,35% off,4.3,833 Ratings & 154 Reviews,['1400 rpm Max Speed' '5 Star Rating' '2 Years Comprehensive Warranty and 5 Years Warranty on Motor'],washing_machine
MarQ by Flipkart 10.2 kg with Tangle Free Wash Fully Automatic Top Load Grey,MarQ,19990,26999,25% off,4.3,2405 Ratings & 346 Reviews,['700 rpm Max Speed' '2 Years Comprehensive Warranty and 5 Years Warranty on Motor from MarQ'],washing_machine
Voltas Beko 8.5 kg Semi Automatic Top Load Red White,Voltas,14498,21290,31% off,4.8,4 Ratings & 1 Reviews,['1300 rpm Max Speed' '5 Star Rating' '2 Years Comprehensive Warranty and Additional 3 Years on Wash and Spin Motor From Voltas Beko'],washing_machine
MarQ by Flipkart 6.5 kg with Twin Shower Technology Fully Automatic Top Load Grey,MarQ,12990,15499,16% off,4.2,11568 Ratings & 1596 Reviews,['700 rpm Max Speed' '2 Years Comprehensive Warranty and 5 Years Warranty on Motor from MarQ'],washing_machine
BOSCH 7 kg Fully Automatic Front Load White,BOSCH,34460,44090,21% off,4.7,3 Ratings & 0 Reviews,['1000 rpm Max Speed' '2 Years Comprehensive Warranty on Product and 10 Years on Motor from Bosch'],washing_machine
LG 7 kg 4 Star Rating Semi Automatic Top Load White Maroon,LG,14199,15990,11% off,4.5,868 Ratings & 67 Reviews,['1300 rpm Max Speed' '4 Star Rating' '2 Years Warranty on Product and 5 Years on Motor'],washing_machine
IFB 6.5 kg 5 Star Wi-fi & Voice Enabled Dual-tone with IMD panel Anti- Allergen In-built heater Ful...,IFB,35939,38430,6% off,4.3,204 Ratings & 28 Reviews,['1000 rpm Max Speed' '5 Star Rating' '4 Years Comprehensive Warranty and 10 Years Spare Part Support From IFB'],washing_machine
IFB 7 kg 5 Star Fully Automatic Front Load with In-built Heater White,IFB,34180,38790,11% off,4.2,204 Ratings & 13 Reviews,['1000 rpm Max Speed' '5 Star Rating' '4 Years Comprehensive Warranty and 10 Years Spare Part Support from IFB'],washing_machine
SAMSUNG 9 kg 5 Star Fully Automatic Front Load Grey,SAMSUNG,41990,51500,18% off,4.6,29 Ratings & 3 Reviews,['1400 rpm Max Speed' '5 Star Rating' '3 Years on Product and 10 Years on Motor from Samsung'],washing_machine
LG 6 kg Fully Automatic Front Load with In-built Heater White,LG,30836,34279,10% off,4.4,43 Ratings & 5 Reviews,['1000 rpm Max Speed' '5 Star Rating' '2 Years Warranty on Complete Washing Machine and 10 Years on Motor from LG'],washing_machine
LG 8 kg With Steam Fully Automatic Front Load with In-built Heater Silver,LG,39999,53990,25% off,4.4,542 Ratings & 50 Reviews,['1400 rpm Max Speed' '5 Star Rating' '2 Years Comprehensive and 10 Years on Motor from LG'],washing_machine
Voltas Beko 8.5 kg Semi Automatic Top Load White Blue,Voltas,14249,16790,15% off,4.3,489 Ratings & 63 Reviews,['1300 rpm Max Speed' '5 Star Rating' '2 Year comprehensive Warranty on Product and additional 03 Years on Wash & Spin Motor'],washing_machine
LG 6.5 kg Inverter Fully Automatic Front Load with In-built Heater White,LG,37990,39990,5% off,4.4,154 Ratings & 28 Reviews,['1000 rpm Max Speed' '2 Years Comprehensive Warranty from LG'],washing_machine
IFB 8.5/6.5 kg Refresher 3-in-1 Laundrimagic Wi-fi enabled Inverter with Steam Washer with Dryer with ...,IFB,59830,67990,12% off,4.4,21 Ratings & 1 Reviews,['1400 rpm Max Speed' '5 Star Rating' '4 Years Complete Machine warranty 10 Years Motor Warranty and 10 Years Spare Part Support from IFB'],washing_machine
Whirlpool 9.5 kg 5 Star Hard Water wash Semi Automatic Top Load Purple White,Whirlpool,15649,20350,23% off,4.4,3173 Ratings & 421 Reviews,['1400 rpm Max Speed' '2 Years Comprehensive Warranty on Product and 10 Years on Wash Motor and Prime Mover from Whirlpool'],washing_machine
ONIDA 8.5 kg Semi Automatic Top Load White Maroon,ONIDA,15984,19999,20% off,4.3,7 Ratings & 1 Reviews,['1350 rpm Max Speed' '2 Years Comprehensive Warranty and 5 Years Warranty on Motor from Onida'],washing_machine
MarQ by Flipkart 7 kg 5 Star Rating Innowash+ Fully Automatic Top Load Grey,MarQ,14290,15999,10% off,4.2,11568 Ratings & 1596 Reviews,['700 rpm Max Speed' '5 Star Rating' '2 Years Comprehensive Warranty on Product and 5 Years on Motor'],washing_machine
LG 8 kg Fully Automatic Top Load Grey,LG,26999,33990,20% off,4.5,110 Ratings & 9 Reviews,['700 rpm Max Speed' '5 Star Rating' '2 Years Comprehensive Warranty and 10 Years Warranty on Motor from LG'],washing_machine
SAMSUNG 6.5 kg Fully Automatic Front Load with In-built Heater Silver,SAMSUNG,27490,32500,15% off,4.4,47 Ratings & 7 Reviews,['1000 rpm Max Speed' '5 Star Rating' '2 years comprehensive warranty on the product 20 years warranty on the DIT Motor'],washing_machine
Voltas Beko 8 kg Semi Automatic Top Load Blue,Voltas,13899,18490,24% off,4.4,30 Ratings & 3 Reviews,['1450 RPM Max Speed' '5 Star Rating' '5 Years International Warranty'],washing_machine
Godrej 8 kg Fully Automatic Front Load with In-built Heater Silver,Godrej,36990,46500,20% off,3.8,4 Ratings & 0 Reviews,['1400 rpm Max Speed' '2 Years Warranty on Product and 10 Years on Motor'],washing_machine
Godrej 6 kg Fully Automatic Front Load with In-built Heater White,Godrej,25430,30900,17% off,4.2,121 Ratings & 25 Reviews,['1000 rpm Max Speed' '2 Years comprehensive Warranty and 10 Years Warranty on Motor from Godrej'],washing_machine
IFB 6.5 kg 5 Star Fully Automatic Top Load Silver,IFB,19290,20490,5% off,4.3,6192 Ratings & 631 Reviews,['720 rpm Max Speed' '5 Star Rating' '4 Years Comprehensive Warranty and 10 Years Spare Part Support from IFB'],washing_machine
White Westinghouse (Trademark by Electrolux) 10.5 kg Fully Automatic Front Load with In-built Heater W...,White,28499,49999,43% off,4.1,266 Ratings & 51 Reviews,['1200 rpm Max Speed' '2 Years on Product and 5 Years on Motor from White Westinghouse (Trademark by Electrolux)'],washing_machine
LG 7 kg Fully Automatic Top Load Grey,LG,23919,28990,17% off,4.5,80 Ratings & 11 Reviews,['700 rpm Max Speed' '5 Star Rating' '2 Years Comprehensive Warranty and 10 Years Warranty on Motor from LG'],washing_machine
LG 8 kg Fully Automatic Top Load Brown,LG,26190,35990,27% off,2.8,4 Ratings & 0 Reviews,['700 rpm Max Speed' '5 Star Rating' '2 Years Comprehensive and 10 Years on Compressor from LG'],washing_machine
TCL 8.5 kg Fully Automatic Top Load White Grey,TCL,19990,25990,23% off,4.2,15 Ratings & 2 Reviews,['800 rpm Max Speed' '1 Year Comprehensive Warranty on Product and 5 Years on Motor'],washing_machine
Whirlpool 8.5 kg Semi Automatic Top Load Grey,Whirlpool,15490,19742,21% off,4.5,33 Ratings & 3 Reviews,['1400 RPM Max Speed' '5 Star Rating' '2 year complete warrenty for washing machine.'],washing_machine
Galanz 10/6 kg Quick Wash Inverter Washer with Dryer with In-built Heater Silver,Galanz,32990,54990,40% off,3.4,38 Ratings & 11 Reviews,['1400 rpm Max Speed' '2 years comprehensive warranty on product and 8 years on motor'],washing_machine
MOTOROLA 6 kg 5 Star Fully Automatic Top Load Grey,MOTOROLA,13290,17599,24% off,4.2,4361 Ratings & 629 Reviews,['700 rpm Max Speed' '5 Star Rating' '2 Years Comprehensive Warranty on Product and 5 Years on Motor'],washing_machine
BOSCH 7 kg Semi Automatic Top Load Grey,BOSCH,22499,39999,43% off,3.7,3 Ratings & 0 Reviews,['680 rpm Max Speed' '5 Star Rating' '2 Years Comprehensive Warranty on Product and 10 Years Warranty on Motor from Bosch'],washing_machine
Panasonic 10 kg Semi Automatic Top Load Grey,Panasonic,17460,25000,30% off,3.8,5 Ratings & 0 Reviews,['550 RPM Max Speed' '5 Star Rating' '2 Years On Product and 5 Years on Motor'],washing_machine
Panasonic 7 kg Fully Automatic Top Load Grey,Panasonic,18770,21300,11% off,3.7,3 Ratings & 0 Reviews,['702 RPM Max Speed' '5 Star Rating' '2 Years On Product and 10 Years on Motor'],washing_machine
MOTOROLA 7 kg Inverter Technology Fully Automatic Front Load with In-built Heater White,MOTOROLA,24990,34999,28% off,4.2,213 Ratings & 39 Reviews,['1400 rpm Max Speed' '5 Star Rating' '2 Years Comprehensive and 10 Years on Motor from Motorola'],washing_machine
Whirlpool 8 kg 5 Star Power Dry Technology Semi Automatic Top Load Maroon,Whirlpool,13449,14950,10% off,4.3,2628 Ratings & 262 Reviews,['1450 rpm Max Speed' '5 Star Rating' '2 Years Comprehensive Warranty and 5 Years Warranty on Wash Motor Spin motor and Prime Mover from Whirlpool'],washing_machine
Whirlpool 6.2 kg Hard Water wash Fully Automatic Top Load Grey,Whirlpool,13990,16800,16% off,4.3,12787 Ratings & 1319 Reviews,['740 rpm Max Speed' '2 Years Comprehensive Warranty and 5 Years Warranty on Motor from Whirlpool.'],washing_machine
Voltas Beko 7.5 kg Semi Automatic Top Load White Blue,Voltas,12559,15990,21% off,4.8,8 Ratings & 0 Reviews,['1300 rpm Max Speed' '5 Star Rating' '2 Year comprehensive Warranty on Product and additional 03 Years on Wash & Spin Motor'],washing_machine
Godrej 7.2 kg Semi Automatic Top Load Red White,Godrej,11690,12500,6% off,3.7,3 Ratings & 1 Reviews,['1440 rpm Max Speed' '2 Years Comprehensive Warranty and 5 Years Warranty on Motor from Godrej'],washing_machine
Voltas Beko 8.5 kg Semi Automatic Top Load Blue,Voltas,14637,21290,31% off,4.3,489 Ratings & 63 Reviews,['1300 rpm Max Speed' '5 Star Rating' '2 Years Warranty on Product and 3 Years on Motor'],washing_machine
LG 8 kg Fully Automatic Front Load Silver,LG,35990,45990,21% off,4.6,27 Ratings & 3 Reviews,['1400 rpm Max Speed' '5 Star Rating' '2 Years Comprehensive Warranty and 10 Years on Motor From LG'],washing_machine
Panasonic 8 kg Semi Automatic Top Load Blue,Panasonic,14490,16000,9% off,4.3,3 Ratings & 1 Reviews,['1350 RPM Max Speed' '5 Star Rating' '2 YEAR'],washing_machine
IFB 7 kg 5 Star 3D Wash Technology Aqua Energie In-built heater Fully Automatic Front Load with In-b...,IFB,33290,37790,11% off,4.3,673 Ratings & 55 Reviews,['1000 rpm Max Speed' '5 Star Rating' '4 Years Comprehensive Warranty and 10 Years Spare Part Support From IFB'],washing_machine
Whirlpool 7 kg Semi Automatic Top Load Red,Whirlpool,11162,14000,20% off,4.4,2491 Ratings & 343 Reviews,['1400 rpm Max Speed' '2 Years Comprehensive Warranty and 5 Years Warranty on Motor from Whirlpool'],washing_machine
Lloyd 9 kg Semi Automatic Top Load Red White,Lloyd,15699,16790,6% off,5.0,10 Ratings & 1 Reviews,['750 rpm Max Speed' '5 Star Rating' '2 Years Warranty on Product and 5 Years on Motor'],washing_machine
Haier 6.5 kg Semi Automatic Top Load White,Haier,10295,12700,18% off,4.4,7 Ratings & 0 Reviews,['1300 RPM Max Speed' '1 Year Comprehensive Warranty and 5 Years Warranty on Motor from Haier'],washing_machine
LG 7 kg 4 Star Semi Automatic Top Load Grey White,LG,11990,14790,18% off,4.4,19062 Ratings & 1643 Reviews,['1300 rpm Max Speed' '4 Star Rating' '2 Years Comprehensive Warranty on product and 5 Years on Motor from LG'],washing_machine
Panasonic 7 kg Fully Automatic Top Load Silver,Panasonic,17900,19300,7% off,5.0,4 Ratings & 0 Reviews,['680 RPM Max Speed' '5 Star Rating' '2 Years Comprehensive and 10 Years on Motor'],washing_machine
Voltas Beko 7 kg Semi Automatic Top Load White Blue,Voltas,12059,14990,19% off,4.3,489 Ratings & 63 Reviews,['1300 rpm Max Speed' '5 Star Rating' '2 Years Warranty on Product and 3 Years on Motor'],washing_machine
MOTOROLA 8 kg Dryer with In-built Heater White,MOTOROLA,25990,40499,35% off,3.4,31 Ratings & 8 Reviews,['1000 rpm Max Speed' '2 Years Warranty from Motorola'],washing_machine
Godrej 9 kg Semi Automatic Top Load White Purple,Godrej,15993,18390,13% off,4.3,259 Ratings & 33 Reviews,['1400 rpm Max Speed' '2 Years Comprehensive Warranty and 5 Years Warranty on Motor from Godrej'],washing_machine
White Westinghouse (Trademark by Electrolux) 6.5 kg Fully Automatic Top Load Grey,White,12499,15999,21% off,4.0,70 Ratings & 21 Reviews,['700 rpm Max Speed' '2 Years Warranty on Product and 5 Years on Motor'],washing_machine
RGL 7 kg Semi Automatic Top Load White Gold,RGL,10990,11990,8% off,4.3,9 Ratings & 0 Reviews,['1350 rpm Max Speed' '2 Years Comprehensive Warranty from RGL'],washing_machine
SAMSUNG 6.5 kg Semi Automatic Top Load White Blue Grey,SAMSUNG,11100,11900,6% off,4.3,63 Ratings & 3 Reviews,['700 RPM Max Speed' '5 Star Rating' '2 Years on Product and 5 Years Warranty on Motor'],washing_machine
SAMSUNG 8 kg Fully Automatic Top Load Silver,SAMSUNG,23400,31900,26% off,4.5,63 Ratings & 1 Reviews,['680 rpm Max Speed' '5 Star Rating' '2 years comprehensive warranty on the product 20 years warranty on the DIT Motor'],washing_machine
MarQ by Flipkart 6.5 kg 5 Star Rating Semi Automatic Top Load White Blue,MarQ,7690,10490,26% off,4.3,53562 Ratings & 6102 Reviews,['1350 RPM Max Speed' '5 Star Rating' '2 Years Comprehensive and 5 Years on Motor'],washing_machine
TCL 8.5 kg Fully Automatic Top Load Grey,TCL,19990,25990,23% off,3.9,59 Ratings & 4 Reviews,['800 rpm Max Speed' '1 Year Comprehensive Warranty on Product and 5 Years on Motor'],washing_machine
Galanz 8 kg Quick Wash Fully Automatic Top Load Silver,Galanz,19990,24290,17% off,4.1,250 Ratings & 42 Reviews,['730 rpm Max Speed' '2 years comprehensive warranty on product and 10 years on motor'],washing_machine
Haier 9 kg Semi Automatic Top Load White Blue,Haier,15950,16990,6% off,4.1,144 Ratings & 17 Reviews,['1300 rpm Max Speed' '2 Years Comprehensive Warranty and 5 Years Warranty on Motor from Haier'],washing_machine
White Westinghouse (Trademark by Electrolux) 8.5 kg Fully Automatic Front Load with In-built Heater Wh...,White,23499,33499,29% off,4.1,266 Ratings & 51 Reviews,['1000 rpm Max Speed' '2 Years on Product and 5 Years on Motor from White Westinghouse (Trademark by Electrolux)'],washing_machine
Voltas Beko 7 kg Semi Automatic Top Load Maroon,Voltas,8649,14990,42% off,4.3,15 Ratings & 0 Reviews,['440 RPM Max Speed' '5 Star Rating' '2'],washing_machine
Whirlpool 7.5 kg Fully Automatic Top Load Grey,Whirlpool,21145,25600,17% off,4.0,68 Ratings & 4 Reviews,['740 rpm Max Speed' '5 Star Rating' '2 Years Warranty on Product and 10 Years on Motor from Whirlpool'],washing_machine
Hafele 6 kg Hygiene Wash 15 Min Wash Smart Motor Technology Fully Automatic Front Load with In-built...,Hafele,23990,34990,31% off,4.3,124 Ratings & 21 Reviews,['1000 rpm Max Speed' '1 Year Warranty on Product and 10 Years on Motor'],washing_machine
Whirlpool 9.5 kg With Hard water wash Fully Automatic Top Load Grey,Whirlpool,28719,32473,11% off,4.2,112 Ratings & 16 Reviews,['740 rpm Max Speed' '3 Years Comprehensive Warranty and 10 Years Warranty on Motor from Whirlpool'],washing_machine
LG 7 kg Fully Automatic Top Load Grey,LG,26990,30990,12% off,4.3,36 Ratings & 7 Reviews,['700 rpm Max Speed' '5 Star Rating' '2 Years Comprehensive Warranty and 10 Years Warranty on Motor from LG'],washing_machine
Sansui 8.5 kg Pro Clean Semi Automatic Top Load White Maroon,Sansui,9999,14550,31% off,4.3,681 Ratings & 78 Reviews,['1400 RPM Max Speed' '2 Years Comprehensive and 5 Years on Wash Motor'],washing_machine
Godrej 6.5 kg Fully Automatic Top Load Blue,Godrej,18990,23040,17% off,4.3,158 Ratings & 18 Reviews,['700 rpm Max Speed' '2 Years Comprehensive Warranty and 10 Years Warranty on Motor from Godrej'],washing_machine
SAMSUNG 8 kg Fully Automatic Front Load White,SAMSUNG,36999,47000,21% off,4.7,3 Ratings & 1 Reviews,['1400 rpm Max Speed' '5 Star Rating' '2 Years on Product and 10 Years on Motor from Samsung'],washing_machine
Haier 6.5 kg Fully Automatic Top Load Grey,Haier,17099,25000,31% off,4.3,6 Ratings & 0 Reviews,['800 RPM Max Speed' '2 years on product 10 years on motor'],washing_machine
Lloyd 7.2 kg Semi Automatic Top Load White Blue,Lloyd,10900,12000,9% off,4.7,3 Ratings & 0 Reviews,['1350 rpm Max Speed' '2 years Comprehensive Warranty (Excluding all rubber and plastic parts) and 3 years Warranty on motor from Lloyd'],washing_machine
Lloyd 8 kg Semi Automatic Top Load Grey,Lloyd,13499,13900,2% off,4.3,8 Ratings & 1 Reviews,['1320 rpm Max Speed' '2 years Comprehensive Warranty (Excluding all rubber and plastic parts) & additional 3 years Warranty only on motor'],washing_machine
Haier 7 kg Fully Automatic Top Load Grey Black,Haier,20120,29000,30% off,4.6,5 Ratings & 1 Reviews,['1000 rpm Max Speed' '1 Year Standard Brand Warranty on Product'],washing_machine
Intex 7 kg Semi Automatic Top Load Blue White,Intex,8190,13990,41% off,4.5,12 Ratings & 3 Reviews,['1300 rpm Max Speed' '2 Years Comprehensive Warranty on Product and 5 Years on Motor'],washing_machine
Sansui 6.5 kg Pro Clean Semi Automatic Top Load White Maroon,Sansui,7999,10890,26% off,4.2,1922 Ratings & 188 Reviews,['1350 rpm Max Speed' '2 Years Comprehensive and 5 Years on Wash Motor'],washing_machine
Midea 6 kg Fully Automatic Front Load with In-built Heater White,Midea,17990,23990,25% off,4.3,16500 Ratings & 3006 Reviews,['1000 RPM Max Speed' '2 Years Comprehensive Warranty from Midea'],washing_machine
SAMSUNG 6.5 kg Fully Automatic Top Load White Black,SAMSUNG,18899,21990,14% off,4.4,429 Ratings & 37 Reviews,['680 rpm Max Speed' '3 Years Comprehensive Warranty and 10 Years Warranty on Motor from Samsung'],washing_machine
