amazon_product_id,amazon_product_name,flipkart_product_name,flipkart_brand,flipkart_category,similarity_score,model_match_score,final_score
B09NY6TRXG,"POCO C31 (Royal Blue, 64 GB) (4 GB RAM)",POCO C31 (Royal Blue 64 GB),POCO,mobiles,100.0,30,130.0
B09YDFDVNS,"Nokia 105 Plus Single SIM, Keypad Mobile Phone with Wireless FM Radio, Memory Card Slot and MP3 Player | Red",Nokia 105 PLUS,Nokia,mobiles,100.0,30,130.0
B09YDFKJF8,"Nokia 105 Plus Single SIM, Keypad Mobile Phone with Wireless FM Radio, Memory Card Slot and MP3 Player | Charcoal",Nokia 105 PLUS,Nokia,mobiles,100.0,30,130.0
B09NY7W8YD,"POCO C31 (Shadow Gray, 64 GB) (4 GB RAM)",POCO C31 (Shadow Gray 64 GB),POCO,mobiles,100.0,30,130.0
B09HSKYMB3,"MI REDMI 9i Sport (Carbon Black, 64 GB) (4 GB RAM)",REDMI 9i Sport (Carbon Black 64 GB),REDMI,mobiles,100.0,30,130.0
B0B6F98KJJ,MI 100 cm (40 inches) 5A Series Full HD Smart Android LED TV with 24W Dolby Audio & Metal Bezel-Less Frame (Black) (2022 Model),Mi 5A 100 cm (40 inch) Full HD LED Smart Android TV with Dolby Audio (2022 Model),Mi,tv,96.64,30,126.64
B09NY7W8YD,"POCO C31 (Shadow Gray, 64 GB) (4 GB RAM)",POCO C31 (Shadow Gray 32 GB),POCO,mobiles,93.88,30,123.88
B09NY6TRXG,"POCO C31 (Royal Blue, 64 GB) (4 GB RAM)",POCO C31 (Royal Blue 32 GB),POCO,mobiles,93.62,30,123.62
B097R25DP7,"Noise ColorFit Pulse Smartwatch with 3.56 cm (1.4"") Full Touch HD Display, SpO2, Heart Rate, Sleep Monitors & 10-Day Battery - Jet Black",Noise ColorFit Pro 3 Smartwatch,Noise,smart_watch,93.1,30,123.1
B097R25DP7,"Noise ColorFit Pulse Smartwatch with 3.56 cm (1.4"") Full Touch HD Display, SpO2, Heart Rate, Sleep Monitors & 10-Day Battery - Jet Black",Noise ColorFit Pro 3 Smartwatch,Noise,smart_watch,93.1,30,123.1
B08DPLCM6T,LG 80 cm (32 inches) HD Ready Smart LED TV 32LM563BPTC (Dark Iron Gray),LG 80 cm (32 inch) HD Ready LED Smart TV,LG,tv,92.96,30,122.96
B08DPLCM6T,LG 80 cm (32 inches) HD Ready Smart LED TV 32LM563BPTC (Dark Iron Gray),LG 80 cm (32 inch) HD Ready LED Smart TV,LG,tv,92.96,30,122.96
B09YL9SN9B,LG 80 cm (32 inches) HD Ready Smart LED TV 32LQ576BPSA (Ceramic Black),LG 80 cm (32 inch) HD Ready LED Smart TV,LG,tv,92.96,30,122.96
B09F6S8BT6,Samsung 80 cm (32 Inches) Wondertainment Series HD Ready LED Smart TV UA32T4340BKXXL (Glossy Black),SAMSUNG 80 cm (32 inch) HD Ready LED TV,SAMSUNG,tv,92.75,30,122.75
B09F6S8BT6,Samsung 80 cm (32 Inches) Wondertainment Series HD Ready LED Smart TV UA32T4340BKXXL (Glossy Black),SAMSUNG 80 cm (32 inch) HD Ready LED TV,SAMSUNG,tv,92.75,30,122.75
B09F6S8BT6,Samsung 80 cm (32 Inches) Wondertainment Series HD Ready LED Smart TV UA32T4340BKXXL (Glossy Black),SAMSUNG 80 cm (32 inch) HD Ready LED TV,SAMSUNG,tv,92.75,30,122.75
B08PV1X771,Samsung 80 cm (32 inches) Wondertainment Series HD Ready LED Smart TV UA32TE40AAKBXL (Titan Gray),SAMSUNG 80 cm (32 inch) HD Ready LED TV,SAMSUNG,tv,92.75,30,122.75
B08PV1X771,Samsung 80 cm (32 inches) Wondertainment Series HD Ready LED Smart TV UA32TE40AAKBXL (Titan Gray),SAMSUNG 80 cm (32 inch) HD Ready LED TV,SAMSUNG,tv,92.75,30,122.75
B09F6S8BT6,Samsung 80 cm (32 Inches) Wondertainment Series HD Ready LED Smart TV UA32T4340BKXXL (Glossy Black),SAMSUNG 80 cm (32 inch) HD Ready LED TV,SAMSUNG,tv,92.75,30,122.75
B09MJ77786,MI 108 cm (43 inches) 5X Series 4K Ultra HD LED Smart Android TV L43M6-ES (Grey),Mi 4X 108 cm (43 inch) Ultra HD (4K) LED Smart Android TV,Mi,tv,91.84,30,121.84
B09MJ77786,MI 108 cm (43 inches) 5X Series 4K Ultra HD LED Smart Android TV L43M6-ES (Grey),Mi 4X 108 cm (43 inch) Ultra HD (4K) LED Smart Android TV,Mi,tv,91.84,30,121.84
B08PV1X771,Samsung 80 cm (32 inches) Wondertainment Series HD Ready LED Smart TV UA32TE40AAKBXL (Titan Gray),SAMSUNG Series 4 80 cm (32 inch) HD Ready LED TV,SAMSUNG,tv,91.76,30,121.76
B09F6S8BT6,Samsung 80 cm (32 Inches) Wondertainment Series HD Ready LED Smart TV UA32T4340BKXXL (Glossy Black),SAMSUNG Series 4 80 cm (32 inch) HD Ready LED TV,SAMSUNG,tv,91.76,30,121.76
B09F6S8BT6,Samsung 80 cm (32 Inches) Wondertainment Series HD Ready LED Smart TV UA32T4340BKXXL (Glossy Black),SAMSUNG Series 4 80 cm (32 inch) HD Ready LED TV,SAMSUNG,tv,91.76,30,121.76
B0B4F2ZWL3,"Samsung Galaxy M13 (Stardust Brown, 6GB, 128GB Storage) | 6000mAh Battery | Upto 12GB RAM with RAM Plus",SAMSUNG GALAXY M13 (Stardust Brown 64 GB),SAMSUNG,mobiles,91.67,30,121.67
B0B4F4QZ1H,"Samsung Galaxy M13 5G (Stardust Brown, 6GB, 128GB Storage) | 5000mAh Battery | Upto 12GB RAM with RAM Plus",SAMSUNG GALAXY M13 (Stardust Brown 64 GB),SAMSUNG,mobiles,91.67,30,121.67
B0B4F52B5X,"Samsung Galaxy M13 (Midnight Blue, 4GB, 64GB Storage) | 6000mAh Battery | Upto 8GB RAM with RAM Plus",SAMSUNG GALAXY M13 (Midnight Blue 64 GB),SAMSUNG,mobiles,91.43,30,121.43
B0B3XXSB1K,LG 139 cm (55 inches) 4K Ultra HD Smart LED TV 55UQ7500PSF (Ceramic Black),LG 139.7 cm (55 inch) Ultra HD (4K) LED Smart TV,LG,tv,91.36,30,121.36
B0B3XXSB1K,LG 139 cm (55 inches) 4K Ultra HD Smart LED TV 55UQ7500PSF (Ceramic Black),LG 139.7 cm (55 inch) Ultra HD (4K) LED Smart TV,LG,tv,91.36,30,121.36
B09TWHTBKQ,"Samsung Galaxy M33 5G (Mystique Green, 8GB, 128GB Storage) | 6000mAh Battery | Upto 16GB RAM with RAM Plus | Travel Adapter to be Purchased Separately",SAMSUNG Galaxy M33 5G (Mystique Green 128 GB),SAMSUNG,mobiles,91.14,30,121.14
B09TWHTBKQ,"Samsung Galaxy M33 5G (Mystique Green, 8GB, 128GB Storage) | 6000mAh Battery | Upto 16GB RAM with RAM Plus | Travel Adapter to be Purchased Separately",SAMSUNG Galaxy M33 5G (Mystique Green 128 GB),SAMSUNG,mobiles,91.14,30,121.14
B0B4F4QZ1H,"Samsung Galaxy M13 5G (Stardust Brown, 6GB, 128GB Storage) | 5000mAh Battery | Upto 12GB RAM with RAM Plus",SAMSUNG GALAXY M13 5G (?Stardust Brown 128 GB),SAMSUNG,mobiles,91.14,30,121.14
B0B6F98KJJ,MI 100 cm (40 inches) 5A Series Full HD Smart Android LED TV with 24W Dolby Audio & Metal Bezel-Less Frame (Black) (2022 Model),Mi 4A 100 cm (40 inch) Full HD LED Smart Android TV,Mi,tv,91.11,30,121.11
B084872DQY,Mi 80 cm (32 inches) HD Ready Android Smart LED TV 4A PRO | L32M5-AL (Black),Mi 4C 80 cm (32 inch) HD Ready LED Smart Android TV,Mi,tv,91.11,30,121.11
B0B6F7LX4C,MI 80 cm (32 inches) 5A Series HD Ready Smart Android LED TV L32M7-5AIN (Black),Mi 4C 80 cm (32 inch) HD Ready LED Smart Android TV,Mi,tv,91.11,30,121.11
B0B8CXTTG3,MI 80 cm (32 inches) HD Ready Smart Android LED TV 5A Pro | L32M7-EAIN (Black),Mi 4C 80 cm (32 inch) HD Ready LED Smart Android TV,Mi,tv,91.11,30,121.11
B08H21B6V7,Nokia 150 (2020) (Cyan),Nokia 150 DS 2020,Nokia,mobiles,90.32,30,120.32
B08FD2VSD9,TCL 108 cm (43 inches) 4K Ultra HD Certified Android Smart LED TV 43P615 (Black),TCL P725 108 cm (43 inch) Ultra HD (4K) LED Smart Android TV,TCL,tv,90.2,30,120.2
B09YV4MW2T,"Fire-Boltt India's No 1 Smartwatch Brand Talk 2 Bluetooth Calling Smartwatch with Dual Button, Hands On Voice Assistance, 60 Sports Modes, in Built Mic & Speaker with IP68 Rating",Fire-Boltt Ring 2 Smartwatch,Fire-Boltt,smart_watch,90.2,30,120.2
B09YV4MW2T,"Fire-Boltt India's No 1 Smartwatch Brand Talk 2 Bluetooth Calling Smartwatch with Dual Button, Hands On Voice Assistance, 60 Sports Modes, in Built Mic & Speaker with IP68 Rating",Fire-Boltt Ring 2 Smartwatch,Fire-Boltt,smart_watch,90.2,30,120.2
B09YV3K34W,"Fire-Boltt India's No 1 Smartwatch Brand Talk 2 Bluetooth Calling Smartwatch with Dual Button, Hands On Voice Assistance, 60 Sports Modes, in Built Mic & Speaker with IP68 Rating",Fire-Boltt Ring 2 Smartwatch,Fire-Boltt,smart_watch,90.2,30,120.2
B0B15CPR37,Samsung 108 cm (43 inches) Crystal 4K Neo Series Ultra HD Smart LED TV UA43AUE65AKXXL (Black),SAMSUNG Crystal 4K 108 cm (43 inch) Ultra HD (4K) LED Smart Tizen TV,SAMSUNG,tv,90.09,30,120.09
B0B15GSPQW,Samsung 138 cm (55 inches) Crystal 4K Neo Series Ultra HD Smart LED TV UA55AUE65AKXXL (Black),SAMSUNG Crystal 4K 138 cm (55 inch) Ultra HD (4K) LED Smart Tizen TV,SAMSUNG,tv,90.09,30,120.09
B092BJMT8Q,Samsung 108 cm (43 inches) Crystal 4K Series Ultra HD Smart LED TV UA43AUE60AKLXL (Black),SAMSUNG Crystal 4K 108 cm (43 inch) Ultra HD (4K) LED Smart Tizen TV,SAMSUNG,tv,90.09,30,120.09
B092BL5DCX,Samsung 138 cm (55 inches) Crystal 4K Series Ultra HD Smart LED TV UA55AUE60AKLXL (Black),SAMSUNG Crystal 4K 138 cm (55 inch) Ultra HD (4K) LED Smart Tizen TV,SAMSUNG,tv,90.09,30,120.09
B09GFM8CGS,"Redmi 9A Sport (Carbon Black, 2GB RAM, 32GB Storage) | 2GHz Octa-core Helio G25 Processor | 5000 mAh Battery",Redmi 9A Sport (Carbon Black 32 GB),Redmi,mobiles,90.0,30,120.0
B09FKDH6FS,"realme narzo 50i (Mint Green, 2GB RAM+32GB Storage) Octa Core Processor | 6.5"" inch Large Display",realme Narzo 50i (Mint Green 32 GB),realme,mobiles,90.0,30,120.0
B09GFM8CGS,"Redmi 9A Sport (Carbon Black, 2GB RAM, 32GB Storage) | 2GHz Octa-core Helio G25 Processor | 5000 mAh Battery",Redmi 9A Sport (Carbon Black 32 GB),Redmi,mobiles,90.0,30,120.0
B09WN3SRC7,Sony Bravia 164 cm (65 inches) 4K Ultra HD Smart LED Google TV KD-65X74K (Black),SONY Bravia 163.9 cm (65 inch) Ultra HD (4K) LED Smart Google TV,SONY,tv,89.91,30,119.91
B09T2S8X9C,"Redmi Note 11 Pro + 5G (Stealth Black, 8GB RAM, 256GB Storage) | 67W Turbo Charge | 120Hz Super AMOLED Display | Additional Exchange Offers | Charger Included",REDMI Note 11 Pro (Stealth Black 128 GB),REDMI,mobiles,89.86,30,119.86
B09T39K9YL,"Redmi Note 11 Pro + 5G (Stealth Black, 6GB RAM, 128GB Storage) | 67W Turbo Charge | 120Hz Super AMOLED Display | Additional Exchange Offers | Charger Included",REDMI Note 11 Pro (Stealth Black 128 GB),REDMI,mobiles,89.86,30,119.86
B09T2WRLJJ,"Redmi Note 11 Pro + 5G (Phantom White, 8GB RAM, 128GB Storage) | 67W Turbo Charge | 120Hz Super AMOLED Display | Additional Exchange Offers | Charger Included",REDMI Note 11 Pro (Phantom White 128 GB),REDMI,mobiles,89.86,30,119.86
B07MDRGHWQ,VW 60 cm (24 inches) Premium Series HD Ready LED TV VW24A (Black),T-Series 60 cm (24 inch) HD Ready LED TV,T-Series,tv,89.86,30,119.86
B09T2WRLJJ,"Redmi Note 11 Pro + 5G (Phantom White, 8GB RAM, 128GB Storage) | 67W Turbo Charge | 120Hz Super AMOLED Display | Additional Exchange Offers | Charger Included",REDMI Note 11 Pro (Phantom White 128 GB),REDMI,mobiles,89.86,30,119.86
B09QS9X9L8,"Redmi Note 11 (Horizon Blue, 6GB RAM, 64GB Storage)|90Hz FHD+ AMOLED Display | Qualcomm® Snapdragon™ 680-6nm | 33W Charger Included",Redmi Note 11 (Horizon Blue 64 GB),Redmi,mobiles,89.66,30,119.66
B09QS9CWLV,"Redmi Note 11 (Horizon Blue, 6GB RAM, 64GB Storage)|90Hz FHD+ AMOLED Display | Qualcomm® Snapdragon™ 680-6nm | 33W Charger Included",Redmi Note 11 (Horizon Blue 64 GB),Redmi,mobiles,89.66,30,119.66
B09GFPVD9Y,"Redmi 9 Activ (Carbon Black, 4GB RAM, 64GB Storage) | Octa-core Helio G35 | 5000 mAh Battery",REDMI 9 Activ (Carbon Black 64 GB),REDMI,mobiles,89.66,30,119.66
B09RMQYHLH,"realme narzo 50 (Speed Blue, 4GB RAM+64GB Storage) Helio G96 Processor | 50MP AI Triple Camera | 120Hz Ultra Smooth Display",realme Narzo 50 (Speed Blue 64 GB),realme,mobiles,89.66,30,119.66
B08B42LWKN,OnePlus 80 cm (32 inches) Y Series HD Ready LED Smart Android TV 32Y1 (Black),BPL 80 cm (32 inch) HD Ready LED Smart Android TV,BPL,tv,89.41,30,119.41
B0B6F7LX4C,MI 80 cm (32 inches) 5A Series HD Ready Smart Android LED TV L32M7-5AIN (Black),BPL 80 cm (32 inch) HD Ready LED Smart Android TV,BPL,tv,89.41,30,119.41
B09DSXK8JX,Kodak 80 cm (32 inches) HD Ready Certified Android Smart LED TV 32HDX7XPROBL (Black),BPL 80 cm (32 inch) HD Ready LED Smart Android TV,BPL,tv,89.41,30,119.41
B084872DQY,Mi 80 cm (32 inches) HD Ready Android Smart LED TV 4A PRO | L32M5-AL (Black),BPL 80 cm (32 inch) HD Ready LED Smart Android TV,BPL,tv,89.41,30,119.41
B09Q5SWVBJ,OnePlus 80 cm (32 inches) Y Series HD Ready Smart Android LED TV 32 Y1S (Black),BPL 80 cm (32 inch) HD Ready LED Smart Android TV,BPL,tv,89.41,30,119.41
B08PZ6HZLT,VW 80 cm (32 inches) HD Ready Android Smart LED TV VW32PRO (Black),BPL 80 cm (32 inch) HD Ready LED Smart Android TV,BPL,tv,89.41,30,119.41
B09ZPJT8B2,TCL 80 cm (32 inches) HD Ready Certified Android Smart LED TV 32S615 (Black),BPL 80 cm (32 inch) HD Ready LED Smart Android TV,BPL,tv,89.41,30,119.41
B0B8CXTTG3,MI 80 cm (32 inches) HD Ready Smart Android LED TV 5A Pro | L32M7-EAIN (Black),BPL 80 cm (32 inch) HD Ready LED Smart Android TV,BPL,tv,89.41,30,119.41
B09ZPM4C2C,TCL 80 cm (32 inches) HD Ready Certified Android Smart LED TV 32S5205 (Black),BPL 80 cm (32 inch) HD Ready LED Smart Android TV,BPL,tv,89.41,30,119.41
B0B9959XF3,Acer 80 cm (32 inches) S Series HD Ready Android Smart LED TV AR32AR2841HDSB (Black),BPL 80 cm (32 inch) HD Ready LED Smart Android TV,BPL,tv,89.41,30,119.41
B09F9YQQ7B,Redmi 80 cm (32 inches) Android 11 Series HD Ready Smart LED TV | L32M6-RA/L32M7-RA (Black),BPL 80 cm (32 inch) HD Ready LED Smart Android TV,BPL,tv,89.41,30,119.41
B0B16KD737,VW 80 cm (32 inches) Playwall Frameless Series HD Ready Android Smart LED TV VW3251 (Black),BPL 80 cm (32 inch) HD Ready LED Smart Android TV,BPL,tv,89.41,30,119.41
B0B1YVCJ2Y,Acer 80 cm (32 inches) I Series HD Ready Android Smart LED TV AR32AR2841HDFL (Black),BPL 80 cm (32 inch) HD Ready LED Smart Android TV,BPL,tv,89.41,30,119.41
B09F9YQQ7B,Redmi 80 cm (32 inches) Android 11 Series HD Ready Smart LED TV | L32M6-RA/L32M7-RA (Black),BPL 80 cm (32 inch) HD Ready LED Smart Android TV,BPL,tv,89.41,30,119.41
B09XB8GFBQ,"Redmi 10A (Charcoal Black, 4GB RAM, 64GB Storage) | 2 Ghz Octa Core Helio G25 | 5000 mAh Battery | Finger Print Sensor | Upto 5GB RAM with RAM Booster",REDMI 10A (Charcoal Black 32 GB),REDMI,mobiles,88.89,30,118.89
B09XB8GFBQ,"Redmi 10A (Charcoal Black, 4GB RAM, 64GB Storage) | 2 Ghz Octa Core Helio G25 | 5000 mAh Battery | Finger Print Sensor | Upto 5GB RAM with RAM Booster",REDMI 10A (Charcoal Black 64 GB),REDMI,mobiles,88.89,30,118.89
B09XB8GFBQ,"Redmi 10A (Charcoal Black, 4GB RAM, 64GB Storage) | 2 Ghz Octa Core Helio G25 | 5000 mAh Battery | Finger Print Sensor | Upto 5GB RAM with RAM Booster",REDMI 10A (Charcoal Black 64 GB),REDMI,mobiles,88.89,30,118.89
B09ZQK9X8G,"Noise ColorFit Pro 4 Advanced Bluetooth Calling Smart Watch with 1.72"" TruView Display, Fully-Functional Digital Crown, 311 PPI, 60Hz Refresh Rate, 500 NITS Brightness (Charcoal Black)","Noise ColorFit Pro4 BT Calling 1.72"" TruView Display Fully-functional digital crown Smartwatch",Noise,smart_watch,88.62,30,118.62
B09ZQK9X8G,"Noise ColorFit Pro 4 Advanced Bluetooth Calling Smart Watch with 1.72"" TruView Display, Fully-Functional Digital Crown, 311 PPI, 60Hz Refresh Rate, 500 NITS Brightness (Charcoal Black)","Noise ColorFit Pro4 BT Calling 1.72"" TruView Display Fully-functional digital crown Smartwatch",Noise,smart_watch,88.62,30,118.62
B09WN3SRC7,Sony Bravia 164 cm (65 inches) 4K Ultra HD Smart LED Google TV KD-65X74K (Black),SONY Bravia 126 cm (50 inch) Ultra HD (4K) LED Smart Google TV,SONY,tv,88.46,30,118.46
B09WN3SRC7,Sony Bravia 164 cm (65 inches) 4K Ultra HD Smart LED Google TV KD-65X74K (Black),SONY Bravia 108 cm (43 inch) Ultra HD (4K) LED Smart Google TV,SONY,tv,88.46,30,118.46
B099K9ZX65,Hisense 108 cm (43 inches) 4K Ultra HD Smart Certified Android LED TV 43A6GE (Black),Haier 108 cm (43 inch) Ultra HD (4K) LED Smart Android TV,Haier,tv,88.42,30,118.42
B092BJMT8Q,Samsung 108 cm (43 inches) Crystal 4K Series Ultra HD Smart LED TV UA43AUE60AKLXL (Black),SAMSUNG 108 cm (43 inch) Ultra HD (4K) LED Smart Tizen TV,SAMSUNG,tv,88.42,30,118.42
B092BJMT8Q,Samsung 108 cm (43 inches) Crystal 4K Series Ultra HD Smart LED TV UA43AUE60AKLXL (Black),SAMSUNG 108 cm (43 inch) Ultra HD (4K) LED Smart Tizen TV,SAMSUNG,tv,88.42,30,118.42
B09VCHLSJF,OnePlus 108 cm (43 inches) Y Series 4K Ultra HD Smart Android LED TV 43Y1S Pro (Black),Mi 4X 108 cm (43 inch) Ultra HD (4K) LED Smart Android TV,Mi,tv,88.42,30,118.42
B09VCHLSJF,OnePlus 108 cm (43 inches) Y Series 4K Ultra HD Smart Android LED TV 43Y1S Pro (Black),Haier 108 cm (43 inch) Ultra HD (4K) LED Smart Android TV,Haier,tv,88.42,30,118.42
B09MJ77786,MI 108 cm (43 inches) 5X Series 4K Ultra HD LED Smart Android TV L43M6-ES (Grey),Haier 108 cm (43 inch) Ultra HD (4K) LED Smart Android TV,Haier,tv,88.42,30,118.42
B0B15CPR37,Samsung 108 cm (43 inches) Crystal 4K Neo Series Ultra HD Smart LED TV UA43AUE65AKXXL (Black),SAMSUNG 108 cm (43 inch) Ultra HD (4K) LED Smart Tizen TV,SAMSUNG,tv,88.42,30,118.42
B099K9ZX65,Hisense 108 cm (43 inches) 4K Ultra HD Smart Certified Android LED TV 43A6GE (Black),Mi 4X 108 cm (43 inch) Ultra HD (4K) LED Smart Android TV,Mi,tv,88.42,30,118.42
B099K9ZX65,Hisense 108 cm (43 inches) 4K Ultra HD Smart Certified Android LED TV 43A6GE (Black),Mi 4X 108 cm (43 inch) Ultra HD (4K) LED Smart Android TV,Mi,tv,88.42,30,118.42
B09RFC46VP,Redmi 108 cm (43 inches) 4K Ultra HD Android Smart LED TV X43 | L43R7-7AIN (Black),Haier 108 cm (43 inch) Ultra HD (4K) LED Smart Android TV,Haier,tv,88.42,30,118.42
B0B15CPR37,Samsung 108 cm (43 inches) Crystal 4K Neo Series Ultra HD Smart LED TV UA43AUE65AKXXL (Black),SAMSUNG 108 cm (43 inch) Ultra HD (4K) LED Smart Tizen TV,SAMSUNG,tv,88.42,30,118.42
B09RFC46VP,Redmi 108 cm (43 inches) 4K Ultra HD Android Smart LED TV X43 | L43R7-7AIN (Black),Mi 4X 108 cm (43 inch) Ultra HD (4K) LED Smart Android TV,Mi,tv,88.42,30,118.42
B09RFC46VP,Redmi 108 cm (43 inches) 4K Ultra HD Android Smart LED TV X43 | L43R7-7AIN (Black),Mi 4X 108 cm (43 inch) Ultra HD (4K) LED Smart Android TV,Mi,tv,88.42,30,118.42
B09RWQ7YR6,MI 138.8 cm (55 inches) 5X Series 4K Ultra HD LED Smart Android TV L55M6-ES (Grey),TCL 138.7 cm (55 inch) Ultra HD (4K) LED Smart Android TV,TCL,tv,88.42,30,118.42
B09VCHLSJF,OnePlus 108 cm (43 inches) Y Series 4K Ultra HD Smart Android LED TV 43Y1S Pro (Black),Mi 4X 108 cm (43 inch) Ultra HD (4K) LED Smart Android TV,Mi,tv,88.42,30,118.42
B08FD2VSD9,TCL 108 cm (43 inches) 4K Ultra HD Certified Android Smart LED TV 43P615 (Black),Mi 4X 108 cm (43 inch) Ultra HD (4K) LED Smart Android TV,Mi,tv,88.42,30,118.42
B08FD2VSD9,TCL 108 cm (43 inches) 4K Ultra HD Certified Android Smart LED TV 43P615 (Black),Mi 4X 108 cm (43 inch) Ultra HD (4K) LED Smart Android TV,Mi,tv,88.42,30,118.42
B092BL5DCX,Samsung 138 cm (55 inches) Crystal 4K Series Ultra HD Smart LED TV UA55AUE60AKLXL (Black),SAMSUNG 138 cm (55 inch) QLED Ultra HD (4K) Smart TV,SAMSUNG,tv,88.37,30,118.37
B0B15GSPQW,Samsung 138 cm (55 inches) Crystal 4K Neo Series Ultra HD Smart LED TV UA55AUE65AKXXL (Black),SAMSUNG 138 cm (55 inch) QLED Ultra HD (4K) Smart TV,SAMSUNG,tv,88.37,30,118.37
B0B8CXTTG3,MI 80 cm (32 inches) HD Ready Smart Android LED TV 5A Pro | L32M7-EAIN (Black),LG 80 cm (32 inch) HD Ready LED Smart TV,LG,tv,88.24,30,118.24
B09Q5SWVBJ,OnePlus 80 cm (32 inches) Y Series HD Ready Smart Android LED TV 32 Y1S (Black),LG 80 cm (32 inch) HD Ready LED Smart TV,LG,tv,88.24,30,118.24
B0B466C3G4,Karbonn 80 cm (32 inches) Millenium Bezel-Less Series HD Ready Smart LED TV KJW32SKHD (Phantom Black),LG 80 cm (32 inch) HD Ready LED Smart TV,LG,tv,88.24,30,118.24
B08B42LWKN,OnePlus 80 cm (32 inches) Y Series HD Ready LED Smart Android TV 32Y1 (Black),LG 80 cm (32 inch) HD Ready LED Smart TV,LG,tv,88.24,30,118.24
B0B6F7LX4C,MI 80 cm (32 inches) 5A Series HD Ready Smart Android LED TV L32M7-5AIN (Black),LG 80 cm (32 inch) HD Ready LED Smart TV,LG,tv,88.24,30,118.24
B08PZ6HZLT,VW 80 cm (32 inches) HD Ready Android Smart LED TV VW32PRO (Black),LG 80 cm (32 inch) HD Ready LED Smart TV,LG,tv,88.24,30,118.24
B084872DQY,Mi 80 cm (32 inches) HD Ready Android Smart LED TV 4A PRO | L32M5-AL (Black),LG 80 cm (32 inch) HD Ready LED Smart TV,LG,tv,88.24,30,118.24
B09ZPM4C2C,TCL 80 cm (32 inches) HD Ready Certified Android Smart LED TV 32S5205 (Black),LG 80 cm (32 inch) HD Ready LED Smart TV,LG,tv,88.24,30,118.24
B09DSXK8JX,Kodak 80 cm (32 inches) HD Ready Certified Android Smart LED TV 32HDX7XPROBL (Black),LG 80 cm (32 inch) HD Ready LED Smart TV,LG,tv,88.24,30,118.24
B09ZPJT8B2,TCL 80 cm (32 inches) HD Ready Certified Android Smart LED TV 32S615 (Black),LG 80 cm (32 inch) HD Ready LED Smart TV,LG,tv,88.24,30,118.24
B0B1YVCJ2Y,Acer 80 cm (32 inches) I Series HD Ready Android Smart LED TV AR32AR2841HDFL (Black),LG 80 cm (32 inch) HD Ready LED Smart TV,LG,tv,88.24,30,118.24
B0B16KD737,VW 80 cm (32 inches) Playwall Frameless Series HD Ready Android Smart LED TV VW3251 (Black),LG 80 cm (32 inch) HD Ready LED Smart TV,LG,tv,88.24,30,118.24
B09X1M3DHX,iFFALCON 80 cm (32 inches) HD Ready Smart LED TV 32F53 (Black),LG 80 cm (32 inch) HD Ready LED Smart TV,LG,tv,88.24,30,118.24
B09F9YQQ7B,Redmi 80 cm (32 inches) Android 11 Series HD Ready Smart LED TV | L32M6-RA/L32M7-RA (Black),LG 80 cm (32 inch) HD Ready LED Smart TV,LG,tv,88.24,30,118.24
B09F9YQQ7B,Redmi 80 cm (32 inches) Android 11 Series HD Ready Smart LED TV | L32M6-RA/L32M7-RA (Black),LG 80 cm (32 inch) HD Ready LED Smart TV,LG,tv,88.24,30,118.24
B0B9959XF3,Acer 80 cm (32 inches) S Series HD Ready Android Smart LED TV AR32AR2841HDSB (Black),LG 80 cm (32 inch) HD Ready LED Smart TV,LG,tv,88.24,30,118.24
B09GFPVD9Y,"Redmi 9 Activ (Carbon Black, 4GB RAM, 64GB Storage) | Octa-core Helio G35 | 5000 mAh Battery",REDMI 9 Activ (Carbon Black 128 GB),REDMI,mobiles,88.14,30,118.14
B09RMQYHLH,"realme narzo 50 (Speed Blue, 4GB RAM+64GB Storage) Helio G96 Processor | 50MP AI Triple Camera | 120Hz Ultra Smooth Display",realme Narzo 50 (Speed Blue 128 GB),realme,mobiles,88.14,30,118.14
B09QS9CWLV,"Redmi Note 11 (Horizon Blue, 6GB RAM, 64GB Storage)|90Hz FHD+ AMOLED Display | Qualcomm® Snapdragon™ 680-6nm | 33W Charger Included",Redmi Note 11 (Horizon Blue 128 GB),Redmi,mobiles,88.14,30,118.14
B09QS9X9L8,"Redmi Note 11 (Horizon Blue, 6GB RAM, 64GB Storage)|90Hz FHD+ AMOLED Display | Qualcomm® Snapdragon™ 680-6nm | 33W Charger Included",Redmi Note 11 (Horizon Blue 128 GB),Redmi,mobiles,88.14,30,118.14
B0BMVWKZ8G,"Newly Launched Boult Dive+ with 1.85"" HD Display, Bluetooth Calling Smartwatch, 500 Nits Brightness, 7 Days Battery Life, 150+ Watch Faces, 100+ Sport Modes, IP68 Waterproof Smart Watch (Jet Black)",Boult Drift Bluetooth Calling 1.69inch HD Display Smartwatch,Boult,smart_watch,87.85,30,117.85
B09QS8V5N8,"Redmi Note 11 (Space Black, 4GB RAM, 64GB Storage)|90Hz FHD+ AMOLED Display | Qualcomm® Snapdragon™ 680-6nm | 33W Charger Included",Redmi Note 11 (Space Black 128 GB),Redmi,mobiles,87.72,30,117.72
B09QS9X16F,"Redmi Note 11 (Space Black, 6GB RAM, 64GB Storage) | 90Hz FHD+ AMOLED Display | Qualcomm® Snapdragon™ 680-6nm | 33W Charger Included",Redmi Note 11 (Space Black 128 GB),Redmi,mobiles,87.72,30,117.72
B09ZPJT8B2,TCL 80 cm (32 inches) HD Ready Certified Android Smart LED TV 32S615 (Black),TCL 81.28 cm (32 inch) HD Ready LED Smart Android TV,TCL,tv,87.64,30,117.64
B09ZPM4C2C,TCL 80 cm (32 inches) HD Ready Certified Android Smart LED TV 32S5205 (Black),TCL 81.28 cm (32 inch) HD Ready LED Smart Android TV,TCL,tv,87.64,30,117.64
B0B6F98KJJ,MI 100 cm (40 inches) 5A Series Full HD Smart Android LED TV with 24W Dolby Audio & Metal Bezel-Less Frame (Black) (2022 Model),Mi 5A 80 cm (32 inch) HD Ready LED Smart Android TV with Dolby Audio (2022 Model),Mi,tv,87.59,30,117.59
B0BQRJ3C47,"REDTECH USB-C to Lightning Cable 3.3FT, [Apple MFi Certified] Lightning to Type C Fast Charging Cord Compatible with iPhone 14/13/13 pro/Max/12/11/X/XS/XR/8, Supports Power Delivery - White",APPLE iPhone 11 (White 64 GB),APPLE,mobiles,87.5,30,117.5
B0B1YZX72F,Acer 127 cm (50 inches) I Series 4K Ultra HD Android Smart LED TV AR50AR2851UDFL (Black),Compaq 127 cm (50 inch) Ultra HD (4K) LED Smart Android TV,Compaq,tv,87.5,30,117.5
B0B1YZX72F,Acer 127 cm (50 inches) I Series 4K Ultra HD Android Smart LED TV AR50AR2851UDFL (Black),Compaq 127 cm (50 inch) Ultra HD (4K) LED Smart Android TV,Compaq,tv,87.5,30,117.5
B09F9YQQ7B,Redmi 80 cm (32 inches) Android 11 Series HD Ready Smart LED TV | L32M6-RA/L32M7-RA (Black),Nokia 80 cm (32 inch) HD Ready LED Smart Android TV,Nokia,tv,87.36,30,117.36
B0B1YVCJ2Y,Acer 80 cm (32 inches) I Series HD Ready Android Smart LED TV AR32AR2841HDFL (Black),Nokia 80 cm (32 inch) HD Ready LED Smart Android TV,Nokia,tv,87.36,30,117.36
B0B16KD737,VW 80 cm (32 inches) Playwall Frameless Series HD Ready Android Smart LED TV VW3251 (Black),Nokia 80 cm (32 inch) HD Ready LED Smart Android TV,Nokia,tv,87.36,30,117.36
B09T3KB6JZ,TCL 100 cm (40 inches) Full HD Certified Android R Smart LED TV 40S6505 (Black),Mi 4A 100 cm (40 inch) Full HD LED Smart Android TV,Mi,tv,87.36,30,117.36
B09Q5SWVBJ,OnePlus 80 cm (32 inches) Y Series HD Ready Smart Android LED TV 32 Y1S (Black),Nokia 80 cm (32 inch) HD Ready LED Smart Android TV,Nokia,tv,87.36,30,117.36
B09F9YQQ7B,Redmi 80 cm (32 inches) Android 11 Series HD Ready Smart LED TV | L32M6-RA/L32M7-RA (Black),Nokia 80 cm (32 inch) HD Ready LED Smart Android TV,Nokia,tv,87.36,30,117.36
B0B9959XF3,Acer 80 cm (32 inches) S Series HD Ready Android Smart LED TV AR32AR2841HDSB (Black),Nokia 80 cm (32 inch) HD Ready LED Smart Android TV,Nokia,tv,87.36,30,117.36
B09Q5P2MT3,OnePlus 108 cm (43 inches) Y Series Full HD Smart Android LED TV 43 Y1S (Black),DETEL 108 cm (43 inch) Full HD LED Smart Android TV,DETEL,tv,87.36,30,117.36
B09DSXK8JX,Kodak 80 cm (32 inches) HD Ready Certified Android Smart LED TV 32HDX7XPROBL (Black),Nokia 80 cm (32 inch) HD Ready LED Smart Android TV,Nokia,tv,87.36,30,117.36
B08B42LWKN,OnePlus 80 cm (32 inches) Y Series HD Ready LED Smart Android TV 32Y1 (Black),Nokia 80 cm (32 inch) HD Ready LED Smart Android TV,Nokia,tv,87.36,30,117.36
B0B21XL94T,Toshiba 108 cm (43 inches) V Series Full HD Smart Android LED TV 43V35KP (Silver),DETEL 108 cm (43 inch) Full HD LED Smart Android TV,DETEL,tv,87.36,30,117.36
B09HQSV46W,Mi 100 cm (40 inches) Horizon Edition Full HD Android LED TV 4A | L40M6-EI (Black),Mi 4A 100 cm (40 inch) Full HD LED Smart Android TV,Mi,tv,87.36,30,117.36
B0BC9BW512,Acer 100 cm (40 inches) P Series Full HD Android Smart LED TV AR40AR2841FDFL (Black),Mi 4A 100 cm (40 inch) Full HD LED Smart Android TV,Mi,tv,87.36,30,117.36
B0B6F8HHR6,MI 108 cm (43 inches) 5A Series Full HD Smart Android LED TV L43M7-EAIN (Black),DETEL 108 cm (43 inch) Full HD LED Smart Android TV,DETEL,tv,87.36,30,117.36
B08PZ6HZLT,VW 80 cm (32 inches) HD Ready Android Smart LED TV VW32PRO (Black),Nokia 80 cm (32 inch) HD Ready LED Smart Android TV,Nokia,tv,87.36,30,117.36
B0B6F8HHR6,MI 108 cm (43 inches) 5A Series Full HD Smart Android LED TV L43M7-EAIN (Black),Mi 4A Pro 108 cm (43 inch) Full HD LED Smart Android TV,Mi,tv,87.23,30,117.23
B0B1YZ9CB8,Acer 139 cm (55 inches) I Series 4K Ultra HD Android Smart LED TV AR55AR2851UDFL (Black),LG 139.7 cm (55 inch) Ultra HD (4K) LED Smart TV,LG,tv,87.18,30,117.18
B08XXF5V6G,Kodak 139 cm (55 inches) 4K Ultra HD Smart LED TV 55CA0909 (Black),LG 139.7 cm (55 inch) Ultra HD (4K) LED Smart TV,LG,tv,87.18,30,117.18
B0B997FBZT,Acer 139 cm (55 inches) H Series 4K Ultra HD Android Smart LED TV AR55AR2851UDPRO (Black),LG 139.7 cm (55 inch) Ultra HD (4K) LED Smart TV,LG,tv,87.18,30,117.18
B0B997FBZT,Acer 139 cm (55 inches) H Series 4K Ultra HD Android Smart LED TV AR55AR2851UDPRO (Black),LG 139.7 cm (55 inch) Ultra HD (4K) LED Smart TV,LG,tv,87.18,30,117.18
B08XXF5V6G,Kodak 139 cm (55 inches) 4K Ultra HD Smart LED TV 55CA0909 (Black),LG 139.7 cm (55 inch) Ultra HD (4K) LED Smart TV,LG,tv,87.18,30,117.18
B0B1YZ9CB8,Acer 139 cm (55 inches) I Series 4K Ultra HD Android Smart LED TV AR55AR2851UDFL (Black),LG 139.7 cm (55 inch) Ultra HD (4K) LED Smart TV,LG,tv,87.18,30,117.18
B0B3XY5YT4,LG 108 cm (43 inches) 4K Ultra HD Smart LED TV 43UQ7500PSF (Ceramic Black),LG 108 cm (43 inch) Ultra HD (4K) LED Smart WebOS TV,LG,tv,87.06,30,117.06
B0B3XY5YT4,LG 108 cm (43 inches) 4K Ultra HD Smart LED TV 43UQ7500PSF (Ceramic Black),LG 108 cm (43 inch) Ultra HD (4K) LED Smart WebOS TV,LG,tv,87.06,30,117.06
B0B3XXSB1K,LG 139 cm (55 inches) 4K Ultra HD Smart LED TV 55UQ7500PSF (Ceramic Black),LG 139 cm (55 inch) Ultra HD (4K) LED Smart WebOS TV,LG,tv,87.06,30,117.06
B09XB7SRQ5,"Redmi 10A (Slate Grey, 4GB RAM, 64GB Storage) | 2 Ghz Octa Core Helio G25 | 5000 mAh Battery | Finger Print Sensor | Upto 5GB RAM with RAM Booster",REDMI 10A (Slate grey 64 GB),REDMI,mobiles,86.96,30,116.96
B09XB7SRQ5,"Redmi 10A (Slate Grey, 4GB RAM, 64GB Storage) | 2 Ghz Octa Core Helio G25 | 5000 mAh Battery | Finger Print Sensor | Upto 5GB RAM with RAM Booster",REDMI 10A (Slate Grey 32 GB),REDMI,mobiles,86.96,30,116.96
B0BBN3WF7V,"Redmi A1 (Light Green, 2GB RAM 32GB ROM) | Segment Best AI Dual Cam | 5000mAh Battery | Leather Texture Design | Android 12",REDMI A1 (Light Green 32 GB),REDMI,mobiles,86.96,30,116.96
B0B4F2ZWL3,"Samsung Galaxy M13 (Stardust Brown, 6GB, 128GB Storage) | 6000mAh Battery | Upto 12GB RAM with RAM Plus",SAMSUNG GALAXY M13 5G (?Stardust Brown 128 GB),SAMSUNG,mobiles,86.84,30,116.84
B09YV4MW2T,"Fire-Boltt India's No 1 Smartwatch Brand Talk 2 Bluetooth Calling Smartwatch with Dual Button, Hands On Voice Assistance, 60 Sports Modes, in Built Mic & Speaker with IP68 Rating","Fire-Boltt Talk Bluetooth Calling 1.32"" HD Display Smartwatch",Fire-Boltt,smart_watch,86.79,30,116.79
B09YV4MW2T,"Fire-Boltt India's No 1 Smartwatch Brand Talk 2 Bluetooth Calling Smartwatch with Dual Button, Hands On Voice Assistance, 60 Sports Modes, in Built Mic & Speaker with IP68 Rating","Fire-Boltt Talk Bluetooth Calling 1.32"" HD Display Smartwatch",Fire-Boltt,smart_watch,86.79,30,116.79
B09YV3K34W,"Fire-Boltt India's No 1 Smartwatch Brand Talk 2 Bluetooth Calling Smartwatch with Dual Button, Hands On Voice Assistance, 60 Sports Modes, in Built Mic & Speaker with IP68 Rating","Fire-Boltt Talk Bluetooth Calling 1.32"" HD Display Smartwatch",Fire-Boltt,smart_watch,86.79,30,116.79
B0B15GSPQW,Samsung 138 cm (55 inches) Crystal 4K Neo Series Ultra HD Smart LED TV UA55AUE65AKXXL (Black),SAMSUNG 7 138 cm (55 inch) Ultra HD (4K) LED Smart Tizen TV,SAMSUNG,tv,86.6,30,116.6
B092BL5DCX,Samsung 138 cm (55 inches) Crystal 4K Series Ultra HD Smart LED TV UA55AUE60AKLXL (Black),SAMSUNG 7 138 cm (55 inch) Ultra HD (4K) LED Smart Tizen TV,SAMSUNG,tv,86.6,30,116.6
B0B21XL94T,Toshiba 108 cm (43 inches) V Series Full HD Smart Android LED TV 43V35KP (Silver),realme 108 cm (43 inch) Full HD LED Smart Android TV,realme,tv,86.36,30,116.36
B0B6F8HHR6,MI 108 cm (43 inches) 5A Series Full HD Smart Android LED TV L43M7-EAIN (Black),realme 108 cm (43 inch) Full HD LED Smart Android TV,realme,tv,86.36,30,116.36
B0B21XL94T,Toshiba 108 cm (43 inches) V Series Full HD Smart Android LED TV 43V35KP (Silver),Compaq 108 cm (43 inch) Full HD LED Smart Android TV,Compaq,tv,86.36,30,116.36
B09Q5P2MT3,OnePlus 108 cm (43 inches) Y Series Full HD Smart Android LED TV 43 Y1S (Black),Compaq 108 cm (43 inch) Full HD LED Smart Android TV,Compaq,tv,86.36,30,116.36
B0BBN4DZBD,"Redmi A1 (Light Blue, 2GB RAM, 32GB Storage) | Segment Best AI Dual Cam | 5000mAh Battery | Leather Texture Design | Android 12",REDMI A1+ (Light Blue 32 GB),REDMI,mobiles,86.36,30,116.36
B09Q5P2MT3,OnePlus 108 cm (43 inches) Y Series Full HD Smart Android LED TV 43 Y1S (Black),realme 108 cm (43 inch) Full HD LED Smart Android TV,realme,tv,86.36,30,116.36
B0B7B9V9QP,VU 108 cm (43 inches) Premium Series Full HD Smart LED TV 43GA (Black),Vu Premium 108 cm (43 inch) Full HD LED Smart Android TV,Vu,tv,86.32,30,116.32
B0B7B9V9QP,VU 108 cm (43 inches) Premium Series Full HD Smart LED TV 43GA (Black),Vu Premium 108 cm (43 inch) Full HD LED Smart Android TV,Vu,tv,86.32,30,116.32
B0B1YY6JJL,Acer 109 cm (43 inches) I Series 4K Ultra HD Android Smart LED TV AR43AR2851UDFL (Black),LG 109.22 cm (43 inch) Ultra HD (4K) LED Smart TV,LG,tv,86.08,30,116.08
B0B1YY6JJL,Acer 109 cm (43 inches) I Series 4K Ultra HD Android Smart LED TV AR43AR2851UDFL (Black),LG 109.22 cm (43 inch) Ultra HD (4K) LED Smart TV,LG,tv,86.08,30,116.08
B0B1YY6JJL,Acer 109 cm (43 inches) I Series 4K Ultra HD Android Smart LED TV AR43AR2851UDFL (Black),LG 109.22 cm (43 inch) Ultra HD (4K) LED Smart TV,LG,tv,86.08,30,116.08
B0B3MMYHYW,OnePlus 126 cm (50 inches) Y Series 4K Ultra HD Smart Android LED TV 50Y1S Pro (Black),Thomson 9R Series 126 cm (50 inch) Ultra HD (4K) LED Smart Android TV,Thomson,tv,85.96,30,115.96
B0B997FBZT,Acer 139 cm (55 inches) H Series 4K Ultra HD Android Smart LED TV AR55AR2851UDPRO (Black),Thomson 9R Series 139 cm (55 inch) Ultra HD (4K) LED Smart Android TV,Thomson,tv,85.96,30,115.96
B09PLD9TCD,Kodak 126 cm (50 inches) Bezel-Less Design Series 4K Ultra HD Smart Android LED TV 50UHDX7XPROBL (Black),Thomson 9R Series 126 cm (50 inch) Ultra HD (4K) LED Smart Android TV,Thomson,tv,85.96,30,115.96
B0B1YZ9CB8,Acer 139 cm (55 inches) I Series 4K Ultra HD Android Smart LED TV AR55AR2851UDFL (Black),Thomson 9R Series 139 cm (55 inch) Ultra HD (4K) LED Smart Android TV,Thomson,tv,85.96,30,115.96
B09PLD9TCD,Kodak 126 cm (50 inches) Bezel-Less Design Series 4K Ultra HD Smart Android LED TV 50UHDX7XPROBL (Black),TCL P725 126 cm (50 inch) Ultra HD (4K) LED Smart Android TV,TCL,tv,85.71,30,115.71
B09LQQYNZQ,Realme Smart TV Stick 4K,realme 108 cm (43 inch) Ultra HD (4K) LED Smart Android TV with Handsfree Voice Search and Dolby Visio...,realme,tv,85.71,30,115.71
B08DPLCM6T,LG 80 cm (32 inches) HD Ready Smart LED TV 32LM563BPTC (Dark Iron Gray),LG 80 cm (32 inch) HD Ready LED Smart WebOS TV,LG,tv,85.71,30,115.71
B09V2Q4QVQ,"Nokia 105 Single SIM, Keypad Mobile Phone with Wireless FM Radio | Charcoal",Nokia 105 SS,Nokia,mobiles,85.71,30,115.71
B09XB7DPW1,"Redmi 10A (Sea Blue, 4GB RAM, 64GB Storage) | 2 Ghz Octa Core Helio G25 | 5000 mAh Battery | Finger Print Sensor | Upto 5GB RAM with RAM Booster",REDMI 10A (Sea Blue 64 GB),REDMI,mobiles,85.71,30,115.71
B08DPLCM6T,LG 80 cm (32 inches) HD Ready Smart LED TV 32LM563BPTC (Dark Iron Gray),LG 80 cm (32 inch) HD Ready LED Smart WebOS TV,LG,tv,85.71,30,115.71
B0B3MMYHYW,OnePlus 126 cm (50 inches) Y Series 4K Ultra HD Smart Android LED TV 50Y1S Pro (Black),TCL P725 126 cm (50 inch) Ultra HD (4K) LED Smart Android TV,TCL,tv,85.71,30,115.71
B08DPLCM6T,LG 80 cm (32 inches) HD Ready Smart LED TV 32LM563BPTC (Dark Iron Gray),LG 80 cm (32 inch) HD Ready LED Smart WebOS TV,LG,tv,85.71,30,115.71
B09HSKYMB3,"MI REDMI 9i Sport (Carbon Black, 64 GB) (4 GB RAM)",REDMI 9 Activ (Carbon Black 64 GB),REDMI,mobiles,85.71,30,115.71
B0BQRJ3C47,"REDTECH USB-C to Lightning Cable 3.3FT, [Apple MFi Certified] Lightning to Type C Fast Charging Cord Compatible with iPhone 14/13/13 pro/Max/12/11/X/XS/XR/8, Supports Power Delivery - White",APPLE iPhone 11 (White 128 GB),APPLE,mobiles,85.71,30,115.71
B09V2PZDX8,"Nokia 105 Single SIM, Keypad Mobile Phone with Wireless FM Radio | Blue",Nokia 105 SS,Nokia,mobiles,85.71,30,115.71
B06XGWRKYT,Kodak 80 cm (32 Inches) HD Ready LED TV Kodak 32HDX900S (Black),KODAK X900 80 cm (32 inch) HD Ready LED TV,KODAK,tv,85.71,30,115.71
B08Y55LPBF,Redmi 126 cm (50 inches) 4K Ultra HD Android Smart LED TV X50 | L50M6-RA (Black),TCL P725 126 cm (50 inch) Ultra HD (4K) LED Smart Android TV,TCL,tv,85.71,30,115.71
B09YL9SN9B,LG 80 cm (32 inches) HD Ready Smart LED TV 32LQ576BPSA (Ceramic Black),LG 80 cm (32 inch) HD Ready LED Smart WebOS TV,LG,tv,85.71,30,115.71
B09YL9SN9B,LG 80 cm (32 inches) HD Ready Smart LED TV 32LQ576BPSA (Ceramic Black),LG 80 cm (32 inch) HD Ready LED Smart WebOS TV,LG,tv,85.71,30,115.71
B08DPLCM6T,LG 80 cm (32 inches) HD Ready Smart LED TV 32LM563BPTC (Dark Iron Gray),LG 80 cm (32 inch) HD Ready LED Smart WebOS TV,LG,tv,85.71,30,115.71
B09YDFKJF8,"Nokia 105 Plus Single SIM, Keypad Mobile Phone with Wireless FM Radio, Memory Card Slot and MP3 Player | Charcoal",Nokia 105 SS,Nokia,mobiles,85.71,30,115.71
B08CS3BT4L,Kodak 80 cm (32 inches) HD Ready Certified Android LED TV 32HDX7XPRO (Black),KODAK X900 80 cm (32 inch) HD Ready LED TV,KODAK,tv,85.71,30,115.71
B09YDFDVNS,"Nokia 105 Plus Single SIM, Keypad Mobile Phone with Wireless FM Radio, Memory Card Slot and MP3 Player | Red",Nokia 105 SS,Nokia,mobiles,85.71,30,115.71
B09XJ5LD6L,"Samsung Galaxy M53 5G (Deep Ocean Blue, 6GB, 128GB Storage) | 108MP | sAmoled+ 120Hz | 12GB RAM with RAM Plus | Travel Adapter to be Purchased Separately",SAMSUNG Galaxy M33 5G (Deep Ocean Blue 128 GB),SAMSUNG,mobiles,85.71,30,115.71
B09XB7DPW1,"Redmi 10A (Sea Blue, 4GB RAM, 64GB Storage) | 2 Ghz Octa Core Helio G25 | 5000 mAh Battery | Finger Print Sensor | Upto 5GB RAM with RAM Booster",REDMI 10A (Sea Blue 64 GB),REDMI,mobiles,85.71,30,115.71
B09XB7DPW1,"Redmi 10A (Sea Blue, 4GB RAM, 64GB Storage) | 2 Ghz Octa Core Helio G25 | 5000 mAh Battery | Finger Print Sensor | Upto 5GB RAM with RAM Booster",REDMI 10A (Sea Blue 32 GB),REDMI,mobiles,85.71,30,115.71
B0B3MMYHYW,OnePlus 126 cm (50 inches) Y Series 4K Ultra HD Smart Android LED TV 50Y1S Pro (Black),OnePlus Y1S Pro 138 cm (55 inch) Ultra HD (4K) LED Smart Android TV,OnePlus,tv,85.45,30,115.45
B08RWCZ6SY,7SEVEN® Compatible for Sony Bravia LCD LED UHD OLED QLED 4K Ultra HD TV remote control with YouTube and NETFLIX Hotkeys. Universal Replacement for Original Sony Smart Android tv Remote Control,SONY Bravia 123 cm (49 inch) Ultra HD (4K) LED Smart Android TV,SONY,tv,85.44,30,115.44
B08RWCZ6SY,7SEVEN® Compatible for Sony Bravia LCD LED UHD OLED QLED 4K Ultra HD TV remote control with YouTube and NETFLIX Hotkeys. Universal Replacement for Original Sony Smart Android tv Remote Control,SONY Bravia 108 cm (43 inch) Ultra HD (4K) LED Smart Android TV,SONY,tv,85.44,30,115.44
B09YV3K34W,"Fire-Boltt India's No 1 Smartwatch Brand Talk 2 Bluetooth Calling Smartwatch with Dual Button, Hands On Voice Assistance, 60 Sports Modes, in Built Mic & Speaker with IP68 Rating",Fire-Boltt Ninja Call 2 (1.7 inch) Bluetooth Calling with 27 Sports Modes Smartwatch,Fire-Boltt,smart_watch,85.31,30,115.31
B09YV4MW2T,"Fire-Boltt India's No 1 Smartwatch Brand Talk 2 Bluetooth Calling Smartwatch with Dual Button, Hands On Voice Assistance, 60 Sports Modes, in Built Mic & Speaker with IP68 Rating",Fire-Boltt Ninja Call 2 (1.7 inch) Bluetooth Calling with 27 Sports Modes Smartwatch,Fire-Boltt,smart_watch,85.31,30,115.31
B09YV4MW2T,"Fire-Boltt India's No 1 Smartwatch Brand Talk 2 Bluetooth Calling Smartwatch with Dual Button, Hands On Voice Assistance, 60 Sports Modes, in Built Mic & Speaker with IP68 Rating",Fire-Boltt Ninja Call 2 (1.7 inch) Bluetooth Calling with 27 Sports Modes Smartwatch,Fire-Boltt,smart_watch,85.31,30,115.31
B09V175NP7,"boAt Wave Lite Smartwatch with 1.69 Inches(4.29cm) HD Display, Heart Rate & SpO2 Level Monitor, Multiple Watch Faces, Activity Tracker, Multiple Sports Modes & IP68 (Scarlet Red)",boAt Wave Neo with 1.69 inch  2.5D Curved Display & Multiple Sports Modes Smartwatch,boAt,smart_watch,85.11,30,115.11
B09V12K8NT,"boAt Wave Lite Smartwatch with 1.69"" HD Display, Sleek Metal Body, HR & SpO2 Level Monitor, 140+ Watch Faces, Activity Tracker, Multiple Sports Modes, IP68 & 7 Days Battery Life(Active Black)",boAt Wave Neo with 1.69 inch  2.5D Curved Display & Multiple Sports Modes Smartwatch,boAt,smart_watch,85.11,30,115.11
B09V12K8NT,"boAt Wave Lite Smartwatch with 1.69"" HD Display, Sleek Metal Body, HR & SpO2 Level Monitor, 140+ Watch Faces, Activity Tracker, Multiple Sports Modes, IP68 & 7 Days Battery Life(Active Black)",boAt Wave Neo with 1.69 inch  2.5D Curved Display & Multiple Sports Modes Smartwatch,boAt,smart_watch,85.11,30,115.11
B09V17S2BG,"boAt Wave Lite Smartwatch with 1.69"" HD Display, Heart Rate & SpO2 Level Monitor, Multiple Watch Faces, Activity Tracker, Multiple Sports Modes & IP68 (Deep Blue)",boAt Wave Neo with 1.69 inch  2.5D Curved Display & Multiple Sports Modes Smartwatch,boAt,smart_watch,85.11,30,115.11
B09T39K9YL,"Redmi Note 11 Pro + 5G (Stealth Black, 6GB RAM, 128GB Storage) | 67W Turbo Charge | 120Hz Super AMOLED Display | Additional Exchange Offers | Charger Included",Redmi Note 11 PRO Plus 5G (Stealth Black 256 GB),Redmi,mobiles,85.0,30,115.0
B09T2S8X9C,"Redmi Note 11 Pro + 5G (Stealth Black, 8GB RAM, 256GB Storage) | 67W Turbo Charge | 120Hz Super AMOLED Display | Additional Exchange Offers | Charger Included",Redmi Note 11 PRO Plus 5G (Stealth Black 256 GB),Redmi,mobiles,85.0,30,115.0
B0B2X35B1K,"Noise ColorFit Ultra 2 Buzz 1.78"" AMOLED Bluetooth Calling Watch with 368*448px Always On Display, Premium Metallic Finish, 100+ Watch Faces, 100+ Sports Modes, Health Suite (Jet Black)",Noise ColorFit Vision 2 with 1.78'' Always on AMOLED Display Smartwatch,Noise,smart_watch,85.0,30,115.0
B09MQSCJQ1,"boAt Xtend Smartwatch with Alexa Built-in, 1.69” HD Display, Multiple Watch Faces, Stress Monitor, Heart & SpO2 Monitoring, 14 Sports Modes, Sleep Monitor, 5 ATM & 7 Days Battery(Charcoal Black)","boAt Wave Select with 1.69"" HD Display upto 10 Days Battery HR & SpO2 Monitoring Smartwatch",boAt,smart_watch,84.97,30,114.97
B096VF5YYF,"boAt Xtend Smartwatch with Alexa Built-in, 1.69” HD Display, Multiple Watch Faces, Stress Monitor, Heart & SpO2 Monitoring, 14 Sports Modes, Sleep Monitor, 5 ATM & 7 Days Battery(Pitch Black)","boAt Wave Select with 1.69"" HD Display upto 10 Days Battery HR & SpO2 Monitoring Smartwatch",boAt,smart_watch,84.97,30,114.97
B09MQSCJQ1,"boAt Xtend Smartwatch with Alexa Built-in, 1.69” HD Display, Multiple Watch Faces, Stress Monitor, Heart & SpO2 Monitoring, 14 Sports Modes, Sleep Monitor, 5 ATM & 7 Days Battery(Charcoal Black)","boAt Wave Select with 1.69"" HD Display upto 10 Days Battery HR & SpO2 Monitoring Smartwatch",boAt,smart_watch,84.97,30,114.97
B096VF5YYF,"boAt Xtend Smartwatch with Alexa Built-in, 1.69” HD Display, Multiple Watch Faces, Stress Monitor, Heart & SpO2 Monitoring, 14 Sports Modes, Sleep Monitor, 5 ATM & 7 Days Battery(Pitch Black)","boAt Wave Select with 1.69"" HD Display upto 10 Days Battery HR & SpO2 Monitoring Smartwatch",boAt,smart_watch,84.97,30,114.97
B09PLD9TCD,Kodak 126 cm (50 inches) Bezel-Less Design Series 4K Ultra HD Smart Android LED TV 50UHDX7XPROBL (Black),Vu cinema TV 126 cm (50 inch) Ultra HD (4K) LED Smart Android TV,Vu,tv,84.85,30,114.85
B08Y55LPBF,Redmi 126 cm (50 inches) 4K Ultra HD Android Smart LED TV X50 | L50M6-RA (Black),Vu cinema TV 126 cm (50 inch) Ultra HD (4K) LED Smart Android TV,Vu,tv,84.85,30,114.85
B09QS8V5N8,"Redmi Note 11 (Space Black, 4GB RAM, 64GB Storage)|90Hz FHD+ AMOLED Display | Qualcomm® Snapdragon™ 680-6nm | 33W Charger Included",REDMI Note 11 SE (Space Black 64 GB),REDMI,mobiles,84.75,30,114.75
B09QS9X16F,"Redmi Note 11 (Space Black, 6GB RAM, 64GB Storage) | 90Hz FHD+ AMOLED Display | Qualcomm® Snapdragon™ 680-6nm | 33W Charger Included",REDMI Note 11 SE (Space Black 64 GB),REDMI,mobiles,84.75,30,114.75
B0B3XY5YT4,LG 108 cm (43 inches) 4K Ultra HD Smart LED TV 43UQ7500PSF (Ceramic Black),LG 109.22 cm (43 inch) Ultra HD (4K) LED Smart TV,LG,tv,84.62,30,114.62
B09DG9VNWB,"Samsung Galaxy Watch4 Bluetooth(4.4 cm, Black, Compatible with Android only)",SAMSUNG Galaxy Watch4 Classic Bluetooth (4.6cm),SAMSUNG,smart_watch,84.62,30,114.62
B0B5GF6DQD,"Noise Agile 2 Buzz Bluetooth Calling Smart Watch with 1.28"" TFT Display,Dual Button,in-Built Mic & Speaker,AI Voice Assistant, Health Suite,in-Built Games, 100 Watch Faces-(Jet Black)","alt OG Bluetooth Calling 1.69"" HD Display with AI Voice Assistant Built-in Games Smartwatch",alt,smart_watch,84.62,30,114.62
B0B466C3G4,Karbonn 80 cm (32 inches) Millenium Bezel-Less Series HD Ready Smart LED TV KJW32SKHD (Phantom Black),Lloyd 80 cm (32 inch) HD Ready LED Smart TV,Lloyd,tv,84.51,30,114.51
B09NNJ9WYM,Sansui 80cm (32 inches) HD Ready Smart LED TV JSY32SKHD (BLACK) With Bezel-less Design,Sansui Prime Series 80 cm (32 inch) HD Ready LED Smart Android Based TV with Bezel-less Design (BLACK)...,Sansui,tv,84.51,30,114.51
B09X1M3DHX,iFFALCON 80 cm (32 inches) HD Ready Smart LED TV 32F53 (Black),Lloyd 80 cm (32 inch) HD Ready LED Smart TV,Lloyd,tv,84.51,30,114.51
B097R25DP7,"Noise ColorFit Pulse Smartwatch with 3.56 cm (1.4"") Full Touch HD Display, SpO2, Heart Rate, Sleep Monitors & 10-Day Battery - Jet Black",Noise ColorFit Pro 3 Alpha Smartwatch,Noise,smart_watch,84.38,30,114.38
B097R25DP7,"Noise ColorFit Pulse Smartwatch with 3.56 cm (1.4"") Full Touch HD Display, SpO2, Heart Rate, Sleep Monitors & 10-Day Battery - Jet Black",Noise ColorFit Pro 3 Alpha Smartwatch,Noise,smart_watch,84.38,30,114.38
B0BC9BW512,Acer 100 cm (40 inches) P Series Full HD Android Smart LED TV AR40AR2841FDFL (Black),TCL S6500 Series 100.3 cm (40 inch) Full HD LED Smart Android TV,TCL,tv,84.11,30,114.11
B08Y55LPBF,Redmi 126 cm (50 inches) 4K Ultra HD Android Smart LED TV X50 | L50M6-RA (Black),Infinix X3 126 cm (50 inch) Ultra HD (4K) LED Smart Android TV,Infinix,tv,84.0,30,114.0
B09HQSV46W,Mi 100 cm (40 inches) Horizon Edition Full HD Android LED TV 4A | L40M6-EI (Black),Mi 4A Horizon Edition 108 cm (43 inch) Full HD LED Smart Android TV,Mi,tv,83.93,30,113.93
B08RWCZ6SY,7SEVEN® Compatible for Sony Bravia LCD LED UHD OLED QLED 4K Ultra HD TV remote control with YouTube and NETFLIX Hotkeys. Universal Replacement for Original Sony Smart Android tv Remote Control,SONY Bravia 123.2 cm (49 inch) Ultra HD (4K) LED Smart Android TV,SONY,tv,83.81,30,113.81
B0BF57RN3K,"Fire-Boltt Ninja Call Pro Plus 1.83"" Smart Watch with Bluetooth Calling, AI Voice Assistance, 100 Sports Modes IP67 Rating, 240*280 Pixel High Resolution",Fire-Boltt Ninja Call 2 (1.7 inch) Bluetooth Calling with 27 Sports Modes Smartwatch,Fire-Boltt,smart_watch,83.69,30,113.69
B0BF563HB4,"Fire-Boltt Ninja Call Pro Plus 1.83"" Smart Watch with Bluetooth Calling, AI Voice Assistance, 100 Sports Modes IP67 Rating, 240*280 Pixel High Resolution",Fire-Boltt Ninja Call 2 (1.7 inch) Bluetooth Calling with 27 Sports Modes Smartwatch,Fire-Boltt,smart_watch,83.69,30,113.69
B0BF54LXW6,"Fire-Boltt Ninja Call Pro Plus 1.83"" Smart Watch with Bluetooth Calling, AI Voice Assistance, 100 Sports Modes IP67 Rating, 240*280 Pixel High Resolution",Fire-Boltt Ninja Call 2 (1.7 inch) Bluetooth Calling with 27 Sports Modes Smartwatch,Fire-Boltt,smart_watch,83.69,30,113.69
B0BF4YBLPX,"Fire-Boltt Ninja Call Pro Plus 1.83"" Smart Watch with Bluetooth Calling, AI Voice Assistance, 100 Sports Modes IP67 Rating, 240*280 Pixel High Resolution",Fire-Boltt Ninja Call 2 (1.7 inch) Bluetooth Calling with 27 Sports Modes Smartwatch,Fire-Boltt,smart_watch,83.69,30,113.69
B0BF54972T,"Fire-Boltt Ninja Call Pro Plus 1.83"" Smart Watch with Bluetooth Calling, AI Voice Assistance, 100 Sports Modes IP67 Rating, 240*280 Pixel High Resolution",Fire-Boltt Ninja Call 2 (1.7 inch) Bluetooth Calling with 27 Sports Modes Smartwatch,Fire-Boltt,smart_watch,83.69,30,113.69
B0B4F5L738,"Samsung Galaxy M13 5G (Aqua Green, 6GB, 128GB Storage) | 5000mAh Battery | Upto 12GB RAM with RAM Plus",SAMSUNG Galaxy S22 Plus 5G (Green 128 GB),SAMSUNG,mobiles,83.58,30,113.58
B0B4F1YC3J,"Samsung Galaxy M13 5G (Aqua Green, 6GB, 128GB Storage) | 5000mAh Battery | Upto 12GB RAM with RAM Plus",SAMSUNG Galaxy S22 Plus 5G (Green 128 GB),SAMSUNG,mobiles,83.58,30,113.58
B0B4F3QNDM,"Samsung Galaxy M13 5G (Aqua Green, 6GB, 128GB Storage) | 5000mAh Battery | Upto 12GB RAM with RAM Plus",SAMSUNG Galaxy S22 Plus 5G (Green 128 GB),SAMSUNG,mobiles,83.58,30,113.58
B09TWHTBKQ,"Samsung Galaxy M33 5G (Mystique Green, 8GB, 128GB Storage) | 6000mAh Battery | Upto 16GB RAM with RAM Plus | Travel Adapter to be Purchased Separately",SAMSUNG Galaxy S22 Plus 5G (Green 128 GB),SAMSUNG,mobiles,83.58,30,113.58
B0B2RBP83P,"Lenovo IdeaPad 3 11th Gen Intel Core i3 15.6"" FHD Thin & Light Laptop(8GB/512GB SSD/Windows 11/Office 2021/2Yr Warranty/3months Xbox Game Pass/Platinum Grey/1.7Kg), 81X800LGIN",Lenovo IdeaPad 3 Core i3 11th Gen - (8 GB/256 GB SSD/Windows 11 Home) 14ITL05 Thin and Light Laptop,Lenovo,laptops,83.54,30,113.54
B0B2RBP83P,"Lenovo IdeaPad 3 11th Gen Intel Core i3 15.6"" FHD Thin & Light Laptop(8GB/512GB SSD/Windows 11/Office 2021/2Yr Warranty/3months Xbox Game Pass/Platinum Grey/1.7Kg), 81X800LGIN",Lenovo IdeaPad 3 Core i3 11th Gen - (8 GB/256 GB SSD/Windows 11 Home) 15ITL05 Thin and Light Laptop,Lenovo,laptops,83.54,30,113.54
B09RWQ7YR6,MI 138.8 cm (55 inches) 5X Series 4K Ultra HD LED Smart Android TV L55M6-ES (Grey),Mi 4X 108 cm (43 inch) Ultra HD (4K) LED Smart Android TV,Mi,tv,83.52,30,113.52
B0BC9BW512,Acer 100 cm (40 inches) P Series Full HD Android Smart LED TV AR40AR2841FDFL (Black),Panasonic 100 cm (40 inch) Full HD LED Smart Android TV,Panasonic,tv,83.52,30,113.52
B09T3KB6JZ,TCL 100 cm (40 inches) Full HD Certified Android R Smart LED TV 40S6505 (Black),Panasonic 100 cm (40 inch) Full HD LED Smart Android TV,Panasonic,tv,83.52,30,113.52
B09RWQ7YR6,MI 138.8 cm (55 inches) 5X Series 4K Ultra HD LED Smart Android TV L55M6-ES (Grey),Mi 4X 108 cm (43 inch) Ultra HD (4K) LED Smart Android TV,Mi,tv,83.52,30,113.52
B097R25DP7,"Noise ColorFit Pulse Smartwatch with 3.56 cm (1.4"") Full Touch HD Display, SpO2, Heart Rate, Sleep Monitors & 10-Day Battery - Jet Black","Noise ColorFit Qube Spo2 1.4"" Full Touch display Multi-Sports modes 7-day Battery Smartwatch",Noise,smart_watch,83.33,30,113.33
B097R25DP7,"Noise ColorFit Pulse Smartwatch with 3.56 cm (1.4"") Full Touch HD Display, SpO2, Heart Rate, Sleep Monitors & 10-Day Battery - Jet Black","Noise ColorFit Qube Spo2 1.4"" Full Touch display Multi-Sports modes 7-day Battery Smartwatch",Noise,smart_watch,83.33,30,113.33
B09HQSV46W,Mi 100 cm (40 inches) Horizon Edition Full HD Android LED TV 4A | L40M6-EI (Black),Mi 4A Horizon Edition 100 cm (40 inch) Full HD LED Smart Android TV with 20W Powerful Audio & Bezel-le...,Mi,tv,83.08,30,113.08
B08QX1CC14,SKYWALL 81.28 cm (32 inches) HD Ready Smart LED TV 32SWELS-PRO (Black),LG 80 cm (32 inch) HD Ready LED Smart TV,LG,tv,83.08,30,113.08
B087JWLZ2K,AmazonBasics 108 cm (43 inches) 4K Ultra HD Smart LED Fire TV AB43U20PS (Black),LG 108 cm (43 inch) Ultra HD (4K) LED Smart WebOS TV,LG,tv,82.93,30,112.93
B087JWLZ2K,AmazonBasics 108 cm (43 inches) 4K Ultra HD Smart LED Fire TV AB43U20PS (Black),LG 108 cm (43 inch) Ultra HD (4K) LED Smart WebOS TV,LG,tv,82.93,30,112.93
B087JWLZ2K,AmazonBasics 108 cm (43 inches) 4K Ultra HD Smart LED Fire TV AB43U20PS (Black),Vu 108 cm (43 inch) Ultra HD (4K) LED Smart WebOS TV,Vu,tv,82.93,30,112.93
B08XXF5V6G,Kodak 139 cm (55 inches) 4K Ultra HD Smart LED TV 55CA0909 (Black),LG 139 cm (55 inch) Ultra HD (4K) LED Smart WebOS TV,LG,tv,82.93,30,112.93
B0B2C5MJN6,Hisense 126 cm (50 inches) Bezelless Series 4K Ultra HD Smart LED Google TV 50A6H (Black),SONY Bravia 126 cm (50 inch) Ultra HD (4K) LED Smart Google TV,SONY,tv,82.83,30,112.83
B0BB3CBFBM,VU 138 cm (55 inches) Premium Series 4K Ultra HD Smart IPS LED TV 55UT (Black),Vu Premium 139 cm (55 inch) Ultra HD (4K) LED Smart Android TV,Vu,tv,82.83,30,112.83
B07V5YF4ND,LOHAYA LCD/LED Remote Compatible for Sony Bravia Smart LCD LED UHD OLED QLED 4K Ultra HD TV Remote Control with YouTube & Netflix Function [ Compatible for Sony Tv Remote Control ],SONY Bravia 108 cm (43 inch) Ultra HD (4K) LED Smart TV,SONY,tv,82.76,30,112.76
B07MDRGHWQ,VW 60 cm (24 inches) Premium Series HD Ready LED TV VW24A (Black),Akai 60 cm (24 inch) HD Ready LED TV,Akai,tv,82.76,30,112.76
B09V12K8NT,"boAt Wave Lite Smartwatch with 1.69"" HD Display, Sleek Metal Body, HR & SpO2 Level Monitor, 140+ Watch Faces, Activity Tracker, Multiple Sports Modes, IP68 & 7 Days Battery Life(Active Black)","boAt Wave Select with 1.69"" HD Display upto 10 Days Battery HR & SpO2 Monitoring Smartwatch",boAt,smart_watch,82.67,30,112.67
B09V12K8NT,"boAt Wave Lite Smartwatch with 1.69"" HD Display, Sleek Metal Body, HR & SpO2 Level Monitor, 140+ Watch Faces, Activity Tracker, Multiple Sports Modes, IP68 & 7 Days Battery Life(Active Black)","boAt Wave Select with 1.69"" HD Display upto 10 Days Battery HR & SpO2 Monitoring Smartwatch",boAt,smart_watch,82.67,30,112.67
B0BBN56J5H,"Redmi A1 (Black, 2GB RAM, 32GB Storage) | Segment Best AI Dual Cam | 5000mAh Battery | Leather Texture Design | Android 12",REDMI A1 (Black 32 GB),REDMI,mobiles,82.35,30,112.35
B0BBN56J5H,"Redmi A1 (Black, 2GB RAM, 32GB Storage) | Segment Best AI Dual Cam | 5000mAh Battery | Leather Texture Design | Android 12",REDMI A1+ (Black 32 GB),REDMI,mobiles,82.35,30,112.35
B09T3KB6JZ,TCL 100 cm (40 inches) Full HD Certified Android R Smart LED TV 40S6505 (Black),Nokia 102 cm (40 inch) Full HD LED Smart Android TV,Nokia,tv,81.93,30,111.93
B0B2RBP83P,"Lenovo IdeaPad 3 11th Gen Intel Core i3 15.6"" FHD Thin & Light Laptop(8GB/512GB SSD/Windows 11/Office 2021/2Yr Warranty/3months Xbox Game Pass/Platinum Grey/1.7Kg), 81X800LGIN",Lenovo IdeaPad 3 Core i3 11th Gen - (8 GB/256 GB SSD/Windows 10 Home) 15ITL6 Thin and Light Laptop,Lenovo,laptops,81.82,30,111.82
B0B1YZX72F,Acer 127 cm (50 inches) I Series 4K Ultra HD Android Smart LED TV AR50AR2851UDFL (Black),Thomson 9R Series 126 cm (50 inch) Ultra HD (4K) LED Smart Android TV,Thomson,tv,81.82,30,111.82
B09NC2TY11,"Noise ColorFit Ultra Buzz Bluetooth Calling Smart Watch with 1.75"" HD Display, 320x385 px Resolution, 100 Sports Modes, Stock Market Info Smartwatch for Men & Women (Olive Green)","Noise ColorFit Caliber Smart Watch with 15-day battery 1.69"" display 60 Sports Modes Smartwatch",Noise,smart_watch,81.76,30,111.76
B09NNGHG22,Sansui 140cm (55 inches) 4K Ultra HD Certified Android LED TV with Dolby Audio & Dolby Vision JSW55ASUHD (Mystique Black),Sansui 127 cm (50 inch) Ultra HD (4K) LED Smart Android TV with Dolby Audio and DTS (Mystique Black) (...,Sansui,tv,81.76,30,111.76
B09HSKYMB3,"MI REDMI 9i Sport (Carbon Black, 64 GB) (4 GB RAM)",REDMI 9i (Midnight Black 64 GB),REDMI,mobiles,81.63,30,111.63
B09V12K8NT,"boAt Wave Lite Smartwatch with 1.69"" HD Display, Sleek Metal Body, HR & SpO2 Level Monitor, 140+ Watch Faces, Activity Tracker, Multiple Sports Modes, IP68 & 7 Days Battery Life(Active Black)",Noise Fit Active SpO2 Smartwatch,Noise,smart_watch,81.48,30,111.48
B09V12K8NT,"boAt Wave Lite Smartwatch with 1.69"" HD Display, Sleek Metal Body, HR & SpO2 Level Monitor, 140+ Watch Faces, Activity Tracker, Multiple Sports Modes, IP68 & 7 Days Battery Life(Active Black)",Noise Fit Active SpO2 Smartwatch,Noise,smart_watch,81.48,30,111.48
B09L8DSSFH,7SEVEN® Compatible for Samsung Smart 4K Ultra HD TV Monitor Remote Control Replacement of Original Samsung TV Remote for LED OLED UHD QLED and Suitable for 6 7 8 Series Samsung TV with Hot Keys BN59-01259E,SAMSUNG 138 cm (55 inch) QLED Ultra HD (4K) Smart TV,SAMSUNG,tv,81.48,30,111.48
B09F6VHQXB,"Croma 80 cm (32 Inches) HD Ready LED TV (CREL7369, Black) (2021 Model)",Adsun 80 cm (32 inch) HD Ready LED TV,Adsun,tv,81.36,30,111.36
B08CS3BT4L,Kodak 80 cm (32 inches) HD Ready Certified Android LED TV 32HDX7XPRO (Black),Adsun 80 cm (32 inch) HD Ready LED TV,Adsun,tv,81.36,30,111.36
B09F6VHQXB,"Croma 80 cm (32 Inches) HD Ready LED TV (CREL7369, Black) (2021 Model)",HUIDI 80 cm (32 inch) HD Ready LED TV,HUIDI,tv,81.36,30,111.36
B08CS3BT4L,Kodak 80 cm (32 inches) HD Ready Certified Android LED TV 32HDX7XPRO (Black),HUIDI 80 cm (32 inch) HD Ready LED TV,HUIDI,tv,81.36,30,111.36
B09X1M3DHX,iFFALCON 80 cm (32 inches) HD Ready Smart LED TV 32F53 (Black),HUIDI 80 cm (32 inch) HD Ready LED TV,HUIDI,tv,81.36,30,111.36
B0B467CCB9,Karbonn 80 cm (32 Inches) Millennium Series HD Ready LED TV KJW32NSHDF (Phantom Black) with Bezel-Less Design,HUIDI 80 cm (32 inch) HD Ready LED TV,HUIDI,tv,81.36,30,111.36
B0B467CCB9,Karbonn 80 cm (32 Inches) Millennium Series HD Ready LED TV KJW32NSHDF (Phantom Black) with Bezel-Less Design,Adsun 80 cm (32 inch) HD Ready LED TV,Adsun,tv,81.36,30,111.36
B06XGWRKYT,Kodak 80 cm (32 Inches) HD Ready LED TV Kodak 32HDX900S (Black),Adsun 80 cm (32 inch) HD Ready LED TV,Adsun,tv,81.36,30,111.36
B06XGWRKYT,Kodak 80 cm (32 Inches) HD Ready LED TV Kodak 32HDX900S (Black),HUIDI 80 cm (32 inch) HD Ready LED TV,HUIDI,tv,81.36,30,111.36
B0B466C3G4,Karbonn 80 cm (32 inches) Millenium Bezel-Less Series HD Ready Smart LED TV KJW32SKHD (Phantom Black),HUIDI 80 cm (32 inch) HD Ready LED TV,HUIDI,tv,81.36,30,111.36
B07MDRGHWQ,VW 60 cm (24 inches) Premium Series HD Ready LED TV VW24A (Black),HUIDI 60 cm (24 inch) HD Ready LED TV,HUIDI,tv,81.36,30,111.36
B07MKFNHKG,VW 80 cm (32 inches) Frameless Series HD Ready LED TV VW32A (Black),HUIDI 80 cm (32 inch) HD Ready LED TV,HUIDI,tv,81.36,30,111.36
B07MKFNHKG,VW 80 cm (32 inches) Frameless Series HD Ready LED TV VW32A (Black),Adsun 80 cm (32 inch) HD Ready LED TV,Adsun,tv,81.36,30,111.36
B09NC2TY11,"Noise ColorFit Ultra Buzz Bluetooth Calling Smart Watch with 1.75"" HD Display, 320x385 px Resolution, 100 Sports Modes, Stock Market Info Smartwatch for Men & Women (Olive Green)",Boult Drift Bluetooth Calling 1.69inch HD Display Smartwatch,Boult,smart_watch,81.19,30,111.19
B09NC2TY11,"Noise ColorFit Ultra Buzz Bluetooth Calling Smart Watch with 1.75"" HD Display, 320x385 px Resolution, 100 Sports Modes, Stock Market Info Smartwatch for Men & Women (Olive Green)","Fire-Boltt Talk Bluetooth Calling 1.32"" HD Display Smartwatch",Fire-Boltt,smart_watch,81.19,30,111.19
B0972BQ2RS,"Fire-Boltt India's No 1 Smartwatch Brand Ring Bluetooth Calling with SpO2 & 1.7” Metal Body with Blood Oxygen Monitoring, Continuous Heart Rate, Full Touch & Multiple Watch Faces","Fire-Boltt Talk Bluetooth Calling 1.32"" HD Display Smartwatch",Fire-Boltt,smart_watch,81.19,30,111.19
B0B3N7LR6K,"Fire-Boltt Visionary 1.78"" AMOLED Bluetooth Calling Smartwatch with 368*448 Pixel Resolution 100+ Sports Mode, TWS Connection, Voice Assistance, SPO2 & Heart Rate Monitoring","Fire-Boltt Talk Bluetooth Calling 1.32"" HD Display Smartwatch",Fire-Boltt,smart_watch,81.19,30,111.19
B0B3N7LR6K,"Fire-Boltt Visionary 1.78"" AMOLED Bluetooth Calling Smartwatch with 368*448 Pixel Resolution 100+ Sports Mode, TWS Connection, Voice Assistance, SPO2 & Heart Rate Monitoring","Fire-Boltt Talk Bluetooth Calling 1.32"" HD Display Smartwatch",Fire-Boltt,smart_watch,81.19,30,111.19
B0BMVWKZ8G,"Newly Launched Boult Dive+ with 1.85"" HD Display, Bluetooth Calling Smartwatch, 500 Nits Brightness, 7 Days Battery Life, 150+ Watch Faces, 100+ Sport Modes, IP68 Waterproof Smart Watch (Jet Black)","Fire-Boltt Talk Bluetooth Calling 1.32"" HD Display Smartwatch",Fire-Boltt,smart_watch,81.19,30,111.19
B0B3NDPCS9,"Fire-Boltt Visionary 1.78"" AMOLED Bluetooth Calling Smartwatch with 368*448 Pixel Resolution 100+ Sports Mode, TWS Connection, Voice Assistance, SPO2 & Heart Rate Monitoring","Fire-Boltt Talk Bluetooth Calling 1.32"" HD Display Smartwatch",Fire-Boltt,smart_watch,81.19,30,111.19
B0B7B9V9QP,VU 108 cm (43 inches) Premium Series Full HD Smart LED TV 43GA (Black),LG 108 cm (43 inch) Full HD LED Smart WebOS TV,LG,tv,81.08,30,111.08
B0BB3CBFBM,VU 138 cm (55 inches) Premium Series 4K Ultra HD Smart IPS LED TV 55UT (Black),LG 139.7 cm (55 inch) Ultra HD (4K) LED Smart TV,LG,tv,81.08,30,111.08
B0BB3CBFBM,VU 138 cm (55 inches) Premium Series 4K Ultra HD Smart IPS LED TV 55UT (Black),LG 139.7 cm (55 inch) Ultra HD (4K) LED Smart TV,LG,tv,81.08,30,111.08
B09NY6TRXG,"POCO C31 (Royal Blue, 64 GB) (4 GB RAM)",POCO M5 (Icy Blue 64 GB),POCO,mobiles,81.08,30,111.08
B09NVPJ3P4,"Noise ColorFit Pulse Grand Smart Watch with 1.69""(4.29cm) HD Display, 60 Sports Modes, 150 Watch Faces, Fast Charge, Spo2, Stress, Sleep, Heart Rate Monitoring & IP68 Waterproof (Electric Blue)",Noise ColorFit Caliber Go with 1.69 inch HD Display 40 Sports Modes 150+ Watch Faces Smartwatch,Noise,smart_watch,81.01,30,111.01
B09NVPSCQT,"Noise ColorFit Pulse Grand Smart Watch with 1.69""(4.29cm) HD Display, 60 Sports Modes, 150 Watch Faces, Fast Charge, Spo2, Stress, Sleep, Heart Rate Monitoring & IP68 Waterproof (Jet Black)",Noise ColorFit Caliber Go with 1.69 inch HD Display 40 Sports Modes 150+ Watch Faces Smartwatch,Noise,smart_watch,81.01,30,111.01
B09NVPSCQT,"Noise ColorFit Pulse Grand Smart Watch with 1.69""(4.29cm) HD Display, 60 Sports Modes, 150 Watch Faces, Fast Charge, Spo2, Stress, Sleep, Heart Rate Monitoring & IP68 Waterproof (Jet Black)",Noise ColorFit Caliber Go with 1.69 inch HD Display 40 Sports Modes 150+ Watch Faces Smartwatch,Noise,smart_watch,81.01,30,111.01
B09PNKXSKF,"Noise ColorFit Pulse Grand Smart Watch with 1.69"" HD Display, 60 Sports Modes, 150 Watch Faces, Spo2 Monitoring, Call Notification, Quick Replies to Text & Calls (Rose Pink)",Noise ColorFit Caliber Go with 1.69 inch HD Display 40 Sports Modes 150+ Watch Faces Smartwatch,Noise,smart_watch,81.01,30,111.01
B07V5YF4ND,LOHAYA LCD/LED Remote Compatible for Sony Bravia Smart LCD LED UHD OLED QLED 4K Ultra HD TV Remote Control with YouTube & Netflix Function [ Compatible for Sony Tv Remote Control ],SONY Bravia 138.8 cm (55 inch) Ultra HD (4K) LED Smart TV,SONY,tv,80.9,30,110.9
B09MQSCJQ1,"boAt Xtend Smartwatch with Alexa Built-in, 1.69” HD Display, Multiple Watch Faces, Stress Monitor, Heart & SpO2 Monitoring, 14 Sports Modes, Sleep Monitor, 5 ATM & 7 Days Battery(Charcoal Black)",boAt Wave Neo with 1.69 inch  2.5D Curved Display & Multiple Sports Modes Smartwatch,boAt,smart_watch,80.88,30,110.88
B09MQSCJQ1,"boAt Xtend Smartwatch with Alexa Built-in, 1.69” HD Display, Multiple Watch Faces, Stress Monitor, Heart & SpO2 Monitoring, 14 Sports Modes, Sleep Monitor, 5 ATM & 7 Days Battery(Charcoal Black)",boAt Wave Neo with 1.69 inch  2.5D Curved Display & Multiple Sports Modes Smartwatch,boAt,smart_watch,80.88,30,110.88
B096VF5YYF,"boAt Xtend Smartwatch with Alexa Built-in, 1.69” HD Display, Multiple Watch Faces, Stress Monitor, Heart & SpO2 Monitoring, 14 Sports Modes, Sleep Monitor, 5 ATM & 7 Days Battery(Pitch Black)",boAt Wave Neo with 1.69 inch  2.5D Curved Display & Multiple Sports Modes Smartwatch,boAt,smart_watch,80.88,30,110.88
B096VF5YYF,"boAt Xtend Smartwatch with Alexa Built-in, 1.69” HD Display, Multiple Watch Faces, Stress Monitor, Heart & SpO2 Monitoring, 14 Sports Modes, Sleep Monitor, 5 ATM & 7 Days Battery(Pitch Black)",boAt Wave Neo with 1.69 inch  2.5D Curved Display & Multiple Sports Modes Smartwatch,boAt,smart_watch,80.88,30,110.88
B096VF5YYF,"boAt Xtend Smartwatch with Alexa Built-in, 1.69” HD Display, Multiple Watch Faces, Stress Monitor, Heart & SpO2 Monitoring, 14 Sports Modes, Sleep Monitor, 5 ATM & 7 Days Battery(Pitch Black)","Mivi Model E with 1.69"" Display 7-Day Battery Life  Spo2 Heart Rate Monitor. Smartwatch",Mivi,smart_watch,80.85,30,110.85
B096VF5YYF,"boAt Xtend Smartwatch with Alexa Built-in, 1.69” HD Display, Multiple Watch Faces, Stress Monitor, Heart & SpO2 Monitoring, 14 Sports Modes, Sleep Monitor, 5 ATM & 7 Days Battery(Pitch Black)","Mivi Model E with 1.69"" Display 7-Day Battery Life  Spo2 Heart Rate Monitor. Smartwatch",Mivi,smart_watch,80.85,30,110.85
B09MQSCJQ1,"boAt Xtend Smartwatch with Alexa Built-in, 1.69” HD Display, Multiple Watch Faces, Stress Monitor, Heart & SpO2 Monitoring, 14 Sports Modes, Sleep Monitor, 5 ATM & 7 Days Battery(Charcoal Black)","Mivi Model E with 1.69"" Display 7-Day Battery Life  Spo2 Heart Rate Monitor. Smartwatch",Mivi,smart_watch,80.85,30,110.85
B09MQSCJQ1,"boAt Xtend Smartwatch with Alexa Built-in, 1.69” HD Display, Multiple Watch Faces, Stress Monitor, Heart & SpO2 Monitoring, 14 Sports Modes, Sleep Monitor, 5 ATM & 7 Days Battery(Charcoal Black)","Mivi Model E with 1.69"" Display 7-Day Battery Life  Spo2 Heart Rate Monitor. Smartwatch",Mivi,smart_watch,80.85,30,110.85
B09RFB2SJQ,"10WeRun Id-116 Bluetooth Smartwatch Wireless Fitness Band for Boys, Girls, Men, Women & Kids | Sports Gym Watch for All Smart Phones I Heart Rate and spo2 Monitor",Emmqura ID-116 Fitness Frequency Monitor Band Smartwatch,Emmqura,smart_watch,80.85,30,110.85
B0B467CCB9,Karbonn 80 cm (32 Inches) Millennium Series HD Ready LED TV KJW32NSHDF (Phantom Black) with Bezel-Less Design,HUIDI 80 cm (32 inch) HD Ready LED TV with Bezel Less Display,HUIDI,tv,80.81,30,110.81
B08QX1CC14,SKYWALL 81.28 cm (32 inches) HD Ready Smart LED TV 32SWELS-PRO (Black),LG 81.28 cm (32 inch) Full HD LED Smart TV,LG,tv,80.6,30,110.6
B08QX1CC14,SKYWALL 81.28 cm (32 inches) HD Ready Smart LED TV 32SWELS-PRO (Black),LG 81.28 cm (32 inch) Full HD LED Smart TV,LG,tv,80.6,30,110.6
B07MKFNHKG,VW 80 cm (32 inches) Frameless Series HD Ready LED TV VW32A (Black),SAMSUNG Series 4 80 cm (32 inch) HD Ready LED TV,SAMSUNG,tv,80.52,30,110.52
B0BD92GDQH,"OnePlus Nord Watch with 1.78” AMOLED Display, 60 Hz Refresh Rate, 105 Fitness Modes, 10 Days Battery, SPO2, Heart Rate, Stress Monitor, Women Health Tracker & Multiple Watch Face [Midnight Black]",DIZO Watch R Talk Amoled Display with Calling & 10 days battery,DIZO,smart_watch,80.39,30,110.39
B09YV42QHZ,"Fire-Boltt Ninja 3 Smartwatch Full Touch 1.69 "" & 60 Sports Modes with IP68, Sp02 Tracking, Over 100 Cloud based watch faces ( Green )",Honor Watch GS 3 Smartwatch,Honor,smart_watch,80.0,30,110.0
B09YV4RG4D,"Fire-Boltt Ninja 3 Smartwatch Full Touch 1.69 & 60 Sports Modes with IP68, Sp02 Tracking, Over 100 Cloud based watch faces - Black",Honor Watch GS 3 Smartwatch,Honor,smart_watch,80.0,30,110.0
B09YV463SW,"Fire-Boltt Ninja 3 Smartwatch Full Touch 1.69 "" & 60 Sports Modes with IP68, Sp02 Tracking, Over 100 Cloud based watch faces ( Silver )",Honor Watch GS 3 Smartwatch,Honor,smart_watch,80.0,30,110.0
B09YV4RG4D,"Fire-Boltt Ninja 3 Smartwatch Full Touch 1.69 & 60 Sports Modes with IP68, Sp02 Tracking, Over 100 Cloud based watch faces - Black",Honor Watch GS 3 Smartwatch,Honor,smart_watch,80.0,30,110.0
B09L8DSSFH,7SEVEN® Compatible for Samsung Smart 4K Ultra HD TV Monitor Remote Control Replacement of Original Samsung TV Remote for LED OLED UHD QLED and Suitable for 6 7 8 Series Samsung TV with Hot Keys BN59-01259E,SAMSUNG Series 7 163 cm (65 inch) Ultra HD (4K) LED Smart Tizen TV,SAMSUNG,tv,79.61,30,109.61
B09L8DSSFH,7SEVEN® Compatible for Samsung Smart 4K Ultra HD TV Monitor Remote Control Replacement of Original Samsung TV Remote for LED OLED UHD QLED and Suitable for 6 7 8 Series Samsung TV with Hot Keys BN59-01259E,SAMSUNG Series 7 163 cm (65 inch) Ultra HD (4K) LED Smart Tizen TV,SAMSUNG,tv,79.61,30,109.61
B095JQVC7N,OnePlus 138.7 cm (55 inches) U Series 4K LED Smart Android TV 55U1S (Black),TCL 138.7 cm (55 inch) Ultra HD (4K) LED Smart Android TV,TCL,tv,79.55,30,109.55
B09JPC82QC,Mi 108 cm (43 inches) Full HD Android LED TV 4C | L43M6-INC (Black),Mi 4A Pro 108 cm (43 inch) Full HD LED Smart Android TV,Mi,tv,79.55,30,109.55
B0BMVWKZ8G,"Newly Launched Boult Dive+ with 1.85"" HD Display, Bluetooth Calling Smartwatch, 500 Nits Brightness, 7 Days Battery Life, 150+ Watch Faces, 100+ Sport Modes, IP68 Waterproof Smart Watch (Jet Black)",boAt Storm call 1.69 inch HD display with bluetooth calling and 550 nits brightness Smartwatch,boAt,smart_watch,79.49,30,109.49
B09RFB2SJQ,"10WeRun Id-116 Bluetooth Smartwatch Wireless Fitness Band for Boys, Girls, Men, Women & Kids | Sports Gym Watch for All Smart Phones I Heart Rate and spo2 Monitor",XBY ID-116 Plus Bluetooth Smart Fitness Watch with Active Heart Rate Activity Smartwatch,XBY,smart_watch,79.45,30,109.45
B09RFB2SJQ,"10WeRun Id-116 Bluetooth Smartwatch Wireless Fitness Band for Boys, Girls, Men, Women & Kids | Sports Gym Watch for All Smart Phones I Heart Rate and spo2 Monitor",XBY ID-116 Plus Bluetooth Smart Fitness Watch with Active Heart Rate Activity Smartwatch,XBY,smart_watch,79.45,30,109.45
B09JPC82QC,Mi 108 cm (43 inches) Full HD Android LED TV 4C | L43M6-INC (Black),DETEL 108 cm (43 inch) Full HD LED Smart Android TV,DETEL,tv,79.01,30,109.01
B09F6VHQXB,"Croma 80 cm (32 Inches) HD Ready LED TV (CREL7369, Black) (2021 Model)",Sansui Prime Series 80 cm (32 inch) HD Ready LED TV with 20W Speaker (Black) (2021 Model),Sansui,tv,78.85,30,108.85
B095JQVC7N,OnePlus 138.7 cm (55 inches) U Series 4K LED Smart Android TV 55U1S (Black),OnePlus Y1S Pro 138 cm (55 inch) Ultra HD (4K) LED Smart Android TV,OnePlus,tv,78.85,30,108.85
B09T39K9YL,"Redmi Note 11 Pro + 5G (Stealth Black, 6GB RAM, 128GB Storage) | 67W Turbo Charge | 120Hz Super AMOLED Display | Additional Exchange Offers | Charger Included",REDMI K50i 5G (Stealth Black 128 GB),REDMI,mobiles,78.57,30,108.57
B09T2S8X9C,"Redmi Note 11 Pro + 5G (Stealth Black, 8GB RAM, 256GB Storage) | 67W Turbo Charge | 120Hz Super AMOLED Display | Additional Exchange Offers | Charger Included",REDMI K50i 5G (Stealth Black 128 GB),REDMI,mobiles,78.57,30,108.57
B0B3NDPCS9,"Fire-Boltt Visionary 1.78"" AMOLED Bluetooth Calling Smartwatch with 368*448 Pixel Resolution 100+ Sports Mode, TWS Connection, Voice Assistance, SPO2 & Heart Rate Monitoring",Fire-Boltt Ninja Call 2 (1.7 inch) Bluetooth Calling with 27 Sports Modes Smartwatch,Fire-Boltt,smart_watch,78.52,30,108.52
B0B3N7LR6K,"Fire-Boltt Visionary 1.78"" AMOLED Bluetooth Calling Smartwatch with 368*448 Pixel Resolution 100+ Sports Mode, TWS Connection, Voice Assistance, SPO2 & Heart Rate Monitoring",Fire-Boltt Ninja Call 2 (1.7 inch) Bluetooth Calling with 27 Sports Modes Smartwatch,Fire-Boltt,smart_watch,78.52,30,108.52
B0B3N7LR6K,"Fire-Boltt Visionary 1.78"" AMOLED Bluetooth Calling Smartwatch with 368*448 Pixel Resolution 100+ Sports Mode, TWS Connection, Voice Assistance, SPO2 & Heart Rate Monitoring",Fire-Boltt Ninja Call 2 (1.7 inch) Bluetooth Calling with 27 Sports Modes Smartwatch,Fire-Boltt,smart_watch,78.52,30,108.52
B09NNJ9WYM,Sansui 80cm (32 inches) HD Ready Smart LED TV JSY32SKHD (BLACK) With Bezel-less Design,Sansui 80 cm (32 inch) HD Ready LED Smart Linux TV,Sansui,tv,78.48,30,108.48
B07YY1BY5B,"Noise ColorFit Pro 2 Full Touch Control Smart Watch with 35g Weight & Upgraded LCD Display,IP68 Waterproof,Heart Rate Monitor,Sleep & Step Tracker,Call & Message Alerts & Long Battery Life (Jet Black)",Noise ColorFit Pro 2 Smartwatch,Noise,smart_watch,78.43,30,108.43
B08HV25BBQ,Noise ColorFit Pro 2 Full Touch Control Smart Watch with 35g Weight & Upgraded LCD Display (Deep Wine),Noise ColorFit Pro 2 Smartwatch,Noise,smart_watch,78.43,30,108.43
B09V2PZDX8,"Nokia 105 Single SIM, Keypad Mobile Phone with Wireless FM Radio | Blue",Nokia 105 PLUS,Nokia,mobiles,78.26,30,108.26
B09V2Q4QVQ,"Nokia 105 Single SIM, Keypad Mobile Phone with Wireless FM Radio | Charcoal",Nokia 105 PLUS,Nokia,mobiles,78.26,30,108.26
B0B2C5MJN6,Hisense 126 cm (50 inches) Bezelless Series 4K Ultra HD Smart LED Google TV 50A6H (Black),Hyundai 126 cm (50 inch) Ultra HD (4K) LED Smart WebOS TV,Hyundai,tv,78.16,30,108.16
B09JPC82QC,Mi 108 cm (43 inches) Full HD Android LED TV 4C | L43M6-INC (Black),realme 108 cm (43 inch) Full HD LED Smart Android TV,realme,tv,78.05,30,108.05
B0B3MWYCHQ,"Fire-Boltt Ring 3 Smart Watch 1.8 Biggest Display with Advanced Bluetooth Calling Chip, Voice Assistance,118 Sports Modes, in Built Calculator & Games, SpO2, Heart Rate Monitoring","Callmate Orbit 1.32"" HD display With Bluetooth Calling Sports modes AI Voice Assistance Smartwatch",Callmate,smart_watch,77.99,30,107.99
B0B3MWYCHQ,"Fire-Boltt Ring 3 Smart Watch 1.8 Biggest Display with Advanced Bluetooth Calling Chip, Voice Assistance,118 Sports Modes, in Built Calculator & Games, SpO2, Heart Rate Monitoring","Callmate Orbit 1.32"" HD display With Bluetooth Calling Sports modes AI Voice Assistance Smartwatch",Callmate,smart_watch,77.99,30,107.99
B09NVPSCQT,"Noise ColorFit Pulse Grand Smart Watch with 1.69""(4.29cm) HD Display, 60 Sports Modes, 150 Watch Faces, Fast Charge, Spo2, Stress, Sleep, Heart Rate Monitoring & IP68 Waterproof (Jet Black)","Noise ColorFit Caliber Smart Watch with 15-day battery 1.69"" display 60 Sports Modes Smartwatch",Noise,smart_watch,77.92,30,107.92
B09NVPSCQT,"Noise ColorFit Pulse Grand Smart Watch with 1.69""(4.29cm) HD Display, 60 Sports Modes, 150 Watch Faces, Fast Charge, Spo2, Stress, Sleep, Heart Rate Monitoring & IP68 Waterproof (Jet Black)","Noise ColorFit Caliber Smart Watch with 15-day battery 1.69"" display 60 Sports Modes Smartwatch",Noise,smart_watch,77.92,30,107.92
B09NVPJ3P4,"Noise ColorFit Pulse Grand Smart Watch with 1.69""(4.29cm) HD Display, 60 Sports Modes, 150 Watch Faces, Fast Charge, Spo2, Stress, Sleep, Heart Rate Monitoring & IP68 Waterproof (Electric Blue)","Noise ColorFit Caliber Smart Watch with 15-day battery 1.69"" display 60 Sports Modes Smartwatch",Noise,smart_watch,77.92,30,107.92
B09PNKXSKF,"Noise ColorFit Pulse Grand Smart Watch with 1.69"" HD Display, 60 Sports Modes, 150 Watch Faces, Spo2 Monitoring, Call Notification, Quick Replies to Text & Calls (Rose Pink)","Noise ColorFit Caliber Smart Watch with 15-day battery 1.69"" display 60 Sports Modes Smartwatch",Noise,smart_watch,77.92,30,107.92
B09RMQYHLH,"realme narzo 50 (Speed Blue, 4GB RAM+64GB Storage) Helio G96 Processor | 50MP AI Triple Camera | 120Hz Ultra Smooth Display",realme Narzo 50 (Speed Black 64 GB),realme,mobiles,77.78,30,107.78
B0B3MWYCHQ,"Fire-Boltt Ring 3 Smart Watch 1.8 Biggest Display with Advanced Bluetooth Calling Chip, Voice Assistance,118 Sports Modes, in Built Calculator & Games, SpO2, Heart Rate Monitoring","Fire-Boltt Talk Bluetooth Calling 1.32"" HD Display Smartwatch",Fire-Boltt,smart_watch,77.55,30,107.55
B0B53QLB9H,"PTron Newly Launched Force X10 Bluetooth Calling Smartwatch with 1.7"" Full Touch Color Display, Real Heart Rate Monitor, SpO2, Watch Faces, 5 Days Runtime, Fitness Trackers & IP68 Waterproof (Blue)",Boult Drift Bluetooth Calling 1.69inch HD Display Smartwatch,Boult,smart_watch,77.55,30,107.55
B0B53QFZPY,"PTron Newly Launched Force X10 Bluetooth Calling Smartwatch with 1.7"" Full Touch Color Display, Real Heart Rate Monitor, SpO2, Watch Faces, 5 Days Runtime, Fitness Trackers & IP68 Waterproof (Pink)",Boult Drift Bluetooth Calling 1.69inch HD Display Smartwatch,Boult,smart_watch,77.55,30,107.55
B0B53NXFFR,"PTron Newly Launched Force X10 Bluetooth Calling Smartwatch with 1.7"" Full Touch Display, Real Heart Rate Monitor, SpO2, Watch Faces, 5 Days Runtime, Health/Fitness Trackers & IP68 Waterproof (Black)",Boult Drift Bluetooth Calling 1.69inch HD Display Smartwatch,Boult,smart_watch,77.55,30,107.55
B0BP18W8TM,"Fire-Boltt Gladiator 1.96"" Biggest Display Smart Watch with Bluetooth Calling, Voice Assistant &123 Sports Modes, 8 Unique UI Interactions, SpO2, 24/7 Heart Rate Tracking","Fire-Boltt Talk Bluetooth Calling 1.32"" HD Display Smartwatch",Fire-Boltt,smart_watch,77.55,30,107.55
B0B3MWYCHQ,"Fire-Boltt Ring 3 Smart Watch 1.8 Biggest Display with Advanced Bluetooth Calling Chip, Voice Assistance,118 Sports Modes, in Built Calculator & Games, SpO2, Heart Rate Monitoring","Fire-Boltt Talk Bluetooth Calling 1.32"" HD Display Smartwatch",Fire-Boltt,smart_watch,77.55,30,107.55
B0B53NXFFR,"PTron Newly Launched Force X10 Bluetooth Calling Smartwatch with 1.7"" Full Touch Display, Real Heart Rate Monitor, SpO2, Watch Faces, 5 Days Runtime, Health/Fitness Trackers & IP68 Waterproof (Black)","Fire-Boltt Talk Bluetooth Calling 1.32"" HD Display Smartwatch",Fire-Boltt,smart_watch,77.55,30,107.55
B0B53QLB9H,"PTron Newly Launched Force X10 Bluetooth Calling Smartwatch with 1.7"" Full Touch Color Display, Real Heart Rate Monitor, SpO2, Watch Faces, 5 Days Runtime, Fitness Trackers & IP68 Waterproof (Blue)","Fire-Boltt Talk Bluetooth Calling 1.32"" HD Display Smartwatch",Fire-Boltt,smart_watch,77.55,30,107.55
B0B82YGCF6,"Tokdis MX-1 Pro Bluetooth Calling Smartwatch - 1.69” LCD Display, Multiple Watch Faces, Sleep Monitor, Heart & SpO2 Monitoring, Multiple Sports Modes, Water Resistant","Fire-Boltt Talk Bluetooth Calling 1.32"" HD Display Smartwatch",Fire-Boltt,smart_watch,77.55,30,107.55
B0B5GF6DQD,"Noise Agile 2 Buzz Bluetooth Calling Smart Watch with 1.28"" TFT Display,Dual Button,in-Built Mic & Speaker,AI Voice Assistant, Health Suite,in-Built Games, 100 Watch Faces-(Jet Black)","Noise Icon Buzz BT Calling with 1.69"" display  AI Voice Assistance Built-In Games Smartwatch",Noise,smart_watch,77.55,30,107.55
B0B82YGCF6,"Tokdis MX-1 Pro Bluetooth Calling Smartwatch - 1.69” LCD Display, Multiple Watch Faces, Sleep Monitor, Heart & SpO2 Monitoring, Multiple Sports Modes, Water Resistant",Boult Drift Bluetooth Calling 1.69inch HD Display Smartwatch,Boult,smart_watch,77.55,30,107.55
B0B53QFZPY,"PTron Newly Launched Force X10 Bluetooth Calling Smartwatch with 1.7"" Full Touch Color Display, Real Heart Rate Monitor, SpO2, Watch Faces, 5 Days Runtime, Fitness Trackers & IP68 Waterproof (Pink)","Fire-Boltt Talk Bluetooth Calling 1.32"" HD Display Smartwatch",Fire-Boltt,smart_watch,77.55,30,107.55
B09NNJ9WYM,Sansui 80cm (32 inches) HD Ready Smart LED TV JSY32SKHD (BLACK) With Bezel-less Design,LG 80 cm (32 inch) HD Ready LED Smart TV,LG,tv,77.42,30,107.42
B0B2C5MJN6,Hisense 126 cm (50 inches) Bezelless Series 4K Ultra HD Smart LED Google TV 50A6H (Black),Thomson 9R Series 126 cm (50 inch) Ultra HD (4K) LED Smart Android TV,Thomson,tv,77.36,30,107.36
B07V5YF4ND,LOHAYA LCD/LED Remote Compatible for Sony Bravia Smart LCD LED UHD OLED QLED 4K Ultra HD TV Remote Control with YouTube & Netflix Function [ Compatible for Sony Tv Remote Control ],SONY Bravia 163.9 cm (65 inch) Ultra HD (4K) LED Smart Google TV with Google TV,SONY,tv,77.36,30,107.36
B0B6BLTGTT,"Noise Pulse 2 Max Advanced Bluetooth Calling Smart Watch with 1.85'' TFT and 550 Nits Brightness, Smart DND, 10 Days Battery, 100 Sports Mode, Smartwatch for Men and Women - (Jet Black)",boAt Storm call 1.69 inch HD display with bluetooth calling and 550 nits brightness Smartwatch,boAt,smart_watch,77.12,30,107.12
B095JQVC7N,OnePlus 138.7 cm (55 inches) U Series 4K LED Smart Android TV 55U1S (Black),OnePlus Q1 Series 138.8 cm (55 inch) QLED Ultra HD (4K) Smart Android TV Sliding Soundbar,OnePlus,tv,76.52,30,106.52
B09V17S2BG,"boAt Wave Lite Smartwatch with 1.69"" HD Display, Heart Rate & SpO2 Level Monitor, Multiple Watch Faces, Activity Tracker, Multiple Sports Modes & IP68 (Deep Blue)","Mivi Model E with 1.69"" Display 7-Day Battery Life  Spo2 Heart Rate Monitor. Smartwatch",Mivi,smart_watch,76.47,30,106.47
B09V175NP7,"boAt Wave Lite Smartwatch with 1.69 Inches(4.29cm) HD Display, Heart Rate & SpO2 Level Monitor, Multiple Watch Faces, Activity Tracker, Multiple Sports Modes & IP68 (Scarlet Red)","Mivi Model E with 1.69"" Display 7-Day Battery Life  Spo2 Heart Rate Monitor. Smartwatch",Mivi,smart_watch,76.47,30,106.47
B0B82YGCF6,"Tokdis MX-1 Pro Bluetooth Calling Smartwatch - 1.69” LCD Display, Multiple Watch Faces, Sleep Monitor, Heart & SpO2 Monitoring, Multiple Sports Modes, Water Resistant","boAt Storm Pro Call Bluetooth Calling 1.78"" AMOLED Display Smartwatch",boAt,smart_watch,76.36,30,106.36
B0B298D54H,Prolet Classic Bumper Case Cover for Samsung Galaxy Watch 4 44mm TPU Plated Full Screen Protector (Black),SAMSUNG Galaxy Watch4 Classic LTE (4.6cm),SAMSUNG,smart_watch,76.19,30,106.19
B09RQRZW2X,7SEVEN® Compatible Vu Smart Tv Remote Control Suitable for Original 4K Android LED Ultra HD UHD Vu Tv Remote with Non Voice Feature without google assistant,SONY 164 cm (65 inch) Ultra HD (4K) LED Smart Android TV,SONY,tv,76.19,30,106.19
B08NW8GHCJ,"Synqe USB C to USB C 60W Nylon Braided Fast Charging Type C to Type C Cable Compatible with Samsung Galaxy Note 20/Ultra, S20 S22 S21 S20 FE A73 A53 A33 (2M, Black)",SAMSUNG Galaxy A53 (Awesome Black 128 GB),SAMSUNG,mobiles,76.19,30,106.19
B08V9C4B1J,"Synqe Type C to Type C Short Fast Charging 60W Cable Compatible with Samsung Galaxy Z Fold3 5G, Z Flip3 5G, S22 5G, S22 Ultra, S21, S20, S20FE, A52, A73, A53 (0.25M, Black)",SAMSUNG Galaxy A53 (Awesome Black 128 GB),SAMSUNG,mobiles,76.19,30,106.19
B09RQRZW2X,7SEVEN® Compatible Vu Smart Tv Remote Control Suitable for Original 4K Android LED Ultra HD UHD Vu Tv Remote with Non Voice Feature without google assistant,Vu cinema TV 126 cm (50 inch) Ultra HD (4K) LED Smart Android TV,Vu,tv,76.09,30,106.09
B0BGSV43WY,"Noise ColorFit Pro 4 Alpha Bluetooth Calling Smart Watch with 1.78 AMOLED Display, Tru Sync, 60hz Refresh Rate, instacharge, Gesture Control, Functional 360 Digital Crown (Jet Black)","Noise ColorFit Pro4 BT Calling 1.72"" TruView Display Fully-functional digital crown Smartwatch",Noise,smart_watch,76.0,30,106.0
B0BP18W8TM,"Fire-Boltt Gladiator 1.96"" Biggest Display Smart Watch with Bluetooth Calling, Voice Assistant &123 Sports Modes, 8 Unique UI Interactions, SpO2, 24/7 Heart Rate Tracking",Fire-Boltt Ninja Call 2 (1.7 inch) Bluetooth Calling with 27 Sports Modes Smartwatch,Fire-Boltt,smart_watch,75.76,30,105.76
B0B3N7LR6K,"Fire-Boltt Visionary 1.78"" AMOLED Bluetooth Calling Smartwatch with 368*448 Pixel Resolution 100+ Sports Mode, TWS Connection, Voice Assistance, SPO2 & Heart Rate Monitoring","Callmate Orbit 1.32"" HD display With Bluetooth Calling Sports modes AI Voice Assistance Smartwatch",Callmate,smart_watch,75.64,30,105.64
B0B3N7LR6K,"Fire-Boltt Visionary 1.78"" AMOLED Bluetooth Calling Smartwatch with 368*448 Pixel Resolution 100+ Sports Mode, TWS Connection, Voice Assistance, SPO2 & Heart Rate Monitoring","Callmate Orbit 1.32"" HD display With Bluetooth Calling Sports modes AI Voice Assistance Smartwatch",Callmate,smart_watch,75.64,30,105.64
B0B3NDPCS9,"Fire-Boltt Visionary 1.78"" AMOLED Bluetooth Calling Smartwatch with 368*448 Pixel Resolution 100+ Sports Mode, TWS Connection, Voice Assistance, SPO2 & Heart Rate Monitoring","Callmate Orbit 1.32"" HD display With Bluetooth Calling Sports modes AI Voice Assistance Smartwatch",Callmate,smart_watch,75.64,30,105.64
B09RQRZW2X,7SEVEN® Compatible Vu Smart Tv Remote Control Suitable for Original 4K Android LED Ultra HD UHD Vu Tv Remote with Non Voice Feature without google assistant,Vu 139 cm (55 inch) QLED Ultra HD (4K) Smart Android TV,Vu,tv,75.61,30,105.61
B0B53NXFFR,"PTron Newly Launched Force X10 Bluetooth Calling Smartwatch with 1.7"" Full Touch Display, Real Heart Rate Monitor, SpO2, Watch Faces, 5 Days Runtime, Health/Fitness Trackers & IP68 Waterproof (Black)","Mivi Model E with 1.69"" Display 7-Day Battery Life  Spo2 Heart Rate Monitor. Smartwatch",Mivi,smart_watch,75.56,30,105.56
B0B53QFZPY,"PTron Newly Launched Force X10 Bluetooth Calling Smartwatch with 1.7"" Full Touch Color Display, Real Heart Rate Monitor, SpO2, Watch Faces, 5 Days Runtime, Fitness Trackers & IP68 Waterproof (Pink)","Mivi Model E with 1.69"" Display 7-Day Battery Life  Spo2 Heart Rate Monitor. Smartwatch",Mivi,smart_watch,75.56,30,105.56
B0B53QLB9H,"PTron Newly Launched Force X10 Bluetooth Calling Smartwatch with 1.7"" Full Touch Color Display, Real Heart Rate Monitor, SpO2, Watch Faces, 5 Days Runtime, Fitness Trackers & IP68 Waterproof (Blue)","Mivi Model E with 1.69"" Display 7-Day Battery Life  Spo2 Heart Rate Monitor. Smartwatch",Mivi,smart_watch,75.56,30,105.56
B0B5B6PQCT,"boAt Wave Call Smart Watch, Smart Talk with Advanced Dedicated Bluetooth Calling Chip, 1.69” HD Display with 550 NITS & 70% Color Gamut, 150+ Watch Faces, Multi-Sport Modes,HR,SpO2, IP68(Active Black)",boAt Storm call 1.69 inch HD display with bluetooth calling and 550 nits brightness Smartwatch,boAt,smart_watch,75.5,30,105.5
B09BNXQ6BR,"Noise ColorFit Ultra SE Smart Watch with 1.75""(4.3cm) HD Display, Aluminium Alloy Body, 60 Sports Modes, Spo2, Lightweight, Stock Market Info, Calls & SMS Reply (Vintage Brown)","Noise ColorFit Caliber Smart Watch with 15-day battery 1.69"" display 60 Sports Modes Smartwatch",Noise,smart_watch,75.5,30,105.5
B0B5B6PQCT,"boAt Wave Call Smart Watch, Smart Talk with Advanced Dedicated Bluetooth Calling Chip, 1.69” HD Display with 550 NITS & 70% Color Gamut, 150+ Watch Faces, Multi-Sport Modes,HR,SpO2, IP68(Active Black)",boAt Storm call 1.69 inch HD display with bluetooth calling and 550 nits brightness Smartwatch,boAt,smart_watch,75.5,30,105.5
B0B5DDJNH4,"boAt Wave Call Smart Watch, Smart Talk with Advanced Dedicated Bluetooth Calling Chip, 1.69” HD Display with 550 NITS & 70% Color Gamut, 150+ Watch Faces, Multi-Sport Modes, HR, SpO2, IP68(Mauve)",boAt Storm call 1.69 inch HD display with bluetooth calling and 550 nits brightness Smartwatch,boAt,smart_watch,75.5,30,105.5
B0B5D39BCD,"boAt Wave Call Smart Watch, Smart Talk with Advanced Dedicated Bluetooth Calling Chip, 1.69” HD Display with 550 NITS & 70% Color Gamut, 150+ Watch Faces, Multi-Sport Modes, HR, SpO2, IP68(Deep Blue)",boAt Storm call 1.69 inch HD display with bluetooth calling and 550 nits brightness Smartwatch,boAt,smart_watch,75.5,30,105.5
B094JB13XL,"Noise ColorFit Ultra Smart Watch with 1.75"" HD Display, Aluminium Alloy Body, 60 Sports Modes, Spo2, Lightweight, Stock Market Info, Calls & SMS Reply (Space Blue)","Noise ColorFit Caliber Smart Watch with 15-day battery 1.69"" display 60 Sports Modes Smartwatch",Noise,smart_watch,75.5,30,105.5
B0B5CGTBKV,"boAt Wave Call Smart Watch, Smart Talk with Advanced Dedicated Bluetooth Calling Chip, 1.69” HD Display with 550 NITS & 70% Color Gamut, 150+ Watch Faces, Multi-Sport Modes,HR,SpO2(Caribbean Green)",boAt Storm call 1.69 inch HD display with bluetooth calling and 550 nits brightness Smartwatch,boAt,smart_watch,75.5,30,105.5
B0758F7KK7,"Caprigo Heavy Duty TV Wall Mount Bracket for 14 to 32 Inch LED/HD/Smart TV’s, Universal Fixed TV Wall Mount Stand (M452)",LG 80 cm (32 inch) HD Ready LED Smart TV,LG,tv,75.41,30,105.41
B0BGSV43WY,"Noise ColorFit Pro 4 Alpha Bluetooth Calling Smart Watch with 1.78 AMOLED Display, Tru Sync, 60hz Refresh Rate, instacharge, Gesture Control, Functional 360 Digital Crown (Jet Black)","boAt Storm Pro Call Bluetooth Calling 1.78"" AMOLED Display Smartwatch",boAt,smart_watch,75.23,30,105.23
B095JPKPH3,OnePlus 163.8 cm (65 inches) U Series 4K LED Smart Android TV 65U1S (Black),Haier E-series 165 cm (65 inch) Ultra HD (4K) LED Smart Android TV,Haier,tv,75.19,30,105.19
B0B6BLTGTT,"Noise Pulse 2 Max Advanced Bluetooth Calling Smart Watch with 1.85'' TFT and 550 Nits Brightness, Smart DND, 10 Days Battery, 100 Sports Mode, Smartwatch for Men and Women - (Jet Black)","Noise ColorFit Caliber 2 Buzz Advanced BT Calling 1.85"" display10 days battery Smartwatch",Noise,smart_watch,75.18,30,105.18
B0B6BLTGTT,"Noise Pulse 2 Max Advanced Bluetooth Calling Smart Watch with 1.85'' TFT and 550 Nits Brightness, Smart DND, 10 Days Battery, 100 Sports Mode, Smartwatch for Men and Women - (Jet Black)","Noise ColorFit Caliber 2 Buzz Advanced BT Calling 1.85"" display10 days battery Smartwatch",Noise,smart_watch,75.18,30,105.18
B0B5B6PQCT,"boAt Wave Call Smart Watch, Smart Talk with Advanced Dedicated Bluetooth Calling Chip, 1.69” HD Display with 550 NITS & 70% Color Gamut, 150+ Watch Faces, Multi-Sport Modes,HR,SpO2, IP68(Active Black)",boAt Wave Arcade with 1.81 inch HD Display and Bluetooth Calling Smartwatch,boAt,smart_watch,75.0,30,105.0
B095JPKPH3,OnePlus 163.8 cm (65 inches) U Series 4K LED Smart Android TV 65U1S (Black),Thomson 9R Series 139 cm (55 inch) Ultra HD (4K) LED Smart Android TV,Thomson,tv,75.0,30,105.0
B0BQRJ3C47,"REDTECH USB-C to Lightning Cable 3.3FT, [Apple MFi Certified] Lightning to Type C Fast Charging Cord Compatible with iPhone 14/13/13 pro/Max/12/11/X/XS/XR/8, Supports Power Delivery - White",APPLE iPhone 12 Mini 5G (White 64 GB),APPLE,mobiles,75.0,30,105.0
B0B3MWYCHQ,"Fire-Boltt Ring 3 Smart Watch 1.8 Biggest Display with Advanced Bluetooth Calling Chip, Voice Assistance,118 Sports Modes, in Built Calculator & Games, SpO2, Heart Rate Monitoring","Noise Icon Buzz BT Calling with 1.69"" display  AI Voice Assistance Built-In Games Smartwatch",Noise,smart_watch,75.0,30,105.0
B0B5D39BCD,"boAt Wave Call Smart Watch, Smart Talk with Advanced Dedicated Bluetooth Calling Chip, 1.69” HD Display with 550 NITS & 70% Color Gamut, 150+ Watch Faces, Multi-Sport Modes, HR, SpO2, IP68(Deep Blue)",boAt Wave Arcade with 1.81 inch HD Display and Bluetooth Calling Smartwatch,boAt,smart_watch,75.0,30,105.0
B0B5B6PQCT,"boAt Wave Call Smart Watch, Smart Talk with Advanced Dedicated Bluetooth Calling Chip, 1.69” HD Display with 550 NITS & 70% Color Gamut, 150+ Watch Faces, Multi-Sport Modes,HR,SpO2, IP68(Active Black)",boAt Wave Arcade with 1.81 inch HD Display and Bluetooth Calling Smartwatch,boAt,smart_watch,75.0,30,105.0
B0BD3T6Z1D,"Samsung Galaxy M32 Prime Edition (Light Blue, 4GB RAM, 64GB)",SAMSUNG Galaxy M32 (Black 64 GB),SAMSUNG,mobiles,75.0,30,105.0
B0B3MWYCHQ,"Fire-Boltt Ring 3 Smart Watch 1.8 Biggest Display with Advanced Bluetooth Calling Chip, Voice Assistance,118 Sports Modes, in Built Calculator & Games, SpO2, Heart Rate Monitoring","Noise Icon Buzz BT Calling with 1.69"" display  AI Voice Assistance Built-In Games Smartwatch",Noise,smart_watch,75.0,30,105.0
B0B5CGTBKV,"boAt Wave Call Smart Watch, Smart Talk with Advanced Dedicated Bluetooth Calling Chip, 1.69” HD Display with 550 NITS & 70% Color Gamut, 150+ Watch Faces, Multi-Sport Modes,HR,SpO2(Caribbean Green)",boAt Wave Arcade with 1.81 inch HD Display and Bluetooth Calling Smartwatch,boAt,smart_watch,75.0,30,105.0
B0B5DDJNH4,"boAt Wave Call Smart Watch, Smart Talk with Advanced Dedicated Bluetooth Calling Chip, 1.69” HD Display with 550 NITS & 70% Color Gamut, 150+ Watch Faces, Multi-Sport Modes, HR, SpO2, IP68(Mauve)",boAt Wave Arcade with 1.81 inch HD Display and Bluetooth Calling Smartwatch,boAt,smart_watch,75.0,30,105.0
B09V17S2BG,"boAt Wave Lite Smartwatch with 1.69"" HD Display, Heart Rate & SpO2 Level Monitor, Multiple Watch Faces, Activity Tracker, Multiple Sports Modes & IP68 (Deep Blue)",Noise ColorFit Caliber Go with 1.69 inch HD Display 40 Sports Modes 150+ Watch Faces Smartwatch,Noise,smart_watch,74.67,30,104.67
B09V175NP7,"boAt Wave Lite Smartwatch with 1.69 Inches(4.29cm) HD Display, Heart Rate & SpO2 Level Monitor, Multiple Watch Faces, Activity Tracker, Multiple Sports Modes & IP68 (Scarlet Red)",Noise ColorFit Caliber Go with 1.69 inch HD Display 40 Sports Modes 150+ Watch Faces Smartwatch,Noise,smart_watch,74.67,30,104.67
B09NNGHG22,Sansui 140cm (55 inches) 4K Ultra HD Certified Android LED TV with Dolby Audio & Dolby Vision JSW55ASUHD (Mystique Black),Mi X Series 138 cm (55 inch) Ultra HD (4K) LED Smart Android TV with Dolby Vision & 30W Dolby Audio (2...,Mi,tv,74.65,30,104.65
B095JPKPH3,OnePlus 163.8 cm (65 inches) U Series 4K LED Smart Android TV 65U1S (Black),OnePlus Y1S Pro 138 cm (55 inch) Ultra HD (4K) LED Smart Android TV,OnePlus,tv,74.63,30,104.63
B0BC8BQ432,VU 164 cm (65 inches) The GloLED Series 4K Smart LED Google TV 65GloLED (Grey),Vu GloLED 164 cm (65 inch) Ultra HD (4K) LED Smart Google TV with DJ Subwoofer 104W,Vu,tv,74.51,30,104.51
B09MMD1FDN,7SEVEN® Suitable Sony Tv Remote Original Bravia for Smart Android Television Compatible for Any Model of LCD LED OLED UHD 4K Universal Sony Remote Control,SONY Bravia 123 cm (49 inch) Ultra HD (4K) LED Smart Android TV,SONY,tv,74.47,30,104.47
B09MMD1FDN,7SEVEN® Suitable Sony Tv Remote Original Bravia for Smart Android Television Compatible for Any Model of LCD LED OLED UHD 4K Universal Sony Remote Control,SONY Bravia 108 cm (43 inch) Ultra HD (4K) LED Smart Android TV,SONY,tv,74.47,30,104.47
B0B5V47VK4,"OnePlus 10T 5G (Moonstone Black, 8GB RAM, 128GB Storage)",OnePlus 10R 5G (Sierra Black 128 GB),OnePlus,mobiles,74.42,30,104.42
B09DG9VNWB,"Samsung Galaxy Watch4 Bluetooth(4.4 cm, Black, Compatible with Android only)",SAMSUNG Galaxy Watch4 Classic LTE (4.6cm),SAMSUNG,smart_watch,74.19,30,104.19
B0BF57RN3K,"Fire-Boltt Ninja Call Pro Plus 1.83"" Smart Watch with Bluetooth Calling, AI Voice Assistance, 100 Sports Modes IP67 Rating, 240*280 Pixel High Resolution","Callmate Orbit 1.32"" HD display With Bluetooth Calling Sports modes AI Voice Assistance Smartwatch",Callmate,smart_watch,74.03,30,104.03
B0BF54972T,"Fire-Boltt Ninja Call Pro Plus 1.83"" Smart Watch with Bluetooth Calling, AI Voice Assistance, 100 Sports Modes IP67 Rating, 240*280 Pixel High Resolution","Callmate Orbit 1.32"" HD display With Bluetooth Calling Sports modes AI Voice Assistance Smartwatch",Callmate,smart_watch,74.03,30,104.03
B0BF54LXW6,"Fire-Boltt Ninja Call Pro Plus 1.83"" Smart Watch with Bluetooth Calling, AI Voice Assistance, 100 Sports Modes IP67 Rating, 240*280 Pixel High Resolution","Callmate Orbit 1.32"" HD display With Bluetooth Calling Sports modes AI Voice Assistance Smartwatch",Callmate,smart_watch,74.03,30,104.03
B0BF563HB4,"Fire-Boltt Ninja Call Pro Plus 1.83"" Smart Watch with Bluetooth Calling, AI Voice Assistance, 100 Sports Modes IP67 Rating, 240*280 Pixel High Resolution","Callmate Orbit 1.32"" HD display With Bluetooth Calling Sports modes AI Voice Assistance Smartwatch",Callmate,smart_watch,74.03,30,104.03
B0BF4YBLPX,"Fire-Boltt Ninja Call Pro Plus 1.83"" Smart Watch with Bluetooth Calling, AI Voice Assistance, 100 Sports Modes IP67 Rating, 240*280 Pixel High Resolution","Callmate Orbit 1.32"" HD display With Bluetooth Calling Sports modes AI Voice Assistance Smartwatch",Callmate,smart_watch,74.03,30,104.03
B0B9XN9S3W,Acer 80 cm (32 inches) N Series HD Ready TV AR32NSV53HD (Black),SAMSUNG Series 4 80 cm (32 inch) HD Ready LED TV,SAMSUNG,tv,73.97,30,103.97
B0B9XN9S3W,Acer 80 cm (32 inches) N Series HD Ready TV AR32NSV53HD (Black),SAMSUNG Series 4 80 cm (32 inch) HD Ready LED TV,SAMSUNG,tv,73.97,30,103.97
B0BD92GDQH,"OnePlus Nord Watch with 1.78” AMOLED Display, 60 Hz Refresh Rate, 105 Fitness Modes, 10 Days Battery, SPO2, Heart Rate, Stress Monitor, Women Health Tracker & Multiple Watch Face [Midnight Black]",REDMI 10 (Midnight Black 64 GB),REDMI,mobiles,73.91,30,103.91
B0B3RRWSF6,"Fire-Boltt Phoenix Smart Watch with Bluetooth Calling 1.3"",120+ Sports Modes, 240*240 PX High Res with SpO2, Heart Rate Monitoring & IP67 Rating",Fire-Boltt Ninja Call 2 (1.7 inch) Bluetooth Calling with 27 Sports Modes Smartwatch,Fire-Boltt,smart_watch,73.85,30,103.85
B0B3RS9DNF,"Fire-Boltt Phoenix Smart Watch with Bluetooth Calling 1.3"",120+ Sports Modes, 240*240 PX High Res with SpO2, Heart Rate Monitoring & IP67 Rating",Fire-Boltt Ninja Call 2 (1.7 inch) Bluetooth Calling with 27 Sports Modes Smartwatch,Fire-Boltt,smart_watch,73.85,30,103.85
B09RKFBCV7,"Fire-Boltt Ninja Calling 1.69"" Bluetooth Calling Smart Watch, Dial Pad, Speaker, AI Voice Assistant with 450 NITS Peak Brightness, Wrist Gaming & 100+ Watch Faces with SpO2, HR, Multiple Sports Mode",Fire-Boltt Ninja Call 2 (1.7 inch) Bluetooth Calling with 27 Sports Modes Smartwatch,Fire-Boltt,smart_watch,73.85,30,103.85
B0B3RSDSZ3,"Fire-Boltt Phoenix Smart Watch with Bluetooth Calling 1.3"",120+ Sports Modes, 240*240 PX High Res with SpO2, Heart Rate Monitoring & IP67 Rating",Fire-Boltt Ninja Call 2 (1.7 inch) Bluetooth Calling with 27 Sports Modes Smartwatch,Fire-Boltt,smart_watch,73.85,30,103.85
B0B3RRWSF6,"Fire-Boltt Phoenix Smart Watch with Bluetooth Calling 1.3"",120+ Sports Modes, 240*240 PX High Res with SpO2, Heart Rate Monitoring & IP67 Rating",Fire-Boltt Ninja Call 2 (1.7 inch) Bluetooth Calling with 27 Sports Modes Smartwatch,Fire-Boltt,smart_watch,73.85,30,103.85
B0972BQ2RS,"Fire-Boltt India's No 1 Smartwatch Brand Ring Bluetooth Calling with SpO2 & 1.7” Metal Body with Blood Oxygen Monitoring, Continuous Heart Rate, Full Touch & Multiple Watch Faces",Fire-Boltt Ninja Call 2 (1.7 inch) Bluetooth Calling with 27 Sports Modes Smartwatch,Fire-Boltt,smart_watch,73.85,30,103.85
B0B5CGTBKV,"boAt Wave Call Smart Watch, Smart Talk with Advanced Dedicated Bluetooth Calling Chip, 1.69” HD Display with 550 NITS & 70% Color Gamut, 150+ Watch Faces, Multi-Sport Modes,HR,SpO2(Caribbean Green)","Fire-Boltt Talk Bluetooth Calling 1.32"" HD Display Smartwatch",Fire-Boltt,smart_watch,73.68,30,103.68
B0B5B6PQCT,"boAt Wave Call Smart Watch, Smart Talk with Advanced Dedicated Bluetooth Calling Chip, 1.69” HD Display with 550 NITS & 70% Color Gamut, 150+ Watch Faces, Multi-Sport Modes,HR,SpO2, IP68(Active Black)","Fire-Boltt Talk Bluetooth Calling 1.32"" HD Display Smartwatch",Fire-Boltt,smart_watch,73.68,30,103.68
B0B5DDJNH4,"boAt Wave Call Smart Watch, Smart Talk with Advanced Dedicated Bluetooth Calling Chip, 1.69” HD Display with 550 NITS & 70% Color Gamut, 150+ Watch Faces, Multi-Sport Modes, HR, SpO2, IP68(Mauve)","Fire-Boltt Talk Bluetooth Calling 1.32"" HD Display Smartwatch",Fire-Boltt,smart_watch,73.68,30,103.68
B0B5B6PQCT,"boAt Wave Call Smart Watch, Smart Talk with Advanced Dedicated Bluetooth Calling Chip, 1.69” HD Display with 550 NITS & 70% Color Gamut, 150+ Watch Faces, Multi-Sport Modes,HR,SpO2, IP68(Active Black)","Fire-Boltt Talk Bluetooth Calling 1.32"" HD Display Smartwatch",Fire-Boltt,smart_watch,73.68,30,103.68
B0B5D39BCD,"boAt Wave Call Smart Watch, Smart Talk with Advanced Dedicated Bluetooth Calling Chip, 1.69” HD Display with 550 NITS & 70% Color Gamut, 150+ Watch Faces, Multi-Sport Modes, HR, SpO2, IP68(Deep Blue)","Fire-Boltt Talk Bluetooth Calling 1.32"" HD Display Smartwatch",Fire-Boltt,smart_watch,73.68,30,103.68
B09NNGHG22,Sansui 140cm (55 inches) 4K Ultra HD Certified Android LED TV with Dolby Audio & Dolby Vision JSW55ASUHD (Mystique Black),acer Frameless 139 cm (55 inch) Ultra HD (4K) LED Smart Android TV with Dolby Audio,acer,tv,73.6,30,103.6
B09XJ5LD6L,"Samsung Galaxy M53 5G (Deep Ocean Blue, 6GB, 128GB Storage) | 108MP | sAmoled+ 120Hz | 12GB RAM with RAM Plus | Travel Adapter to be Purchased Separately",SAMSUNG Galaxy F23 5G (Aqua Blue 128 GB),SAMSUNG,mobiles,73.33,30,103.33
B0B4F1YC3J,"Samsung Galaxy M13 5G (Aqua Green, 6GB, 128GB Storage) | 5000mAh Battery | Upto 12GB RAM with RAM Plus",SAMSUNG Galaxy F23 5G (Aqua Blue 128 GB),SAMSUNG,mobiles,73.33,30,103.33
B0B4F3QNDM,"Samsung Galaxy M13 5G (Aqua Green, 6GB, 128GB Storage) | 5000mAh Battery | Upto 12GB RAM with RAM Plus",SAMSUNG Galaxy F23 5G (Aqua Blue 128 GB),SAMSUNG,mobiles,73.33,30,103.33
B0B4F5L738,"Samsung Galaxy M13 5G (Aqua Green, 6GB, 128GB Storage) | 5000mAh Battery | Upto 12GB RAM with RAM Plus",SAMSUNG Galaxy F23 5G (Aqua Blue 128 GB),SAMSUNG,mobiles,73.33,30,103.33
B0B4F3QNDM,"Samsung Galaxy M13 5G (Aqua Green, 6GB, 128GB Storage) | 5000mAh Battery | Upto 12GB RAM with RAM Plus",SAMSUNG Galaxy F23 5G (Aqua Blue 128 GB),SAMSUNG,mobiles,73.33,30,103.33
B0B4F1YC3J,"Samsung Galaxy M13 5G (Aqua Green, 6GB, 128GB Storage) | 5000mAh Battery | Upto 12GB RAM with RAM Plus",SAMSUNG Galaxy F23 5G (Aqua Blue 128 GB),SAMSUNG,mobiles,73.33,30,103.33
B0B4F5L738,"Samsung Galaxy M13 5G (Aqua Green, 6GB, 128GB Storage) | 5000mAh Battery | Upto 12GB RAM with RAM Plus",SAMSUNG Galaxy F23 5G (Aqua Blue 128 GB),SAMSUNG,mobiles,73.33,30,103.33
B09XJ5LD6L,"Samsung Galaxy M53 5G (Deep Ocean Blue, 6GB, 128GB Storage) | 108MP | sAmoled+ 120Hz | 12GB RAM with RAM Plus | Travel Adapter to be Purchased Separately",SAMSUNG Galaxy F23 5G (Aqua Blue 128 GB),SAMSUNG,mobiles,73.33,30,103.33
B0B5GF6DQD,"Noise Agile 2 Buzz Bluetooth Calling Smart Watch with 1.28"" TFT Display,Dual Button,in-Built Mic & Speaker,AI Voice Assistant, Health Suite,in-Built Games, 100 Watch Faces-(Jet Black)",Noise Core 2 Buzz BT Calling 1.28 Display AI Voice Assistant & NoiseFit Track app Smartwatch,Noise,smart_watch,73.24,30,103.24
B0BC8BQ432,VU 164 cm (65 inches) The GloLED Series 4K Smart LED Google TV 65GloLED (Grey),Vu GloLED 126 cm (50 inch) Ultra HD (4K) LED Smart Google TV with DJ Subwoofer 104W,Vu,tv,73.2,30,103.2
B09G5TSGXV,"Hi-Mobiler iPhone Charger Lightning Cable,2 Pack Apple MFi Certified USB iPhone Fast Chargering Cord,Data Sync Transfer for 13/12/11 Pro Max Xs X XR 8 7 6 5 5s iPad iPod More Model Cell Phone Cables",APPLE iPhone 11 (Red 128 GB),APPLE,mobiles,73.17,30,103.17
B0758F7KK7,"Caprigo Heavy Duty TV Wall Mount Bracket for 14 to 32 Inch LED/HD/Smart TV’s, Universal Fixed TV Wall Mount Stand (M452)",LG 81.28 cm (32 inch) Full HD LED Smart TV,LG,tv,73.02,30,103.02
B0758F7KK7,"Caprigo Heavy Duty TV Wall Mount Bracket for 14 to 32 Inch LED/HD/Smart TV’s, Universal Fixed TV Wall Mount Stand (M452)",LG 81.28 cm (32 inch) Full HD LED Smart TV,LG,tv,73.02,30,103.02
B0B2X35B1K,"Noise ColorFit Ultra 2 Buzz 1.78"" AMOLED Bluetooth Calling Watch with 368*448px Always On Display, Premium Metallic Finish, 100+ Watch Faces, 100+ Sports Modes, Health Suite (Jet Black)",Noise ColorFit Caliber Go with 1.69 inch HD Display 40 Sports Modes 150+ Watch Faces Smartwatch,Noise,smart_watch,72.97,30,102.97
B09MMD1FDN,7SEVEN® Suitable Sony Tv Remote Original Bravia for Smart Android Television Compatible for Any Model of LCD LED OLED UHD 4K Universal Sony Remote Control,SONY Bravia 123.2 cm (49 inch) Ultra HD (4K) LED Smart Android TV,SONY,tv,72.92,30,102.92
B09YV4RG4D,"Fire-Boltt Ninja 3 Smartwatch Full Touch 1.69 & 60 Sports Modes with IP68, Sp02 Tracking, Over 100 Cloud based watch faces - Black",Fire-Boltt Ninja Call 2 (1.7 inch) Bluetooth Calling with 27 Sports Modes Smartwatch,Fire-Boltt,smart_watch,72.87,30,102.87
B09YV42QHZ,"Fire-Boltt Ninja 3 Smartwatch Full Touch 1.69 "" & 60 Sports Modes with IP68, Sp02 Tracking, Over 100 Cloud based watch faces ( Green )",Fire-Boltt Ninja Call 2 (1.7 inch) Bluetooth Calling with 27 Sports Modes Smartwatch,Fire-Boltt,smart_watch,72.87,30,102.87
B09YV4RG4D,"Fire-Boltt Ninja 3 Smartwatch Full Touch 1.69 & 60 Sports Modes with IP68, Sp02 Tracking, Over 100 Cloud based watch faces - Black",Fire-Boltt Ninja Call 2 (1.7 inch) Bluetooth Calling with 27 Sports Modes Smartwatch,Fire-Boltt,smart_watch,72.87,30,102.87
B09YV463SW,"Fire-Boltt Ninja 3 Smartwatch Full Touch 1.69 "" & 60 Sports Modes with IP68, Sp02 Tracking, Over 100 Cloud based watch faces ( Silver )",Fire-Boltt Ninja Call 2 (1.7 inch) Bluetooth Calling with 27 Sports Modes Smartwatch,Fire-Boltt,smart_watch,72.87,30,102.87
B0B2DJDCPX,"SWAPKART Fast Charging Cable and Data Sync USB Cable Compatible for iPhone 6/6S/7/7+/8/8+/10/11, 12, 13 Pro max iPad Air/Mini, iPod and iOS Devices (White)",APPLE iPhone 12 Mini 5G (White 64 GB),APPLE,mobiles,72.73,30,102.73
B08HV25BBQ,Noise ColorFit Pro 2 Full Touch Control Smart Watch with 35g Weight & Upgraded LCD Display (Deep Wine),Noise ColorFit Pro 2 Oxy Smartwatch,Noise,smart_watch,72.73,30,102.73
B09HV71RL1,"Wayona Type C to Lightning MFI Certified 20W Fast charging Nylon Braided USB C Cable for iPhone 14 Pro, 14 Pro Max, 14, 14 Plus, 13, 13 Pro, 13 Pro Max, 13 Mini, 12, 12 Pro, 11, 11 Pro Max, iPhone 12 Mini (2M, Black)",APPLE iPhone 12 Mini 5G (Black 64 GB),APPLE,mobiles,72.73,30,102.73
B0B2X35B1K,"Noise ColorFit Ultra 2 Buzz 1.78"" AMOLED Bluetooth Calling Watch with 368*448px Always On Display, Premium Metallic Finish, 100+ Watch Faces, 100+ Sports Modes, Health Suite (Jet Black)","Pebble Cosmos luxe 1.36"" AMOLED Always-on Display Bluetooth calling Smartwatch",Pebble,smart_watch,72.73,30,102.73
B08VS3YLRK,"Portronics Adapto 20 Type C 20W Fast PD/Type C Adapter Charger with Fast Charging for iPhone 12/12 Pro/12 Mini/12 Pro Max/11/XS/XR/X/8/Plus, iPad Pro/Air/Mini, Galaxy 10/9/8 (Adapter Only) White",APPLE iPhone 12 Mini 5G (White 64 GB),APPLE,mobiles,72.73,30,102.73
B0B2DJDCPX,"SWAPKART Fast Charging Cable and Data Sync USB Cable Compatible for iPhone 6/6S/7/7+/8/8+/10/11, 12, 13 Pro max iPad Air/Mini, iPod and iOS Devices (White)",APPLE iPhone 12 Mini 5G (White 64 GB),APPLE,mobiles,72.73,30,102.73
B07YY1BY5B,"Noise ColorFit Pro 2 Full Touch Control Smart Watch with 35g Weight & Upgraded LCD Display,IP68 Waterproof,Heart Rate Monitor,Sleep & Step Tracker,Call & Message Alerts & Long Battery Life (Jet Black)",Noise ColorFit Pro 2 Oxy Smartwatch,Noise,smart_watch,72.73,30,102.73
B0B9XN9S3W,Acer 80 cm (32 inches) N Series HD Ready TV AR32NSV53HD (Black),HUIDI 80 cm (32 inch) HD Ready LED TV,HUIDI,tv,72.73,30,102.73
B0B9XLX8VR,VU 139 cm (55 inches) The GloLED Series 4K Smart LED Google TV 55GloLED (Grey),LG 139.7 cm (55 inch) Ultra HD (4K) LED Smart TV,LG,tv,72.46,30,102.46
B0B9XLX8VR,VU 139 cm (55 inches) The GloLED Series 4K Smart LED Google TV 55GloLED (Grey),LG 139.7 cm (55 inch) Ultra HD (4K) LED Smart TV,LG,tv,72.46,30,102.46
B0B86CDHL1,"oraimo 65W Type C to C Fast Charging Cable USB C to USB C Cable High Speed Syncing, Nylon Braided 1M length with LED Indicator Compatible For Laptop, Macbook, Samsung Galaxy S22 S20 S10 S20Fe S21 S21 Ultra A70 A51 A71 A50S M31 M51 M31S M53 5G",SAMSUNG Galaxy S21 FE 5G (White 128 GB),SAMSUNG,mobiles,72.41,30,102.41
B0B86CDHL1,"oraimo 65W Type C to C Fast Charging Cable USB C to USB C Cable High Speed Syncing, Nylon Braided 1M length with LED Indicator Compatible For Laptop, Macbook, Samsung Galaxy S22 S20 S10 S20Fe S21 S21 Ultra A70 A51 A71 A50S M31 M51 M31S M53 5G",SAMSUNG Galaxy S21 FE 5G (Olive 128 GB),SAMSUNG,mobiles,72.41,30,102.41
B0B86CDHL1,"oraimo 65W Type C to C Fast Charging Cable USB C to USB C Cable High Speed Syncing, Nylon Braided 1M length with LED Indicator Compatible For Laptop, Macbook, Samsung Galaxy S22 S20 S10 S20Fe S21 S21 Ultra A70 A51 A71 A50S M31 M51 M31S M53 5G",SAMSUNG Galaxy S21 FE 5G (White 128 GB),SAMSUNG,mobiles,72.41,30,102.41
B0B86CDHL1,"oraimo 65W Type C to C Fast Charging Cable USB C to USB C Cable High Speed Syncing, Nylon Braided 1M length with LED Indicator Compatible For Laptop, Macbook, Samsung Galaxy S22 S20 S10 S20Fe S21 S21 Ultra A70 A51 A71 A50S M31 M51 M31S M53 5G",SAMSUNG Galaxy S21 FE 5G (Olive 128 GB),SAMSUNG,mobiles,72.41,30,102.41
B08V9C4B1J,"Synqe Type C to Type C Short Fast Charging 60W Cable Compatible with Samsung Galaxy Z Fold3 5G, Z Flip3 5G, S22 5G, S22 Ultra, S21, S20, S20FE, A52, A73, A53 (0.25M, Black)",SAMSUNG Galaxy S21 FE 5G (Olive 128 GB),SAMSUNG,mobiles,72.41,30,102.41
B08NW8GHCJ,"Synqe USB C to USB C 60W Nylon Braided Fast Charging Type C to Type C Cable Compatible with Samsung Galaxy Note 20/Ultra, S20 S22 S21 S20 FE A73 A53 A33 (2M, Black)",SAMSUNG Galaxy S21 FE 5G (White 128 GB),SAMSUNG,mobiles,72.41,30,102.41
B08NW8GHCJ,"Synqe USB C to USB C 60W Nylon Braided Fast Charging Type C to Type C Cable Compatible with Samsung Galaxy Note 20/Ultra, S20 S22 S21 S20 FE A73 A53 A33 (2M, Black)",SAMSUNG Galaxy S21 FE 5G (Olive 128 GB),SAMSUNG,mobiles,72.41,30,102.41
B08V9C4B1J,"Synqe Type C to Type C Short Fast Charging 60W Cable Compatible with Samsung Galaxy Z Fold3 5G, Z Flip3 5G, S22 5G, S22 Ultra, S21, S20, S20FE, A52, A73, A53 (0.25M, Black)",SAMSUNG Galaxy S21 FE 5G (White 128 GB),SAMSUNG,mobiles,72.41,30,102.41
B0BGSV43WY,"Noise ColorFit Pro 4 Alpha Bluetooth Calling Smart Watch with 1.78 AMOLED Display, Tru Sync, 60hz Refresh Rate, instacharge, Gesture Control, Functional 360 Digital Crown (Jet Black)",Noise ColorFit Vision 2 with 1.78'' Always on AMOLED Display Smartwatch,Noise,smart_watch,72.22,30,102.22
B0B4F4QZ1H,"Samsung Galaxy M13 5G (Stardust Brown, 6GB, 128GB Storage) | 5000mAh Battery | Upto 12GB RAM with RAM Plus",SAMSUNG Galaxy S22 Plus 5G (Green 128 GB),SAMSUNG,mobiles,72.13,30,102.13
B0B14MR9L1,"Samsung Galaxy M33 5G (Emerald Brown, 6GB, 128GB Storage) | 6000mAh Battery | Upto 12GB RAM with RAM Plus | Travel Adapter to be Purchased Separately",SAMSUNG Galaxy S22 Plus 5G (Green 128 GB),SAMSUNG,mobiles,72.13,30,102.13
B09TWH8YHM,"Samsung Galaxy M33 5G (Emerald Brown, 6GB, 128GB Storage) | 6000mAh Battery | Upto 12GB RAM with RAM Plus | Travel Adapter to be Purchased Separately",SAMSUNG Galaxy S22 Plus 5G (Green 128 GB),SAMSUNG,mobiles,72.13,30,102.13
B0BBN3WF7V,"Redmi A1 (Light Green, 2GB RAM 32GB ROM) | Segment Best AI Dual Cam | 5000mAh Battery | Leather Texture Design | Android 12",REDMI A1+ (Light Blue 32 GB),REDMI,mobiles,71.79,30,101.79
B09NY7W8YD,"POCO C31 (Shadow Gray, 64 GB) (4 GB RAM)",POCO C31 (Royal Blue 64 GB),POCO,mobiles,71.79,30,101.79
B08VB2CMR3,"OPPO A74 5G (Fluid Black, 6GB RAM, 128GB Storage) with No Cost EMI/Additional Exchange Offers",OPPO F19 Pro+ 5G (Fluid Black 128 GB),OPPO,mobiles,71.7,30,101.7
B09HV71RL1,"Wayona Type C to Lightning MFI Certified 20W Fast charging Nylon Braided USB C Cable for iPhone 14 Pro, 14 Pro Max, 14, 14 Plus, 13, 13 Pro, 13 Pro Max, 13 Mini, 12, 12 Pro, 11, 11 Pro Max, iPhone 12 Mini (2M, Black)",APPLE iPhone 12 Mini 5G (Black 128 GB),APPLE,mobiles,71.43,30,101.43
B09HV71RL1,"Wayona Type C to Lightning MFI Certified 20W Fast charging Nylon Braided USB C Cable for iPhone 14 Pro, 14 Pro Max, 14, 14 Plus, 13, 13 Pro, 13 Pro Max, 13 Mini, 12, 12 Pro, 11, 11 Pro Max, iPhone 12 Mini (2M, Black)",APPLE iPhone 11 (Black 64 GB),APPLE,mobiles,71.43,30,101.43
B09G5TSGXV,"Hi-Mobiler iPhone Charger Lightning Cable,2 Pack Apple MFi Certified USB iPhone Fast Chargering Cord,Data Sync Transfer for 13/12/11 Pro Max Xs X XR 8 7 6 5 5s iPad iPod More Model Cell Phone Cables",APPLE iPhone 11 (White 64 GB),APPLE,mobiles,71.43,30,101.43
B09G5TSGXV,"Hi-Mobiler iPhone Charger Lightning Cable,2 Pack Apple MFi Certified USB iPhone Fast Chargering Cord,Data Sync Transfer for 13/12/11 Pro Max Xs X XR 8 7 6 5 5s iPad iPod More Model Cell Phone Cables",APPLE iPhone 11 (Green 64 GB),APPLE,mobiles,71.43,30,101.43
B0B2DJDCPX,"SWAPKART Fast Charging Cable and Data Sync USB Cable Compatible for iPhone 6/6S/7/7+/8/8+/10/11, 12, 13 Pro max iPad Air/Mini, iPod and iOS Devices (White)",APPLE iPhone 11 (White 64 GB),APPLE,mobiles,71.43,30,101.43
B08VS3YLRK,"Portronics Adapto 20 Type C 20W Fast PD/Type C Adapter Charger with Fast Charging for iPhone 12/12 Pro/12 Mini/12 Pro Max/11/XS/XR/X/8/Plus, iPad Pro/Air/Mini, Galaxy 10/9/8 (Adapter Only) White",APPLE iPhone 12 Mini 5G (White 128 GB),APPLE,mobiles,71.43,30,101.43
B0B2DJDCPX,"SWAPKART Fast Charging Cable and Data Sync USB Cable Compatible for iPhone 6/6S/7/7+/8/8+/10/11, 12, 13 Pro max iPad Air/Mini, iPod and iOS Devices (White)",APPLE iPhone 12 Mini 5G (White 128 GB),APPLE,mobiles,71.43,30,101.43
B0B2DJDCPX,"SWAPKART Fast Charging Cable and Data Sync USB Cable Compatible for iPhone 6/6S/7/7+/8/8+/10/11, 12, 13 Pro max iPad Air/Mini, iPod and iOS Devices (White)",APPLE iPhone 11 (White 64 GB),APPLE,mobiles,71.43,30,101.43
B09T37CKQ5,"FLiX Usb Charger,Flix (Beetel) Bolt 2.4 Dual Poart,5V/2.4A/12W Usb Wall Charger Fast Charging,Adapter For Android/Iphone 11/Xs/Xs Max/Xr/X/8/7/6/Plus,Ipad Pro/Air 2/Mini 3/4,Samsung S4/S5 & More-Black",APPLE iPhone 11 (Black 64 GB),APPLE,mobiles,71.43,30,101.43
B08VS3YLRK,"Portronics Adapto 20 Type C 20W Fast PD/Type C Adapter Charger with Fast Charging for iPhone 12/12 Pro/12 Mini/12 Pro Max/11/XS/XR/X/8/Plus, iPad Pro/Air/Mini, Galaxy 10/9/8 (Adapter Only) White",APPLE iPhone 11 (White 64 GB),APPLE,mobiles,71.43,30,101.43
B086JTMRYL,"ESR USB C to Lightning Cable, 10 ft (3 m), MFi-Certified, Braided Nylon Power Delivery Fast Charging for iPhone 14/14 Plus/14 Pro/14 Pro Max, iPhone 13/12/11/X/8 Series, Use with Type-C Chargers, Black",APPLE iPhone 11 (Black 64 GB),APPLE,mobiles,71.43,30,101.43
B0B2DJDCPX,"SWAPKART Fast Charging Cable and Data Sync USB Cable Compatible for iPhone 6/6S/7/7+/8/8+/10/11, 12, 13 Pro max iPad Air/Mini, iPod and iOS Devices (White)",APPLE iPhone 12 Mini 5G (White 128 GB),APPLE,mobiles,71.43,30,101.43
B0BP18W8TM,"Fire-Boltt Gladiator 1.96"" Biggest Display Smart Watch with Bluetooth Calling, Voice Assistant &123 Sports Modes, 8 Unique UI Interactions, SpO2, 24/7 Heart Rate Tracking","boAt Wave Connect with Bluetooth Calling Voice Assistant and 1.69"" HD Display Smartwatch",boAt,smart_watch,71.11,30,101.11
B0BC8BQ432,VU 164 cm (65 inches) The GloLED Series 4K Smart LED Google TV 65GloLED (Grey),Vu GloLED 108 cm (43 inch) Ultra HD (4K) LED Smart Google TV with DJ Subwoofer 84W,Vu,tv,71.05,30,101.05
B0B9XLX8VR,VU 139 cm (55 inches) The GloLED Series 4K Smart LED Google TV 55GloLED (Grey),Vu GloLED 108 cm (43 inch) Ultra HD (4K) LED Smart Google TV with DJ Subwoofer 84W,Vu,tv,71.05,30,101.05
B09YV575RK,"Fire-Boltt Ring Pro Bluetooth Calling, 1.75” 320*385px High Res, IP68 & SpO2 Monitoring, Pin Code Locking Functionality & Split Screen Access, Built in Mic & Speaker for HD Calls, Black, Free Size","Fire-Boltt Talk Bluetooth Calling 1.32"" HD Display Smartwatch",Fire-Boltt,smart_watch,70.97,30,100.97
B0BD92GDQH,"OnePlus Nord Watch with 1.78” AMOLED Display, 60 Hz Refresh Rate, 105 Fitness Modes, 10 Days Battery, SPO2, Heart Rate, Stress Monitor, Women Health Tracker & Multiple Watch Face [Midnight Black]","Mivi Model E with 1.69"" Display 7-Day Battery Life  Spo2 Heart Rate Monitor. Smartwatch",Mivi,smart_watch,70.77,30,100.77
B08RX8G496,"LRIPL Mi Remote Control with Netflix & Prime Video Button Compatible for Mi 4X LED Android Smart TV 4A Remote Control (32""/43"") with Voice Command (Pairing Required)",Mi 4X 108 cm (43 inch) Ultra HD (4K) LED Smart Android TV,Mi,tv,70.73,30,100.73
B08RX8G496,"LRIPL Mi Remote Control with Netflix & Prime Video Button Compatible for Mi 4X LED Android Smart TV 4A Remote Control (32""/43"") with Voice Command (Pairing Required)",Mi 4A Pro 108 cm (43 inch) Full HD LED Smart Android TV,Mi,tv,70.73,30,100.73
B09B125CFJ,7SEVEN® Compatible for Mi tv Remote Control Original Suitable with Smart Android 4K LED Non Voice Command Xiaomi Redmi Remote of 4A Model 32 43 55 65 inches,Mi 4X 108 cm (43 inch) Ultra HD (4K) LED Smart Android TV,Mi,tv,70.73,30,100.73
B09B125CFJ,7SEVEN® Compatible for Mi tv Remote Control Original Suitable with Smart Android 4K LED Non Voice Command Xiaomi Redmi Remote of 4A Model 32 43 55 65 inches,Mi 4A Pro 108 cm (43 inch) Full HD LED Smart Android TV,Mi,tv,70.73,30,100.73
B09B125CFJ,7SEVEN® Compatible for Mi tv Remote Control Original Suitable with Smart Android 4K LED Non Voice Command Xiaomi Redmi Remote of 4A Model 32 43 55 65 inches,Mi 4X 108 cm (43 inch) Ultra HD (4K) LED Smart Android TV,Mi,tv,70.73,30,100.73
B08RX8G496,"LRIPL Mi Remote Control with Netflix & Prime Video Button Compatible for Mi 4X LED Android Smart TV 4A Remote Control (32""/43"") with Voice Command (Pairing Required)",Mi 4X 108 cm (43 inch) Ultra HD (4K) LED Smart Android TV,Mi,tv,70.73,30,100.73
B09T2WRLJJ,"Redmi Note 11 Pro + 5G (Phantom White, 8GB RAM, 128GB Storage) | 67W Turbo Charge | 120Hz Super AMOLED Display | Additional Exchange Offers | Charger Included",REDMI Note 11 SE (Cosmic White 64 GB),REDMI,mobiles,70.37,30,100.37
B09BNXQ6BR,"Noise ColorFit Ultra SE Smart Watch with 1.75""(4.3cm) HD Display, Aluminium Alloy Body, 60 Sports Modes, Spo2, Lightweight, Stock Market Info, Calls & SMS Reply (Vintage Brown)",Noise ColorFit Caliber Go with 1.69 inch HD Display 40 Sports Modes 150+ Watch Faces Smartwatch,Noise,smart_watch,70.34,30,100.34
B094JB13XL,"Noise ColorFit Ultra Smart Watch with 1.75"" HD Display, Aluminium Alloy Body, 60 Sports Modes, Spo2, Lightweight, Stock Market Info, Calls & SMS Reply (Space Blue)",Noise ColorFit Caliber Go with 1.69 inch HD Display 40 Sports Modes 150+ Watch Faces Smartwatch,Noise,smart_watch,70.34,30,100.34
B08VB57558,"Samsung Galaxy S20 FE 5G (Cloud Navy, 8GB RAM, 128GB Storage) with No Cost EMI & Additional Exchange Offers",SAMSUNG Galaxy S21 FE 5G (White 128 GB),SAMSUNG,mobiles,70.18,30,100.18
B08VB57558,"Samsung Galaxy S20 FE 5G (Cloud Navy, 8GB RAM, 128GB Storage) with No Cost EMI & Additional Exchange Offers",SAMSUNG Galaxy S21 FE 5G (Olive 128 GB),SAMSUNG,mobiles,70.18,30,100.18
B0B86CDHL1,"oraimo 65W Type C to C Fast Charging Cable USB C to USB C Cable High Speed Syncing, Nylon Braided 1M length with LED Indicator Compatible For Laptop, Macbook, Samsung Galaxy S22 S20 S10 S20Fe S21 S21 Ultra A70 A51 A71 A50S M31 M51 M31S M53 5G",SAMSUNG Galaxy S22 Plus 5G (Green 128 GB),SAMSUNG,mobiles,70.0,30,100.0
B0B86CDHL1,"oraimo 65W Type C to C Fast Charging Cable USB C to USB C Cable High Speed Syncing, Nylon Braided 1M length with LED Indicator Compatible For Laptop, Macbook, Samsung Galaxy S22 S20 S10 S20Fe S21 S21 Ultra A70 A51 A71 A50S M31 M51 M31S M53 5G",SAMSUNG Galaxy S22 Plus 5G (Green 128 GB),SAMSUNG,mobiles,70.0,30,100.0
B0BBN4DZBD,"Redmi A1 (Light Blue, 2GB RAM, 32GB Storage) | Segment Best AI Dual Cam | 5000mAh Battery | Leather Texture Design | Android 12",REDMI A1 (Light Green 32 GB),REDMI,mobiles,70.0,30,100.0
B09T37CKQ5,"FLiX Usb Charger,Flix (Beetel) Bolt 2.4 Dual Poart,5V/2.4A/12W Usb Wall Charger Fast Charging,Adapter For Android/Iphone 11/Xs/Xs Max/Xr/X/8/7/6/Plus,Ipad Pro/Air 2/Mini 3/4,Samsung S4/S5 & More-Black",APPLE iPhone 11 (Black 128 GB),APPLE,mobiles,69.77,30,99.77
B0B8CHJLWJ,Kyosei Advanced Tempered Glass Compatible with Google Pixel 6a with Military-Grade Anti-Explosion Edge-to-Edge Coverage Screen Protector Guard,Google Pixel 6a (Chalk 128 GB),Google,mobiles,69.77,30,99.77
B086JTMRYL,"ESR USB C to Lightning Cable, 10 ft (3 m), MFi-Certified, Braided Nylon Power Delivery Fast Charging for iPhone 14/14 Plus/14 Pro/14 Pro Max, iPhone 13/12/11/X/8 Series, Use with Type-C Chargers, Black",APPLE iPhone 11 (Black 128 GB),APPLE,mobiles,69.77,30,99.77
B09TWH8YHM,"Samsung Galaxy M33 5G (Emerald Brown, 6GB, 128GB Storage) | 6000mAh Battery | Upto 12GB RAM with RAM Plus | Travel Adapter to be Purchased Separately",SAMSUNG GALAXY M13 5G (?Stardust Brown 128 GB),SAMSUNG,mobiles,69.7,30,99.7
B0B14MR9L1,"Samsung Galaxy M33 5G (Emerald Brown, 6GB, 128GB Storage) | 6000mAh Battery | Upto 12GB RAM with RAM Plus | Travel Adapter to be Purchased Separately",SAMSUNG GALAXY M13 5G (?Stardust Brown 128 GB),SAMSUNG,mobiles,69.7,30,99.7
B0B298D54H,Prolet Classic Bumper Case Cover for Samsung Galaxy Watch 4 44mm TPU Plated Full Screen Protector (Black),SAMSUNG Galaxy Watch4 Classic Bluetooth (4.6cm),SAMSUNG,smart_watch,69.57,30,99.57
B0B5LVS732,"Noise Pulse Go Buzz Smart Watch Bluetooth Calling with 1.69"" Display, 550 NITS, 150+ Cloud Watch Face, SPo2, Heart Rate Tracking, 100 Sports Mode with Auto Detection, Longer Battery (Jet Black)","Noise ColorFit Caliber Smart Watch with 15-day battery 1.69"" display 60 Sports Modes Smartwatch",Noise,smart_watch,69.44,30,99.44
B0B5LVS732,"Noise Pulse Go Buzz Smart Watch Bluetooth Calling with 1.69"" Display, 550 NITS, 150+ Cloud Watch Face, SPo2, Heart Rate Tracking, 100 Sports Mode with Auto Detection, Longer Battery (Jet Black)","Noise ColorFit Caliber Smart Watch with 15-day battery 1.69"" display 60 Sports Modes Smartwatch",Noise,smart_watch,69.44,30,99.44
B0BNV7JM5Y,"boAt Newly Launched Wave Electra with 1.81"" HD Display, Smart Calling with Ultra-Seamless BT Calling Chip,20 Built-In Watch Faces,100 + Sports Modes,Menu Personalization,In-Built Games(Charcoal Black)","Gizmore GizFit Ultra BT Calling Smartwatch With 1.69"" HD Display| 60+ Sports Mode Smartwatch",Gizmore,smart_watch,68.91,30,98.91
B0BNVBJW2S,"boAt Newly Launched Wave Electra with 1.81"" HD Display, Smart Calling Ultra-Seamless BT Calling Chip, 20 Built-in Watch Faces, 100 + Sports Modes, Menu Personalization, in-Built Games(Cherry Blossom)","Gizmore GizFit Ultra BT Calling Smartwatch With 1.69"" HD Display| 60+ Sports Mode Smartwatch",Gizmore,smart_watch,68.91,30,98.91
B09ZQK9X8G,"Noise ColorFit Pro 4 Advanced Bluetooth Calling Smart Watch with 1.72"" TruView Display, Fully-Functional Digital Crown, 311 PPI, 60Hz Refresh Rate, 500 NITS Brightness (Charcoal Black)",Fitshot Crystal 1.8inch AMOLED Display with bluetooth calling 560 nits brightness Smartwatch,Fitshot,smart_watch,68.57,30,98.57
B09ZQK9X8G,"Noise ColorFit Pro 4 Advanced Bluetooth Calling Smart Watch with 1.72"" TruView Display, Fully-Functional Digital Crown, 311 PPI, 60Hz Refresh Rate, 500 NITS Brightness (Charcoal Black)",Fitshot Crystal 1.8inch AMOLED Display with bluetooth calling 560 nits brightness Smartwatch,Fitshot,smart_watch,68.57,30,98.57
B09ZQK9X8G,"Noise ColorFit Pro 4 Advanced Bluetooth Calling Smart Watch with 1.72"" TruView Display, Fully-Functional Digital Crown, 311 PPI, 60Hz Refresh Rate, 500 NITS Brightness (Charcoal Black)",Fitshot Crystal 1.8inch AMOLED Display with bluetooth calling 560 nits brightness Smartwatch,Fitshot,smart_watch,68.57,30,98.57
B09ZQK9X8G,"Noise ColorFit Pro 4 Advanced Bluetooth Calling Smart Watch with 1.72"" TruView Display, Fully-Functional Digital Crown, 311 PPI, 60Hz Refresh Rate, 500 NITS Brightness (Charcoal Black)",Fitshot Crystal 1.8inch AMOLED Display with bluetooth calling 560 nits brightness Smartwatch,Fitshot,smart_watch,68.57,30,98.57
B09GFPN6TP,"Redmi 9A Sport (Coral Green, 3GB RAM, 32GB Storage) | 2GHz Octa-core Helio G25 Processor | 5000 mAh Battery",Redmi 9A (Nature Green 32 GB),Redmi,mobiles,68.29,30,98.29
B09GFLXVH9,"Redmi 9A Sport (Coral Green, 2GB RAM, 32GB Storage) | 2GHz Octa-core Helio G25 Processor | 5000 mAh Battery",Redmi 9A (Nature Green 32 GB),Redmi,mobiles,68.29,30,98.29
B0BMM7R92G,Noise_Colorfit Smart Watch Charger 2 Pin USB Fast Charger Magnetic Charging Cable Adapter (Smart Watch Charger 2 pin),Noise ColorFit Pro 2 Smartwatch,Noise,smart_watch,68.09,30,98.09
B0B5LVS732,"Noise Pulse Go Buzz Smart Watch Bluetooth Calling with 1.69"" Display, 550 NITS, 150+ Cloud Watch Face, SPo2, Heart Rate Tracking, 100 Sports Mode with Auto Detection, Longer Battery (Jet Black)","Hammer Pulse Ace Pro 1.81"" Large HD Display Bluetooth calling with Multiple Sports Mode Smartwatch",Hammer,smart_watch,68.03,30,98.03
B0B5LVS732,"Noise Pulse Go Buzz Smart Watch Bluetooth Calling with 1.69"" Display, 550 NITS, 150+ Cloud Watch Face, SPo2, Heart Rate Tracking, 100 Sports Mode with Auto Detection, Longer Battery (Jet Black)","Hammer Pulse Ace Pro 1.81"" Large HD Display Bluetooth calling with Multiple Sports Mode Smartwatch",Hammer,smart_watch,68.03,30,98.03
B09QS9X9L8,"Redmi Note 11 (Horizon Blue, 6GB RAM, 64GB Storage)|90Hz FHD+ AMOLED Display | Qualcomm® Snapdragon™ 680-6nm | 33W Charger Included",REDMI Note 11 SE (Bifrost Blue 64 GB),REDMI,mobiles,67.92,30,97.92
B09QS9CWLV,"Redmi Note 11 (Horizon Blue, 6GB RAM, 64GB Storage)|90Hz FHD+ AMOLED Display | Qualcomm® Snapdragon™ 680-6nm | 33W Charger Included",REDMI Note 11 SE (Bifrost Blue 64 GB),REDMI,mobiles,67.92,30,97.92
B09PLFJ7ZW,"Noise Pulse Buzz 1.69"" Bluetooth Calling Smart Watch with Call Function, 150 Watch Faces, 60 Sports Modes, Spo2 & Heart Rate Monitoring, Calling Smart Watch for Men & Women - Rose Pink",Fire-Boltt Ninja Call 2 (1.7 inch) Bluetooth Calling with 27 Sports Modes Smartwatch,Fire-Boltt,smart_watch,67.74,30,97.74
B09P18XVW6,"Noise Pulse Buzz 1.69"" Bluetooth Calling Smart Watch with Call Function, 150 Watch Faces, 60 Sports Modes, Spo2 & Heart Rate Monitoring, Calling Smart Watch for Men & Women - Jet Black",Fire-Boltt Ninja Call 2 (1.7 inch) Bluetooth Calling with 27 Sports Modes Smartwatch,Fire-Boltt,smart_watch,67.74,30,97.74
B09NVPJ3P4,"Noise ColorFit Pulse Grand Smart Watch with 1.69""(4.29cm) HD Display, 60 Sports Modes, 150 Watch Faces, Fast Charge, Spo2, Stress, Sleep, Heart Rate Monitoring & IP68 Waterproof (Electric Blue)",CrossBeats IGNITE CRUX 1.69 HD Display Spo2 & HR monitoring 200+ Watch Faces Smartwatch,CrossBeats,smart_watch,67.72,30,97.72
B09PNKXSKF,"Noise ColorFit Pulse Grand Smart Watch with 1.69"" HD Display, 60 Sports Modes, 150 Watch Faces, Spo2 Monitoring, Call Notification, Quick Replies to Text & Calls (Rose Pink)",CrossBeats IGNITE CRUX 1.69 HD Display Spo2 & HR monitoring 200+ Watch Faces Smartwatch,CrossBeats,smart_watch,67.72,30,97.72
B09NVPSCQT,"Noise ColorFit Pulse Grand Smart Watch with 1.69""(4.29cm) HD Display, 60 Sports Modes, 150 Watch Faces, Fast Charge, Spo2, Stress, Sleep, Heart Rate Monitoring & IP68 Waterproof (Jet Black)",CrossBeats IGNITE CRUX 1.69 HD Display Spo2 & HR monitoring 200+ Watch Faces Smartwatch,CrossBeats,smart_watch,67.72,30,97.72
B09NVPSCQT,"Noise ColorFit Pulse Grand Smart Watch with 1.69""(4.29cm) HD Display, 60 Sports Modes, 150 Watch Faces, Fast Charge, Spo2, Stress, Sleep, Heart Rate Monitoring & IP68 Waterproof (Jet Black)",CrossBeats IGNITE CRUX 1.69 HD Display Spo2 & HR monitoring 200+ Watch Faces Smartwatch,CrossBeats,smart_watch,67.72,30,97.72
B09RKFBCV7,"Fire-Boltt Ninja Calling 1.69"" Bluetooth Calling Smart Watch, Dial Pad, Speaker, AI Voice Assistant with 450 NITS Peak Brightness, Wrist Gaming & 100+ Watch Faces with SpO2, HR, Multiple Sports Mode","alt OG Bluetooth Calling 1.69"" HD Display with AI Voice Assistant Built-in Games Smartwatch",alt,smart_watch,67.65,30,97.65
B0BBVKRP7B,SHREENOVA ID116 Plus Bluetooth Fitness Smart Watch for Men Women and Kids Activity Tracker (Black),HAKEX ID116 Smart Fitness Band for Boys Girls Men Women & Kids | Sports Gym Watch Smartwatch,HAKEX,smart_watch,67.39,30,97.39
B0BNVBJW2S,"boAt Newly Launched Wave Electra with 1.81"" HD Display, Smart Calling Ultra-Seamless BT Calling Chip, 20 Built-in Watch Faces, 100 + Sports Modes, Menu Personalization, in-Built Games(Cherry Blossom)",boAt Wave Arcade with 1.81 inch HD Display and Bluetooth Calling Smartwatch,boAt,smart_watch,67.26,30,97.26
B0BNV7JM5Y,"boAt Newly Launched Wave Electra with 1.81"" HD Display, Smart Calling with Ultra-Seamless BT Calling Chip,20 Built-In Watch Faces,100 + Sports Modes,Menu Personalization,In-Built Games(Charcoal Black)",boAt Wave Arcade with 1.81 inch HD Display and Bluetooth Calling Smartwatch,boAt,smart_watch,67.26,30,97.26
B0B5LVS732,"Noise Pulse Go Buzz Smart Watch Bluetooth Calling with 1.69"" Display, 550 NITS, 150+ Cloud Watch Face, SPo2, Heart Rate Tracking, 100 Sports Mode with Auto Detection, Longer Battery (Jet Black)",Bashaam A534_A1 PRO HEART RATE BLUETOOTH SMART WATCH BLACK(PACK OF 1) Smartwatch,Bashaam,smart_watch,67.23,30,97.23
B09P18XVW6,"Noise Pulse Buzz 1.69"" Bluetooth Calling Smart Watch with Call Function, 150 Watch Faces, 60 Sports Modes, Spo2 & Heart Rate Monitoring, Calling Smart Watch for Men & Women - Jet Black",Bashaam A534_A1 PRO HEART RATE BLUETOOTH SMART WATCH BLACK(PACK OF 1) Smartwatch,Bashaam,smart_watch,67.23,30,97.23
B0B5LVS732,"Noise Pulse Go Buzz Smart Watch Bluetooth Calling with 1.69"" Display, 550 NITS, 150+ Cloud Watch Face, SPo2, Heart Rate Tracking, 100 Sports Mode with Auto Detection, Longer Battery (Jet Black)",Bashaam A534_A1 PRO HEART RATE BLUETOOTH SMART WATCH BLACK(PACK OF 1) Smartwatch,Bashaam,smart_watch,67.23,30,97.23
B086JTMRYL,"ESR USB C to Lightning Cable, 10 ft (3 m), MFi-Certified, Braided Nylon Power Delivery Fast Charging for iPhone 14/14 Plus/14 Pro/14 Pro Max, iPhone 13/12/11/X/8 Series, Use with Type-C Chargers, Black",APPLE iPhone 12 5G (Black 64 GB),APPLE,mobiles,66.67,30,96.67
B0BF54972T,"Fire-Boltt Ninja Call Pro Plus 1.83"" Smart Watch with Bluetooth Calling, AI Voice Assistance, 100 Sports Modes IP67 Rating, 240*280 Pixel High Resolution","Fire-Boltt Talk Bluetooth Calling 1.32"" HD Display Smartwatch",Fire-Boltt,smart_watch,66.67,30,96.67
B09C635BMM,Cotbolt Silicone Case Cover Compatible for Samsung BN59-01312A QLED 8K 4K Smart TV Remote Shockproof Protective Remote Cover (Black),SAMSUNG 138 cm (55 inch) QLED Ultra HD (4K) Smart TV,SAMSUNG,tv,66.67,30,96.67
B09LHYZ3GJ,"Redmi Note 11T 5G (Matte Black, 6GB RAM, 128GB ROM)| Dimensity 810 5G | 33W Pro Fast Charging | Charger Included | Additional Exchange Offers|Get 2 Months of YouTube Premium Free!",REDMI Note 10T 5G (Graphite Black 64 GB),REDMI,mobiles,66.67,30,96.67
B09RKFBCV7,"Fire-Boltt Ninja Calling 1.69"" Bluetooth Calling Smart Watch, Dial Pad, Speaker, AI Voice Assistant with 450 NITS Peak Brightness, Wrist Gaming & 100+ Watch Faces with SpO2, HR, Multiple Sports Mode","Fire-Boltt Talk Bluetooth Calling 1.32"" HD Display Smartwatch",Fire-Boltt,smart_watch,66.67,30,96.67
B0972BQ2RS,"Fire-Boltt India's No 1 Smartwatch Brand Ring Bluetooth Calling with SpO2 & 1.7” Metal Body with Blood Oxygen Monitoring, Continuous Heart Rate, Full Touch & Multiple Watch Faces",Boult Drift Bluetooth Calling 1.69inch HD Display Smartwatch,Boult,smart_watch,66.67,30,96.67
B09QS8V5N8,"Redmi Note 11 (Space Black, 4GB RAM, 64GB Storage)|90Hz FHD+ AMOLED Display | Qualcomm® Snapdragon™ 680-6nm | 33W Charger Included",REDMI Note 11 Pro (Stealth Black 128 GB),REDMI,mobiles,66.67,30,96.67
B0BF54LXW6,"Fire-Boltt Ninja Call Pro Plus 1.83"" Smart Watch with Bluetooth Calling, AI Voice Assistance, 100 Sports Modes IP67 Rating, 240*280 Pixel High Resolution","Fire-Boltt Talk Bluetooth Calling 1.32"" HD Display Smartwatch",Fire-Boltt,smart_watch,66.67,30,96.67
B0B3RSDSZ3,"Fire-Boltt Phoenix Smart Watch with Bluetooth Calling 1.3"",120+ Sports Modes, 240*240 PX High Res with SpO2, Heart Rate Monitoring & IP67 Rating","Fire-Boltt Talk Bluetooth Calling 1.32"" HD Display Smartwatch",Fire-Boltt,smart_watch,66.67,30,96.67
B0BNXFDTZ2,"Fire-Boltt Tank 1.85"" Bluetooth Calling Smart Watch, 123 Sports Mode, 8 UI Interactions, Built in Speaker & Mic, 7 Days Battery & Fire-Boltt Health Suite","Fire-Boltt Talk Bluetooth Calling 1.32"" HD Display Smartwatch",Fire-Boltt,smart_watch,66.67,30,96.67
B09TBCVJS3,"Amazfit GTS2 Mini (New Version) Smart Watch with Always-on AMOLED Display, Alexa Built-in, SpO2, 14 Days' Battery Life, 68 Sports Modes, GPS, HR, Sleep & Stress Monitoring (Meteor Black)","boAt Wave Select with 1.69"" HD Display upto 10 Days Battery HR & SpO2 Monitoring Smartwatch",boAt,smart_watch,66.67,30,96.67
B0B3RRWSF6,"Fire-Boltt Phoenix Smart Watch with Bluetooth Calling 1.3"",120+ Sports Modes, 240*240 PX High Res with SpO2, Heart Rate Monitoring & IP67 Rating","Fire-Boltt Talk Bluetooth Calling 1.32"" HD Display Smartwatch",Fire-Boltt,smart_watch,66.67,30,96.67
B0B3RRWSF6,"Fire-Boltt Phoenix Smart Watch with Bluetooth Calling 1.3"",120+ Sports Modes, 240*240 PX High Res with SpO2, Heart Rate Monitoring & IP67 Rating","Fire-Boltt Talk Bluetooth Calling 1.32"" HD Display Smartwatch",Fire-Boltt,smart_watch,66.67,30,96.67
B0B3RS9DNF,"Fire-Boltt Phoenix Smart Watch with Bluetooth Calling 1.3"",120+ Sports Modes, 240*240 PX High Res with SpO2, Heart Rate Monitoring & IP67 Rating","Fire-Boltt Talk Bluetooth Calling 1.32"" HD Display Smartwatch",Fire-Boltt,smart_watch,66.67,30,96.67
B0B2DD8BQ8,Wipro Vesta Grill 1000 Watt Sandwich Maker |Dual function-SW Maker&Griller|Non stick Coat -BPA&PTFE Free |Auto Temp Cut-off| Height Control -180ᶿ&105ᶿ |2 year warranty|SS Finish|Standard size,Nokia 105 SS,Nokia,mobiles,66.67,30,96.67
B0BF57RN3K,"Fire-Boltt Ninja Call Pro Plus 1.83"" Smart Watch with Bluetooth Calling, AI Voice Assistance, 100 Sports Modes IP67 Rating, 240*280 Pixel High Resolution","Fire-Boltt Talk Bluetooth Calling 1.32"" HD Display Smartwatch",Fire-Boltt,smart_watch,66.67,30,96.67
B09QS9X16F,"Redmi Note 11 (Space Black, 6GB RAM, 64GB Storage) | 90Hz FHD+ AMOLED Display | Qualcomm® Snapdragon™ 680-6nm | 33W Charger Included",REDMI Note 11 Pro (Stealth Black 128 GB),REDMI,mobiles,66.67,30,96.67
B0BF4YBLPX,"Fire-Boltt Ninja Call Pro Plus 1.83"" Smart Watch with Bluetooth Calling, AI Voice Assistance, 100 Sports Modes IP67 Rating, 240*280 Pixel High Resolution","Fire-Boltt Talk Bluetooth Calling 1.32"" HD Display Smartwatch",Fire-Boltt,smart_watch,66.67,30,96.67
B08VB57558,"Samsung Galaxy S20 FE 5G (Cloud Navy, 8GB RAM, 128GB Storage) with No Cost EMI & Additional Exchange Offers",SAMSUNG Galaxy S21 FE 5G (Lavender 128 GB),SAMSUNG,mobiles,66.67,30,96.67
B09LHYZ3GJ,"Redmi Note 11T 5G (Matte Black, 6GB RAM, 128GB ROM)| Dimensity 810 5G | 33W Pro Fast Charging | Charger Included | Additional Exchange Offers|Get 2 Months of YouTube Premium Free!",Redmi Note 11 PRO Plus 5G (Stealth Black 256 GB),Redmi,mobiles,66.67,30,96.67
B0BF563HB4,"Fire-Boltt Ninja Call Pro Plus 1.83"" Smart Watch with Bluetooth Calling, AI Voice Assistance, 100 Sports Modes IP67 Rating, 240*280 Pixel High Resolution","Fire-Boltt Talk Bluetooth Calling 1.32"" HD Display Smartwatch",Fire-Boltt,smart_watch,66.67,30,96.67
B09YV4RG4D,"Fire-Boltt Ninja 3 Smartwatch Full Touch 1.69 & 60 Sports Modes with IP68, Sp02 Tracking, Over 100 Cloud based watch faces - Black",Noise ColorFit Caliber Go with 1.69 inch HD Display 40 Sports Modes 150+ Watch Faces Smartwatch,Noise,smart_watch,66.06,30,96.06
B09YV4RG4D,"Fire-Boltt Ninja 3 Smartwatch Full Touch 1.69 & 60 Sports Modes with IP68, Sp02 Tracking, Over 100 Cloud based watch faces - Black",Noise ColorFit Caliber Go with 1.69 inch HD Display 40 Sports Modes 150+ Watch Faces Smartwatch,Noise,smart_watch,66.06,30,96.06
B09TWH8YHM,"Samsung Galaxy M33 5G (Emerald Brown, 6GB, 128GB Storage) | 6000mAh Battery | Upto 12GB RAM with RAM Plus | Travel Adapter to be Purchased Separately",SAMSUNG Galaxy M33 5G (Mystique Green 128 GB),SAMSUNG,mobiles,65.62,30,95.62
B0B14MR9L1,"Samsung Galaxy M33 5G (Emerald Brown, 6GB, 128GB Storage) | 6000mAh Battery | Upto 12GB RAM with RAM Plus | Travel Adapter to be Purchased Separately",SAMSUNG Galaxy M33 5G (Mystique Green 128 GB),SAMSUNG,mobiles,65.62,30,95.62
B08PSVBB2X,"Zoul USB C to USB C Fast Charging Cable 65W Type C to Type C Nylon Braided Cord Compatible with Macbook Oneplus 9 10R Samsung Galaxy S22 S21 Ultra Z Flip3 Macbook Air/Pro M1 Google Pixel 11'' iPad Pro 2020/2018 (2M, Grey)",SAMSUNG Galaxy S21 FE 5G (Olive 128 GB),SAMSUNG,mobiles,65.45,30,95.45
B081FJWN52,"Wayona Usb Type C To Usb Nylon Braided Quick Charger Fast Charging Short Cable For Smartphone (Samsung Galaxy S21/S20/S10/S9/S9+/Note 9/S8/Note 8, Lg G7 G5 G6, Moto G6 G7) (0.25M,Grey)",SAMSUNG Galaxy S21 FE 5G (White 128 GB),SAMSUNG,mobiles,65.45,30,95.45
B08PSVBB2X,"Zoul USB C to USB C Fast Charging Cable 65W Type C to Type C Nylon Braided Cord Compatible with Macbook Oneplus 9 10R Samsung Galaxy S22 S21 Ultra Z Flip3 Macbook Air/Pro M1 Google Pixel 11'' iPad Pro 2020/2018 (2M, Grey)",SAMSUNG Galaxy S21 FE 5G (White 128 GB),SAMSUNG,mobiles,65.45,30,95.45
B09LJ116B5,"Redmi Note 11T 5G (Aquamarine Blue, 6GB RAM, 128GB ROM)| Dimensity 810 5G | 33W Pro Fast Charging | Charger Included | Additional Exchange Offers| Get 2 Months of YouTube Premium Free!",REDMI Note 10T 5G (Metallic Blue 64 GB),REDMI,mobiles,65.45,30,95.45
B08CTNJ985,"Wayona USB Type C 65W Fast Charging 2M/6Ft Long Flash Charge Cable 3A QC 3.0 Data Cable Compatible with Samsung Galaxy S21 S10 S9 S8, iQOO Z3, Vivo, Note 10 9 8, A20e A40 A50 A70, Moto G7 G8 (2M, Grey)",SAMSUNG Galaxy S21 FE 5G (Olive 128 GB),SAMSUNG,mobiles,65.45,30,95.45
B08CTNJ985,"Wayona USB Type C 65W Fast Charging 2M/6Ft Long Flash Charge Cable 3A QC 3.0 Data Cable Compatible with Samsung Galaxy S21 S10 S9 S8, iQOO Z3, Vivo, Note 10 9 8, A20e A40 A50 A70, Moto G7 G8 (2M, Grey)",SAMSUNG Galaxy S21 FE 5G (White 128 GB),SAMSUNG,mobiles,65.45,30,95.45
B081FJWN52,"Wayona Usb Type C To Usb Nylon Braided Quick Charger Fast Charging Short Cable For Smartphone (Samsung Galaxy S21/S20/S10/S9/S9+/Note 9/S8/Note 8, Lg G7 G5 G6, Moto G6 G7) (0.25M,Grey)",SAMSUNG Galaxy S21 FE 5G (Olive 128 GB),SAMSUNG,mobiles,65.45,30,95.45
B08PSQRW2T,"Zoul Type C to Type C Fast Charging Cable 65W 2M/6ft USB C Nylon Braided Cord Compatible with MacBook Oneplus 9 9R Samsung Galaxy S21 Ultra S20+ (2M, Black)",SAMSUNG Galaxy S21 FE 5G (White 128 GB),SAMSUNG,mobiles,65.45,30,95.45
B08PSQRW2T,"Zoul Type C to Type C Fast Charging Cable 65W 2M/6ft USB C Nylon Braided Cord Compatible with MacBook Oneplus 9 9R Samsung Galaxy S21 Ultra S20+ (2M, Black)",SAMSUNG Galaxy S21 FE 5G (Olive 128 GB),SAMSUNG,mobiles,65.45,30,95.45
B0B8CHJLWJ,Kyosei Advanced Tempered Glass Compatible with Google Pixel 6a with Military-Grade Anti-Explosion Edge-to-Edge Coverage Screen Protector Guard,Google Pixel 6a (Charcoal 128 GB),Google,mobiles,65.22,30,95.22
B09BNXQ6BR,"Noise ColorFit Ultra SE Smart Watch with 1.75""(4.3cm) HD Display, Aluminium Alloy Body, 60 Sports Modes, Spo2, Lightweight, Stock Market Info, Calls & SMS Reply (Vintage Brown)","Noise ColorFit Qube Spo2 1.4"" Full Touch display Multi-Sports modes 7-day Battery Smartwatch",Noise,smart_watch,65.19,30,95.19
B09YV42QHZ,"Fire-Boltt Ninja 3 Smartwatch Full Touch 1.69 "" & 60 Sports Modes with IP68, Sp02 Tracking, Over 100 Cloud based watch faces ( Green )",Noise ColorFit Caliber Go with 1.69 inch HD Display 40 Sports Modes 150+ Watch Faces Smartwatch,Noise,smart_watch,65.14,30,95.14
B09YV463SW,"Fire-Boltt Ninja 3 Smartwatch Full Touch 1.69 "" & 60 Sports Modes with IP68, Sp02 Tracking, Over 100 Cloud based watch faces ( Silver )",Fire-Boltt Ninja Pro Max Plus 1.83inch Smartwatch 27 sports mode IP68 & Spo2 Monitoring Smartwatch,Fire-Boltt,smart_watch,65.08,30,95.08
B0B3RSDSZ3,"Fire-Boltt Phoenix Smart Watch with Bluetooth Calling 1.3"",120+ Sports Modes, 240*240 PX High Res with SpO2, Heart Rate Monitoring & IP67 Rating",Fire-Boltt Ninja Pro Max Plus 1.83inch Smartwatch 27 sports mode IP68 & Spo2 Monitoring Smartwatch,Fire-Boltt,smart_watch,64.49,30,94.49
B0B3RS9DNF,"Fire-Boltt Phoenix Smart Watch with Bluetooth Calling 1.3"",120+ Sports Modes, 240*240 PX High Res with SpO2, Heart Rate Monitoring & IP67 Rating",Fire-Boltt Ninja Pro Max Plus 1.83inch Smartwatch 27 sports mode IP68 & Spo2 Monitoring Smartwatch,Fire-Boltt,smart_watch,64.49,30,94.49
B0B3RRWSF6,"Fire-Boltt Phoenix Smart Watch with Bluetooth Calling 1.3"",120+ Sports Modes, 240*240 PX High Res with SpO2, Heart Rate Monitoring & IP67 Rating",Fire-Boltt Ninja Pro Max Plus 1.83inch Smartwatch 27 sports mode IP68 & Spo2 Monitoring Smartwatch,Fire-Boltt,smart_watch,64.49,30,94.49
B0B3RRWSF6,"Fire-Boltt Phoenix Smart Watch with Bluetooth Calling 1.3"",120+ Sports Modes, 240*240 PX High Res with SpO2, Heart Rate Monitoring & IP67 Rating",Fire-Boltt Ninja Pro Max Plus 1.83inch Smartwatch 27 sports mode IP68 & Spo2 Monitoring Smartwatch,Fire-Boltt,smart_watch,64.49,30,94.49
B0BNXFDTZ2,"Fire-Boltt Tank 1.85"" Bluetooth Calling Smart Watch, 123 Sports Mode, 8 UI Interactions, Built in Speaker & Mic, 7 Days Battery & Fire-Boltt Health Suite",Fire-Boltt Ninja Call 2 (1.7 inch) Bluetooth Calling with 27 Sports Modes Smartwatch,Fire-Boltt,smart_watch,64.46,30,94.46
B07966M8XH,"Model-P4 6 Way Swivel Tilt Wall Mount 32-55-inch Full Motion Cantilever for LED,LCD and Plasma TV's",LG 81.28 cm (32 inch) Full HD LED Smart TV,LG,tv,64.41,30,94.41
B07966M8XH,"Model-P4 6 Way Swivel Tilt Wall Mount 32-55-inch Full Motion Cantilever for LED,LCD and Plasma TV's",LG 81.28 cm (32 inch) Full HD LED Smart TV,LG,tv,64.41,30,94.41
B08WKFSN84,"Wayona Type C To Type C 65W/3.25A Nylon Braided Fast Charging Cable Compatible For Laptop, Macbook, Samsung Galaxy M33 M53 M51 S20 Ultra, A71, A53, A51, Ipad Pro 2018 (1M, Grey)",SAMSUNG Galaxy A53 (Awesome Blue 128 GB),SAMSUNG,mobiles,64.29,30,94.29
B0B4F2XCK3,"Samsung Galaxy M13 (Aqua Green, 6GB, 128GB Storage) | 6000mAh Battery | Upto 12GB RAM with RAM Plus",SAMSUNG GALAXY M13 (Midnight Blue 64 GB),SAMSUNG,mobiles,64.29,30,94.29
B09LJ116B5,"Redmi Note 11T 5G (Aquamarine Blue, 6GB RAM, 128GB ROM)| Dimensity 810 5G | 33W Pro Fast Charging | Charger Included | Additional Exchange Offers| Get 2 Months of YouTube Premium Free!",REDMI Note 10T 5G (Metallic Blue 128 GB),REDMI,mobiles,64.29,30,94.29
B0B4F2TTTS,"Samsung Galaxy M13 (Aqua Green, 4GB, 64GB Storage) | 6000mAh Battery | Upto 8GB RAM with RAM Plus",SAMSUNG GALAXY M13 (Midnight Blue 64 GB),SAMSUNG,mobiles,64.29,30,94.29
B0B4F2ZWL3,"Samsung Galaxy M13 (Stardust Brown, 6GB, 128GB Storage) | 6000mAh Battery | Upto 12GB RAM with RAM Plus",SAMSUNG GALAXY M13 (Midnight Blue 64 GB),SAMSUNG,mobiles,64.29,30,94.29
B09PLFJ7ZW,"Noise Pulse Buzz 1.69"" Bluetooth Calling Smart Watch with Call Function, 150 Watch Faces, 60 Sports Modes, Spo2 & Heart Rate Monitoring, Calling Smart Watch for Men & Women - Rose Pink",Noise ColorFit Caliber Go with 1.69 inch HD Display 40 Sports Modes 150+ Watch Faces Smartwatch,Noise,smart_watch,63.77,30,93.77
B09P18XVW6,"Noise Pulse Buzz 1.69"" Bluetooth Calling Smart Watch with Call Function, 150 Watch Faces, 60 Sports Modes, Spo2 & Heart Rate Monitoring, Calling Smart Watch for Men & Women - Jet Black",Noise ColorFit Caliber Go with 1.69 inch HD Display 40 Sports Modes 150+ Watch Faces Smartwatch,Noise,smart_watch,63.77,30,93.77
B08HV25BBQ,Noise ColorFit Pro 2 Full Touch Control Smart Watch with 35g Weight & Upgraded LCD Display (Deep Wine),Noise ColorFit Vision 2 with 1.78'' Always on AMOLED Display Smartwatch,Noise,smart_watch,63.47,30,93.47
B084PJSSQ1,"SanDisk Ultra Dual Drive Luxe USB Type C Flash Drive (Silver, 128 GB, 5Y - SDDDC4-128G-I35)",realme 8 (Cyber Silver 128 GB),realme,mobiles,63.41,30,93.41
B0BP7XLX48,"Syncwire LTG to USB Cable for Fast Charging Compatible with Phone 5/ 5C/ 5S/ 6/ 6S/ 7/8/ X/XR/XS Max/ 11/12/ 13 Series and Pad Air/Mini, Pod & Other Devices (1.1 Meter, White)",Nothing Phone (1) (White 256 GB),Nothing,mobiles,63.41,30,93.41
B07H1S7XW8,"STRIFF Wall Mount Phone Holder Wall Mount with Adhesive Strips, Charging Holder Compatible with iPhone, Smartphone and Mini Tablet (Pack of 1) (White)",Nothing Phone (1) (White 256 GB),Nothing,mobiles,63.41,30,93.41
B07H1S7XW8,"STRIFF Wall Mount Phone Holder Wall Mount with Adhesive Strips, Charging Holder Compatible with iPhone, Smartphone and Mini Tablet (Pack of 1) (White)",Nothing Phone (1) (White 256 GB),Nothing,mobiles,63.41,30,93.41
B09NNHFSSF,CP PLUS 2MP Full HD Smart Wi-fi CCTV Security Camera | 360° with Pan Tilt | Two Way Talk | Cloud Monitor | Motion Detect | Night Vision | Supports SD Card (Up to 128 GB) | Alexa & Ok Google | CP-E21A,Google Pixel 6a (Chalk 128 GB),Google,mobiles,63.41,30,93.41
B0BP7XLX48,"Syncwire LTG to USB Cable for Fast Charging Compatible with Phone 5/ 5C/ 5S/ 6/ 6S/ 7/8/ X/XR/XS Max/ 11/12/ 13 Series and Pad Air/Mini, Pod & Other Devices (1.1 Meter, White)",Nothing Phone (1) (White 256 GB),Nothing,mobiles,63.41,30,93.41
B0B5V47VK4,"OnePlus 10T 5G (Moonstone Black, 8GB RAM, 128GB Storage)",Redmi Note 11 PRO Plus 5G (Stealth Black 256 GB),Redmi,mobiles,63.27,30,93.27
B0BBVKRP7B,SHREENOVA ID116 Plus Bluetooth Fitness Smart Watch for Men Women and Kids Activity Tracker (Black),Ykarn Trades AW300/ ID116 PLUS HEART RATE SLEEP TRACKER BLUETOOTH SMART WATCH(PACK OF 1) Smartwatch,Ykarn,smart_watch,63.21,30,93.21
B094JB13XL,"Noise ColorFit Ultra Smart Watch with 1.75"" HD Display, Aluminium Alloy Body, 60 Sports Modes, Spo2, Lightweight, Stock Market Info, Calls & SMS Reply (Space Blue)","Noise ColorFit Qube Spo2 1.4"" Full Touch display Multi-Sports modes 7-day Battery Smartwatch",Noise,smart_watch,63.16,30,93.16
B08PSVBB2X,"Zoul USB C to USB C Fast Charging Cable 65W Type C to Type C Nylon Braided Cord Compatible with Macbook Oneplus 9 10R Samsung Galaxy S22 S21 Ultra Z Flip3 Macbook Air/Pro M1 Google Pixel 11'' iPad Pro 2020/2018 (2M, Grey)",SAMSUNG Galaxy S22 Plus 5G (Green 128 GB),SAMSUNG,mobiles,63.16,30,93.16
B0B4F52B5X,"Samsung Galaxy M13 (Midnight Blue, 4GB, 64GB Storage) | 6000mAh Battery | Upto 8GB RAM with RAM Plus",SAMSUNG GALAXY M13 (Stardust Brown 64 GB),SAMSUNG,mobiles,63.16,30,93.16
B08WKFSN84,"Wayona Type C To Type C 65W/3.25A Nylon Braided Fast Charging Cable Compatible For Laptop, Macbook, Samsung Galaxy M33 M53 M51 S20 Ultra, A71, A53, A51, Ipad Pro 2018 (1M, Grey)",SAMSUNG Galaxy A53 (Awesome Peach 128 GB),SAMSUNG,mobiles,63.16,30,93.16
B07JJFSG2B,SanDisk Ultra 128 GB USB 3.0 Pen Drive (Black),POCO M5 (Power Black 128 GB),POCO,mobiles,63.16,30,93.16
B0819ZZK5K,"SanDisk Ultra Dual Drive Go USB Type C Pendrive for Mobile (Black, 128 GB, 5Y - SDDDC3-128G-I35)",POCO M5 (Power Black 128 GB),POCO,mobiles,63.16,30,93.16
B0B4F2TTTS,"Samsung Galaxy M13 (Aqua Green, 4GB, 64GB Storage) | 6000mAh Battery | Upto 8GB RAM with RAM Plus",SAMSUNG GALAXY M13 (Stardust Brown 64 GB),SAMSUNG,mobiles,63.16,30,93.16
B0B4F2XCK3,"Samsung Galaxy M13 (Aqua Green, 6GB, 128GB Storage) | 6000mAh Battery | Upto 12GB RAM with RAM Plus",SAMSUNG GALAXY M13 (Stardust Brown 64 GB),SAMSUNG,mobiles,63.16,30,93.16
B08WKFSN84,"Wayona Type C To Type C 65W/3.25A Nylon Braided Fast Charging Cable Compatible For Laptop, Macbook, Samsung Galaxy M33 M53 M51 S20 Ultra, A71, A53, A51, Ipad Pro 2018 (1M, Grey)",SAMSUNG Galaxy A53 (Awesome Peach 128 GB),SAMSUNG,mobiles,63.16,30,93.16
B093ZNQZ2Y,"LOHAYA Remote Compatible for Mi Smart LED TV 4A Remote Control (32""/43"") [ Compatible for Mi Tv Remote Control ] [ Compatible for Mi Smart LED Tv Remote Control ]",Compaq 80 cm (32 inch) HD Ready LED Smart Coolita TV,Compaq,tv,63.06,30,93.06
B09LQQYNZQ,Realme Smart TV Stick 4K,iFFALCON by TCL U62 139 cm (55 inch) Ultra HD (4K) LED Smart Google TV,iFFALCON,tv,62.86,30,92.86
B09LQQYNZQ,Realme Smart TV Stick 4K,iFFALCON by TCL U62 126 cm (50 inch) Ultra HD (4K) LED Smart Google TV,iFFALCON,tv,62.86,30,92.86
B09PLFJ7ZW,"Noise Pulse Buzz 1.69"" Bluetooth Calling Smart Watch with Call Function, 150 Watch Faces, 60 Sports Modes, Spo2 & Heart Rate Monitoring, Calling Smart Watch for Men & Women - Rose Pink","Noise ColorFit Caliber Smart Watch with 15-day battery 1.69"" display 60 Sports Modes Smartwatch",Noise,smart_watch,62.77,30,92.77
B09FKDH6FS,"realme narzo 50i (Mint Green, 2GB RAM+32GB Storage) Octa Core Processor | 6.5"" inch Large Display",realme Narzo 50i (Carbon Black 64 GB),realme,mobiles,62.75,30,92.75
B0BMM7R92G,Noise_Colorfit Smart Watch Charger 2 Pin USB Fast Charger Magnetic Charging Cable Adapter (Smart Watch Charger 2 pin),Noise ColorFit Pro 2 Oxy Smartwatch,Noise,smart_watch,62.75,30,92.75
B09FKDH6FS,"realme narzo 50i (Mint Green, 2GB RAM+32GB Storage) Octa Core Processor | 6.5"" inch Large Display",realme Narzo 50i (Carbon Black 32 GB),realme,mobiles,62.75,30,92.75
B0BMM7R92G,Noise_Colorfit Smart Watch Charger 2 Pin USB Fast Charger Magnetic Charging Cable Adapter (Smart Watch Charger 2 pin),"Noise ColorFit Caliber 2 Buzz Advanced BT Calling 1.85"" display10 days battery Smartwatch",Noise,smart_watch,62.72,30,92.72
B0BNV7JM5Y,"boAt Newly Launched Wave Electra with 1.81"" HD Display, Smart Calling with Ultra-Seamless BT Calling Chip,20 Built-In Watch Faces,100 + Sports Modes,Menu Personalization,In-Built Games(Charcoal Black)",boAt Wave Neo with 1.69 inch  2.5D Curved Display & Multiple Sports Modes Smartwatch,boAt,smart_watch,62.71,30,92.71
B0BNVBJW2S,"boAt Newly Launched Wave Electra with 1.81"" HD Display, Smart Calling Ultra-Seamless BT Calling Chip, 20 Built-in Watch Faces, 100 + Sports Modes, Menu Personalization, in-Built Games(Cherry Blossom)",boAt Wave Neo with 1.69 inch  2.5D Curved Display & Multiple Sports Modes Smartwatch,boAt,smart_watch,62.71,30,92.71
B09TBCVJS3,"Amazfit GTS2 Mini (New Version) Smart Watch with Always-on AMOLED Display, Alexa Built-in, SpO2, 14 Days' Battery Life, 68 Sports Modes, GPS, HR, Sleep & Stress Monitoring (Meteor Black)",GARMIN Venu 2 Plus AMOLED Display Built in Speaker & MIC Upto 9 Days Battery SPO2 Smartwatch,GARMIN,smart_watch,62.6,30,92.6
B0BBVKRP7B,SHREENOVA ID116 Plus Bluetooth Fitness Smart Watch for Men Women and Kids Activity Tracker (Black),Ykarn Trades AQ500/ID116 ULTRA FITNESS TRACKER MULTI FACES SMART WATCH BLACK(PACK OF 1) Smartwatch,Ykarn,smart_watch,62.18,30,92.18
B09YDFKJF8,"Nokia 105 Plus Single SIM, Keypad Mobile Phone with Wireless FM Radio, Memory Card Slot and MP3 Player | Charcoal",Nokia TA-1304/105 SS,Nokia,mobiles,62.07,30,92.07
B08PSQRW2T,"Zoul Type C to Type C Fast Charging Cable 65W 2M/6ft USB C Nylon Braided Cord Compatible with MacBook Oneplus 9 9R Samsung Galaxy S21 Ultra S20+ (2M, Black)",SAMSUNG Galaxy S21 FE 5G (Lavender 128 GB),SAMSUNG,mobiles,62.07,30,92.07
B09BCNQ9R2,"DYAZO USB 3.0 Type C Female to USB A Male Connector/Converter/Adapter Compatible for Samsung Galaxy Note s 20 10 Plus Ultra,Google Pixel 4 5 3 2 & Other Type-c Devices",SAMSUNG Guru Music 2,SAMSUNG,mobiles,62.07,30,92.07
B089WB69Y1,"USB Charger, Oraimo Elite Dual Port 5V/2.4A Wall Charger, USB Wall Charger Adapter for iPhone 11/Xs/XS Max/XR/X/8/7/6/Plus, iPad Pro/Air 2/Mini 3/Mini 4, Samsung S4/S5, and More",SAMSUNG Guru Music 2,SAMSUNG,mobiles,62.07,30,92.07
B09YDFDVNS,"Nokia 105 Plus Single SIM, Keypad Mobile Phone with Wireless FM Radio, Memory Card Slot and MP3 Player | Red",Nokia TA-1304/105 SS,Nokia,mobiles,62.07,30,92.07
B09V2Q4QVQ,"Nokia 105 Single SIM, Keypad Mobile Phone with Wireless FM Radio | Charcoal",Nokia TA-1304/105 SS,Nokia,mobiles,62.07,30,92.07
B09T37CKQ5,"FLiX Usb Charger,Flix (Beetel) Bolt 2.4 Dual Poart,5V/2.4A/12W Usb Wall Charger Fast Charging,Adapter For Android/Iphone 11/Xs/Xs Max/Xr/X/8/7/6/Plus,Ipad Pro/Air 2/Mini 3/4,Samsung S4/S5 & More-Black",SAMSUNG Guru Music 2,SAMSUNG,mobiles,62.07,30,92.07
B097C564GC,"rts [2 Pack] Mini USB C Type C Adapter Plug, Type C Female to USB A Male Charger Charging Cable Adapter Converter compatible for iPhone, Samsung S20 ultra/S21/S10/S8/S9/MacBook Pro iPad Silver",SAMSUNG Guru Music 2,SAMSUNG,mobiles,62.07,30,92.07
B07GVGTSLN,"Wayona Usb Type C Fast Charger Cable Fast Charging Usb C Cable/Cord Compatible For Samsung Galaxy S10E S10 S9 S8 Plus S10+,Note 10 Note 9 Note 8,S20,M31S,M40,Realme X3,Pixel 2 Xl (3 Ft Pack Of 1,Grey)",SAMSUNG Guru Music 2,SAMSUNG,mobiles,62.07,30,92.07
B081FJWN52,"Wayona Usb Type C To Usb Nylon Braided Quick Charger Fast Charging Short Cable For Smartphone (Samsung Galaxy S21/S20/S10/S9/S9+/Note 9/S8/Note 8, Lg G7 G5 G6, Moto G6 G7) (0.25M,Grey)",SAMSUNG Galaxy S21 FE 5G (Lavender 128 GB),SAMSUNG,mobiles,62.07,30,92.07
B094DQWV9B,"Kanget [2 Pack] Type C Female to USB A Male Charger | Charging Cable Adapter Converter compatible for iPhone 14, 13, 12,11 Pro Max/Mini/XR/XS/X/SE, Samsung S20 ultra/S21/S10/S8/S9/MacBook Pro iPad (Grey)",SAMSUNG Guru Music 2,SAMSUNG,mobiles,62.07,30,92.07
B09V2PZDX8,"Nokia 105 Single SIM, Keypad Mobile Phone with Wireless FM Radio | Blue",Nokia TA-1304/105 SS,Nokia,mobiles,62.07,30,92.07
B08CTNJ985,"Wayona USB Type C 65W Fast Charging 2M/6Ft Long Flash Charge Cable 3A QC 3.0 Data Cable Compatible with Samsung Galaxy S21 S10 S9 S8, iQOO Z3, Vivo, Note 10 9 8, A20e A40 A50 A70, Moto G7 G8 (2M, Grey)",SAMSUNG Galaxy S21 FE 5G (Lavender 128 GB),SAMSUNG,mobiles,62.07,30,92.07
B07GVGTSLN,"Wayona Usb Type C Fast Charger Cable Fast Charging Usb C Cable/Cord Compatible For Samsung Galaxy S10E S10 S9 S8 Plus S10+,Note 10 Note 9 Note 8,S20,M31S,M40,Realme X3,Pixel 2 Xl (3 Ft Pack Of 1,Grey)",SAMSUNG Guru Music 2,SAMSUNG,mobiles,62.07,30,92.07
B0819ZZK5K,"SanDisk Ultra Dual Drive Go USB Type C Pendrive for Mobile (Black, 128 GB, 5Y - SDDDC3-128G-I35)",realme 8 (Cyber Black 128 GB),realme,mobiles,61.54,30,91.54
B09C635BMM,Cotbolt Silicone Case Cover Compatible for Samsung BN59-01312A QLED 8K 4K Smart TV Remote Shockproof Protective Remote Cover (Black),SAMSUNG 147 cm (58 inch) QLED Ultra HD (4K) Smart Tizen TV,SAMSUNG,tv,61.54,30,91.54
B008FWZGSG,"Samsung Original Type C to C Cable - 3.28 Feet (1 Meter), White",SAMSUNG 244 L Frost Free Double Door 3 Star Refrigerator  with Curd Maestro,SAMSUNG,refrigerator,61.54,30,91.54
B0819ZZK5K,"SanDisk Ultra Dual Drive Go USB Type C Pendrive for Mobile (Black, 128 GB, 5Y - SDDDC3-128G-I35)",vivo Y35 (Agate Black 128 GB),vivo,mobiles,61.54,30,91.54
B008FWZGSG,"Samsung Original Type C to C Cable - 3.28 Feet (1 Meter), White",SAMSUNG 244 L Frost Free Double Door 3 Star Refrigerator  with Curd Maestro,SAMSUNG,refrigerator,61.54,30,91.54
B07JJFSG2B,SanDisk Ultra 128 GB USB 3.0 Pen Drive (Black),realme 8 (Cyber Black 128 GB),realme,mobiles,61.54,30,91.54
B07JJFSG2B,SanDisk Ultra 128 GB USB 3.0 Pen Drive (Black),vivo Y35 (Agate Black 128 GB),vivo,mobiles,61.54,30,91.54
B09C635BMM,Cotbolt Silicone Case Cover Compatible for Samsung BN59-01312A QLED 8K 4K Smart TV Remote Shockproof Protective Remote Cover (Black),SAMSUNG 139 cm (55 inch) QLED Ultra HD (4K) Smart Tizen TV,SAMSUNG,tv,61.54,30,91.54
B07966M8XH,"Model-P4 6 Way Swivel Tilt Wall Mount 32-55-inch Full Motion Cantilever for LED,LCD and Plasma TV's",LG 80 cm (32 inch) Full HD LED Smart WebOS TV,LG,tv,61.29,30,91.29
B01EZ0X3L8,"SanDisk Ultra 64 GB USB Pen Drives (SDDDC2-064G-I35, Black, Silver)",POCO M5 (Power Black 64 GB),POCO,mobiles,61.11,30,91.11
B01N6LU1VF,SanDisk Ultra Dual 64 GB USB 3.0 OTG Pen Drive (Black),POCO M5 (Power Black 64 GB),POCO,mobiles,61.11,30,91.11
B08S7V8YTN,"Lifelong 2-in1 Egg Boiler and Poacher 500-Watt (Transparent and Silver Grey), Boil 8 eggs, Poach 4 eggs, Easy to clean| 3 Boiling Modes, Stainless Steel Body and Heating Plate, Automatic Turn-Off",LG 8 kg Fully Automatic Front Load Silver,LG,washing_machine,61.02,30,91.02
B0BBFJLP21,"Redmi 11 Prime 5G (Thunder Black, 4GB RAM, 64GB Storage) | Prime Design | MTK Dimensity 700 | 50 MP Dual Cam | 5000mAh | 7 Band 5G",Redmi Note 11 (Space Black 128 GB),Redmi,mobiles,60.87,30,90.87
B09QGZM8QB,"Wayona Usb Type C 65W 6Ft/2M Long Fast Charging Cable Compatible For Samsung S22 S20 Fe S21 Ultra A33 A53 A01 A73 A70 A51 M33 M53 M51 M31(2M, Black)",SAMSUNG Galaxy A53 (Awesome Black 128 GB),SAMSUNG,mobiles,60.71,30,90.71
B09YV575RK,"Fire-Boltt Ring Pro Bluetooth Calling, 1.75” 320*385px High Res, IP68 & SpO2 Monitoring, Pin Code Locking Functionality & Split Screen Access, Built in Mic & Speaker for HD Calls, Black, Free Size",Fire-Boltt Ninja Pro Max Plus 1.83inch Smartwatch 27 sports mode IP68 & Spo2 Monitoring Smartwatch,Fire-Boltt,smart_watch,60.66,30,90.66
B071R3LHFM,"Wonderchef Nutri-blend Mixer, Grinder & Blender | Powerful 400W 22000 RPM motor | Stainless steel Blades | 3 unbreakable jars | 2 Years warranty | Online recipe book by Chef Sanjeev Kapoor | Black",realme GT 2 (Steel Black 256 GB),realme,mobiles,60.47,30,90.47
B08KS2KQTK,"Pajaka® South Indian Filter Coffee Maker 200 ML 2-4 Cup / Mugs / Glass | Madras Kaapi/ Kappi Drip Decoction Maker / Makers / Brewer / Pot or Drip / Dripper Made of Stainless Steel | Non-Electric Machine / Appliances / Utensils Medium Size for Home and Kitchen, Office, Cefe Traditional Item / Product | Used for making Country /Desi Style French Press Espresso Nespresso Expresso Cappuccino Instant Black Coffee | Best flavoured with Grounded Arabica Roasted Crushed Grind Coffee Beans",realme GT 2 (Steel Black 256 GB),realme,mobiles,60.47,30,90.47
B083GKDRKR,"Havells Aqua Plus 1.2 litre Double Wall Kettle / 304 Stainless Steel Inner Body / Cool touch outer body / Wider mouth/ 2 Year warranty (Black, 1500 Watt)",realme GT 2 (Steel Black 256 GB),realme,mobiles,60.47,30,90.47
B01I1LDZGA,"Pigeon Kessel Multipurpose Kettle (12173) 1.2 litres with Stainless Steel Body, used for boiling Water and milk, Tea, Coffee, Oats, Noodles, Soup etc. 600 Watt (Black & Silver)",realme GT 2 (Steel Black 256 GB),realme,mobiles,60.47,30,90.47
B09GYBZPHF,"Lifelong LLMG93 500 Watt Duos Mixer Grinder, 2 Stainless Steel Jar (Liquidizing and Chutney Jar)| ABS Body, Stainless Steel Blades, 3 Speed Options with Whip (1 Year Warranty, Black)",realme GT 2 (Steel Black 256 GB),realme,mobiles,60.47,30,90.47
B00W56GLOQ,"Wonderchef Nutri-blend Mixer, Grinder & Blender | Powerful 400W 22000 RPM motor | Stainless steel Blades | 2 unbreakable jars | 2 Years warranty | Online recipe book by Chef Sanjeev Kapoor | Black",realme GT 2 (Steel Black 256 GB),realme,mobiles,60.47,30,90.47
B08S7V8YTN,"Lifelong 2-in1 Egg Boiler and Poacher 500-Watt (Transparent and Silver Grey), Boil 8 eggs, Poach 4 eggs, Easy to clean| 3 Boiling Modes, Stainless Steel Body and Heating Plate, Automatic Turn-Off",LG 8 kg Fully Automatic Top Load Grey,LG,washing_machine,60.38,30,90.38
B0BBFJLP21,"Redmi 11 Prime 5G (Thunder Black, 4GB RAM, 64GB Storage) | Prime Design | MTK Dimensity 700 | 50 MP Dual Cam | 5000mAh | 7 Band 5G",REDMI Note 11 SE (Thunder Purple 64 GB),REDMI,mobiles,60.38,30,90.38
B0B5V47VK4,"OnePlus 10T 5G (Moonstone Black, 8GB RAM, 128GB Storage)",realme 9 5G (Meteor Black 128 GB),realme,mobiles,60.24,30,90.24
B093ZNQZ2Y,"LOHAYA Remote Compatible for Mi Smart LED TV 4A Remote Control (32""/43"") [ Compatible for Mi Tv Remote Control ] [ Compatible for Mi Smart LED Tv Remote Control ]",realme 80 cm (32 inch) Full HD LED Smart Android TV,realme,tv,60.0,30,90.0
B07JGCGNDG,Crompton Amica 15-L 5 Star Rated Storage Water Heater (Geyser) with Free Installation (White),Whirlpool 7.5 kg 5 StarWith Hard water wash Fully Automatic Top Load with In-built Heater Grey,Whirlpool,washing_machine,59.67,30,89.67
B07JGCGNDG,Crompton Amica 15-L 5 Star Rated Storage Water Heater (Geyser) with Free Installation (White),Whirlpool 9.5 kg 5 StarWith Hard water wash Fully Automatic Top Load with In-built Heater Grey,Whirlpool,washing_machine,59.67,30,89.67
B093ZNQZ2Y,"LOHAYA Remote Compatible for Mi Smart LED TV 4A Remote Control (32""/43"") [ Compatible for Mi Tv Remote Control ] [ Compatible for Mi Smart LED Tv Remote Control ]",Mi 4A Pro 108 cm (43 inch) Full HD LED Smart Android TV,Mi,tv,59.65,30,89.65
B07JGCGNDG,Crompton Amica 15-L 5 Star Rated Storage Water Heater (Geyser) with Free Installation (White),IFB 7 kg 5 Star 2X Power SteamHard Water Wash Fully Automatic Front Load with In-built Heater White,IFB,washing_machine,59.57,30,89.57
B09GFPN6TP,"Redmi 9A Sport (Coral Green, 3GB RAM, 32GB Storage) | 2GHz Octa-core Helio G25 Processor | 5000 mAh Battery",Redmi 9A Sport (Carbon Black 32 GB),Redmi,mobiles,59.57,30,89.57
B09GFLXVH9,"Redmi 9A Sport (Coral Green, 2GB RAM, 32GB Storage) | 2GHz Octa-core Helio G25 Processor | 5000 mAh Battery",Redmi 9A Sport (Carbon Black 32 GB),Redmi,mobiles,59.57,30,89.57
B09GFLXVH9,"Redmi 9A Sport (Coral Green, 2GB RAM, 32GB Storage) | 2GHz Octa-core Helio G25 Processor | 5000 mAh Battery",Redmi 9A Sport (Carbon Black 32 GB),Redmi,mobiles,59.57,30,89.57
B09GFPN6TP,"Redmi 9A Sport (Coral Green, 3GB RAM, 32GB Storage) | 2GHz Octa-core Helio G25 Processor | 5000 mAh Battery",Redmi 9A Sport (Carbon Black 32 GB),Redmi,mobiles,59.57,30,89.57
B01EZ0X3L8,"SanDisk Ultra 64 GB USB Pen Drives (SDDDC2-064G-I35, Black, Silver)",Micromax IN 2B (Black 64 GB),Micromax,mobiles,59.46,30,89.46
B01N6LU1VF,SanDisk Ultra Dual 64 GB USB 3.0 OTG Pen Drive (Black),Micromax IN 2B (Black 64 GB),Micromax,mobiles,59.46,30,89.46
B08TZD7FQN,"Astigo Compatible Remote Control for Mi Smart LED 4A (43""/32"")",Compaq 80 cm (32 inch) HD Ready LED Smart Coolita TV,Compaq,tv,59.26,30,89.26
B07YY1BY5B,"Noise ColorFit Pro 2 Full Touch Control Smart Watch with 35g Weight & Upgraded LCD Display,IP68 Waterproof,Heart Rate Monitor,Sleep & Step Tracker,Call & Message Alerts & Long Battery Life (Jet Black)",Noise ColorFit Vision 2 with 1.78'' Always on AMOLED Display Smartwatch,Noise,smart_watch,59.18,30,89.18
B0B3CQBRB4,"OnePlus Nord 2T 5G (Gray Shadow, 8GB RAM, 128GB Storage)",MOTOROLA G62 5G (Midnight Gray 128 GB),MOTOROLA,mobiles,59.09,30,89.09
B09NNHFSSF,CP PLUS 2MP Full HD Smart Wi-fi CCTV Security Camera | 360° with Pan Tilt | Two Way Talk | Cloud Monitor | Motion Detect | Night Vision | Supports SD Card (Up to 128 GB) | Alexa & Ok Google | CP-E21A,Google Pixel 6a (Charcoal 128 GB),Google,mobiles,59.09,30,89.09
B09GFPVD9Y,"Redmi 9 Activ (Carbon Black, 4GB RAM, 64GB Storage) | Octa-core Helio G35 | 5000 mAh Battery",REDMI 9 Activ (Coral Green 64 GB),REDMI,mobiles,59.09,30,89.09
B084PJSSQ1,"SanDisk Ultra Dual Drive Luxe USB Type C Flash Drive (Silver, 128 GB, 5Y - SDDDC4-128G-I35)",MOTOROLA G60 (Soft Silver 128 GB),MOTOROLA,mobiles,59.09,30,89.09
B0B4F2TTTS,"Samsung Galaxy M13 (Aqua Green, 4GB, 64GB Storage) | 6000mAh Battery | Upto 8GB RAM with RAM Plus",SAMSUNG GALAXY M13 5G (?Stardust Brown 128 GB),SAMSUNG,mobiles,59.02,30,89.02
B0B4F52B5X,"Samsung Galaxy M13 (Midnight Blue, 4GB, 64GB Storage) | 6000mAh Battery | Upto 8GB RAM with RAM Plus",SAMSUNG GALAXY M13 5G (?Stardust Brown 128 GB),SAMSUNG,mobiles,59.02,30,89.02
B0B4F2XCK3,"Samsung Galaxy M13 (Aqua Green, 6GB, 128GB Storage) | 6000mAh Battery | Upto 12GB RAM with RAM Plus",SAMSUNG GALAXY M13 5G (?Stardust Brown 128 GB),SAMSUNG,mobiles,59.02,30,89.02
B078V8R9BS,Butterfly EKN 1.5-Litre Electric Kettle (Silver with Black),LG 9 kg 5 Star Fully Automatic Front Load with In-built Heater Silver,LG,washing_machine,58.73,30,88.73
B078V8R9BS,Butterfly EKN 1.5-Litre Electric Kettle (Silver with Black),LG 7 kg 5 Star Fully Automatic Front Load with In-built Heater Silver,LG,washing_machine,58.73,30,88.73
B0BNXFDTZ2,"Fire-Boltt Tank 1.85"" Bluetooth Calling Smart Watch, 123 Sports Mode, 8 UI Interactions, Built in Speaker & Mic, 7 Days Battery & Fire-Boltt Health Suite",Ambrane Wise-Eon 1.69Lucid Display bluetooth calling function & 7 days battery life Smartwatch,Ambrane,smart_watch,58.67,30,88.67
B0949SBKMP,"boAt Flash Edition Smart Watch with Activity Tracker, Multiple Sports Modes, 1.3"" Screen, 170+ Watch Faces, Sleep Monitor, Gesture, Camera & Music Control, IP68 & 7 Days Battery Life(Lightning Black)","Noise ColorFit Caliber Smart Watch with 15-day battery 1.69"" display 60 Sports Modes Smartwatch",Noise,smart_watch,58.65,30,88.65
B0949SBKMP,"boAt Flash Edition Smart Watch with Activity Tracker, Multiple Sports Modes, 1.3"" Screen, 170+ Watch Faces, Sleep Monitor, Gesture, Camera & Music Control, IP68 & 7 Days Battery Life(Lightning Black)","Noise ColorFit Caliber Smart Watch with 15-day battery 1.69"" display 60 Sports Modes Smartwatch",Noise,smart_watch,58.65,30,88.65
B09LHYZ3GJ,"Redmi Note 11T 5G (Matte Black, 6GB RAM, 128GB ROM)| Dimensity 810 5G | 33W Pro Fast Charging | Charger Included | Additional Exchange Offers|Get 2 Months of YouTube Premium Free!",Infinix Note 12 Pro 5G (Force Black 128 GB),Infinix,mobiles,58.62,30,88.62
B09TBCVJS3,"Amazfit GTS2 Mini (New Version) Smart Watch with Always-on AMOLED Display, Alexa Built-in, SpO2, 14 Days' Battery Life, 68 Sports Modes, GPS, HR, Sleep & Stress Monitoring (Meteor Black)",GARMIN Venu Sq Music Smartwatch Advanced Sleep Monitoring Upto 6 Days Battery SPO2 Smartwatch,GARMIN,smart_watch,58.62,30,88.62
B09NNHFSSF,CP PLUS 2MP Full HD Smart Wi-fi CCTV Security Camera | 360° with Pan Tilt | Two Way Talk | Cloud Monitor | Motion Detect | Night Vision | Supports SD Card (Up to 128 GB) | Alexa & Ok Google | CP-E21A,POCO F4 5G (Night Black 128 GB),POCO,mobiles,58.54,30,88.54
B08TZD7FQN,"Astigo Compatible Remote Control for Mi Smart LED 4A (43""/32"")",Mi 4A Horizon Edition 80 cm (32 inch) HD Ready LED Smart Android TV,Mi,tv,58.54,30,88.54
B01EZ0X3L8,"SanDisk Ultra 64 GB USB Pen Drives (SDDDC2-064G-I35, Black, Silver)",realme C31 (Light Silver 64 GB),realme,mobiles,58.54,30,88.54
B08H5L8V1L,"Synqe USB Type C Fast Charging Cable 2M Charger Cord Data Cable Compatible with Samsung Galaxy M51,Galaxy M31S, S10e S10 S9 S20 Plus, Note10 9 8,M40 A50 A70, Redmi Note 9, Moto G7, Poco F1 (2M, Grey)",REDMI Note 9 (Aqua Green 64 GB),REDMI,mobiles,58.54,30,88.54
B078G6ZF5Z,"Oraimo 18W USB & Type-C Dual Output Super Fast Charger Wall Adapter PE2.0&Quick Charge 3.0 & Power Delivery 3.0 Compatible for iPhone 13/13 Mini/13 Pro Max/12/12 Pro Max, iPad Mini/Pro, Pixel, Galaxy, Airpods Pro",APPLE iPhone 12 Mini 5G (Blue 64 GB),APPLE,mobiles,58.33,30,88.33
B09MKP344P,"Tecno Spark 8T (Turquoise Cyan, 4GB RAM,64GB Storage) | 50MP AI Camera | 7GB Expandable RAM",Tecno Spark 8T (Atlantic Blue 64 GB),Tecno,mobiles,58.33,30,88.33
B0BBFJLP21,"Redmi 11 Prime 5G (Thunder Black, 4GB RAM, 64GB Storage) | Prime Design | MTK Dimensity 700 | 50 MP Dual Cam | 5000mAh | 7 Band 5G",REDMI Note 11 SE (Space Black 64 GB),REDMI,mobiles,58.33,30,88.33
B08CHKQ8D4,"Wayona Type C to Lightning MFI Certified 20W Fast charging Nylon Braided USB C Cable for iPhone 14, 14 Pro, 14 Pro Max, 14 Plus, 13, 13 Pro, 13 Pro Max, 13 Mini, 12, 12 Pro, 11, 11 Pro Max iPhone 12 Mini, X, 8 (2M, Grey)",APPLE iPhone 12 Mini 5G (Blue 64 GB),APPLE,mobiles,58.33,30,88.33
B0B54Y2SNX,"iPhone Original 20W C Type Fast PD Charger Compatible with I-Phone13/13 mini/13pro/13 pro Max I-Phone 12/12 Pro/12mini/12 Pro Max, I-Phone11/11 Pro/11 Pro Max 2020 (Only Adapter)",APPLE iPhone 12 Mini 5G (Blue 64 GB),APPLE,mobiles,58.33,30,88.33
B07JW9H4J1,"Wayona Nylon Braided USB to Lightning Fast Charging and Data Sync Cable Compatible for iPhone 13, 12,11, X, 8, 7, 6, 5, iPad Air, Pro, Mini (3 FT Pack of 1, Grey)",APPLE iPhone 12 Mini 5G (Blue 64 GB),APPLE,mobiles,58.33,30,88.33
B096MSW6CT,"Sounce Fast Phone Charging Cable & Data Sync USB Cable Compatible for iPhone 13, 12,11, X, 8, 7, 6, 5, iPad Air, Pro, Mini & iOS Devices",APPLE iPhone 12 Mini 5G (Blue 64 GB),APPLE,mobiles,58.33,30,88.33
B07JW9H4J1,"Wayona Nylon Braided USB to Lightning Fast Charging and Data Sync Cable Compatible for iPhone 13, 12,11, X, 8, 7, 6, 5, iPad Air, Pro, Mini (3 FT Pack of 1, Grey)",APPLE iPhone 12 Mini 5G (Blue 64 GB),APPLE,mobiles,58.33,30,88.33
B096MSW6CT,"Sounce Fast Phone Charging Cable & Data Sync USB Cable Compatible for iPhone 13, 12,11, X, 8, 7, 6, 5, iPad Air, Pro, Mini & iOS Devices",APPLE iPhone 12 Mini 5G (Blue 64 GB),APPLE,mobiles,58.33,30,88.33
B07JW9H4J1,"Wayona Nylon Braided USB to Lightning Fast Charging and Data Sync Cable Compatible for iPhone 13, 12,11, X, 8, 7, 6, 5, iPad Air, Pro, Mini (3 FT Pack of 1, Grey)",APPLE iPhone 12 Mini 5G (Blue 64 GB),APPLE,mobiles,58.33,30,88.33
B09WRMNJ9G,"OnePlus 10R 5G (Forest Green, 8GB RAM, 128GB Storage, 80W SuperVOOC)",OnePlus 10R 5G (Sierra Black 128 GB),OnePlus,mobiles,58.33,30,88.33
B096MSW6CT,"Sounce Fast Phone Charging Cable & Data Sync USB Cable Compatible for iPhone 13, 12,11, X, 8, 7, 6, 5, iPad Air, Pro, Mini & iOS Devices",APPLE iPhone 12 Mini 5G (Blue 64 GB),APPLE,mobiles,58.33,30,88.33
B09GFM8CGS,"Redmi 9A Sport (Carbon Black, 2GB RAM, 32GB Storage) | 2GHz Octa-core Helio G25 Processor | 5000 mAh Battery",Redmi 9A Sport (Metallic Blue 32 GB),Redmi,mobiles,58.33,30,88.33
B094DQWV9B,"Kanget [2 Pack] Type C Female to USB A Male Charger | Charging Cable Adapter Converter compatible for iPhone 14, 13, 12,11 Pro Max/Mini/XR/XS/X/SE, Samsung S20 ultra/S21/S10/S8/S9/MacBook Pro iPad (Grey)",APPLE iPhone 12 Mini 5G (Blue 64 GB),APPLE,mobiles,58.33,30,88.33
B0BBFJ9M3X,"Redmi 11 Prime 5G (Meadow Green, 4GB RAM 64GB ROM) | Prime Design | MTK Dimensity 700 | 50 MP Dual Cam | 5000mAh | 7 Band 5G",REDMI Note 10T 5G (Mint Green 64 GB),REDMI,mobiles,58.33,30,88.33
B078G6ZF5Z,"Oraimo 18W USB & Type-C Dual Output Super Fast Charger Wall Adapter PE2.0&Quick Charge 3.0 & Power Delivery 3.0 Compatible for iPhone 13/13 Mini/13 Pro Max/12/12 Pro Max, iPad Mini/Pro, Pixel, Galaxy, Airpods Pro",APPLE iPhone 12 Mini 5G (Blue 64 GB),APPLE,mobiles,58.33,30,88.33
B09BCNQ9R2,"DYAZO USB 3.0 Type C Female to USB A Male Connector/Converter/Adapter Compatible for Samsung Galaxy Note s 20 10 Plus Ultra,Google Pixel 4 5 3 2 & Other Type-c Devices",SAMSUNG Galaxy Watch4 Classic LTE (4.6cm),SAMSUNG,smart_watch,58.18,30,88.18
B08S7V8YTN,"Lifelong 2-in1 Egg Boiler and Poacher 500-Watt (Transparent and Silver Grey), Boil 8 eggs, Poach 4 eggs, Easy to clean| 3 Boiling Modes, Stainless Steel Body and Heating Plate, Automatic Turn-Off",Lloyd 8 kg Semi Automatic Top Load Grey,Lloyd,washing_machine,58.18,30,88.18
B07WHS7MZ1,"iQOO 9 SE 5G (Sunset Sierra, 8GB RAM, 128GB Storage) | Qualcomm Snapdragon 888 | 66W Flash Charge",IQOO 9 5G (Alpha 256 GB),IQOO,mobiles,58.06,30,88.06
B01N6LU1VF,SanDisk Ultra Dual 64 GB USB 3.0 OTG Pen Drive (Black),APPLE iPhone 11 (Black 64 GB),APPLE,mobiles,57.89,30,87.89
B0949SBKMP,"boAt Flash Edition Smart Watch with Activity Tracker, Multiple Sports Modes, 1.3"" Screen, 170+ Watch Faces, Sleep Monitor, Gesture, Camera & Music Control, IP68 & 7 Days Battery Life(Lightning Black)",boAt Wave Neo with 1.69 inch  2.5D Curved Display & Multiple Sports Modes Smartwatch,boAt,smart_watch,57.89,30,87.89
B0949SBKMP,"boAt Flash Edition Smart Watch with Activity Tracker, Multiple Sports Modes, 1.3"" Screen, 170+ Watch Faces, Sleep Monitor, Gesture, Camera & Music Control, IP68 & 7 Days Battery Life(Lightning Black)",boAt Wave Neo with 1.69 inch  2.5D Curved Display & Multiple Sports Modes Smartwatch,boAt,smart_watch,57.89,30,87.89
B078V8R9BS,Butterfly EKN 1.5-Litre Electric Kettle (Silver with Black),LG 6.5 kg Fully Automatic Front Load with In-built Heater Silver,LG,washing_machine,57.85,30,87.85
B081FG1QYX,"Wayona Type C Cable Nylon Braided USB C QC 3.0 Fast Charging Short Power Bank Cable for Samsung Galaxy S10e/S10+/S10/S9/S9+/Note 9/S8/Note 8, LG G7 G5 G6, Moto G6 G7 (0.25M, Black)",REDMI 9 Power (Mighty Black 64 GB),REDMI,mobiles,57.78,30,87.78
B0B3CQBRB4,"OnePlus Nord 2T 5G (Gray Shadow, 8GB RAM, 128GB Storage)",MOTOROLA g82 5G (Meterorite Grey 128 GB),MOTOROLA,mobiles,57.78,30,87.78
B008FWZGSG,"Samsung Original Type C to C Cable - 3.28 Feet (1 Meter), White",SAMSUNG 386 L Frost Free Double Door 3 Star Convertible Refrigerator  with Curd Maestro,SAMSUNG,refrigerator,57.75,30,87.75
B008FWZGSG,"Samsung Original Type C to C Cable - 3.28 Feet (1 Meter), White",SAMSUNG 244 L Frost Free Double Door 3 Star Convertible Refrigerator  with Curd Maestro,SAMSUNG,refrigerator,57.75,30,87.75
B008FWZGSG,"Samsung Original Type C to C Cable - 3.28 Feet (1 Meter), White",SAMSUNG 386 L Frost Free Double Door 3 Star Convertible Refrigerator  with Curd Maestro,SAMSUNG,refrigerator,57.75,30,87.75
B008FWZGSG,"Samsung Original Type C to C Cable - 3.28 Feet (1 Meter), White",SAMSUNG 244 L Frost Free Double Door 3 Star Convertible Refrigerator  with Curd Maestro,SAMSUNG,refrigerator,57.75,30,87.75
B08YRMBK9R,"Candes 10 Litre Perfecto 5 Star Rated Automatic Instant Storage Electric Water Heater with Special Metal Body Anti Rust Coating With Installation Kit, 2KW Geyser (Ivory)",LG 9 kg 5 Star Fully Automatic Front Load with In-built Heater Silver,LG,washing_machine,57.73,30,87.73
B08YRMBK9R,"Candes 10 Litre Perfecto 5 Star Rated Automatic Instant Storage Electric Water Heater with Special Metal Body Anti Rust Coating With Installation Kit, 2KW Geyser (Ivory)",LG 7 kg 5 Star Fully Automatic Front Load with In-built Heater Silver,LG,washing_machine,57.73,30,87.73
B08YRMBK9R,"Candes 10 Litre Perfecto 5 Star Rated Automatic Instant Storage Electric Water Heater with Special Metal Body Anti Rust Coating With Installation Kit, 2KW Geyser (Ivory)",IFB 7 kg 5 Star Fully Automatic Front Load with In-built Heater White,IFB,washing_machine,57.73,30,87.73
B08TZD7FQN,"Astigo Compatible Remote Control for Mi Smart LED 4A (43""/32"")",Mi 4A Pro 108 cm (43 inch) Full HD LED Smart Android TV,Mi,tv,57.66,30,87.66
B08JMC1988,"boAt Stone 180 5W Bluetooth Speaker with Upto 10 Hours Playback, 1.75"" Driver, IPX7 & TWS Feature(Black)",Bashaam A804_A1 ADVANCE STEP COUNT BLUETOOTH SMART WATCH BLACK(PACK OF 1) Smartwatch,Bashaam,smart_watch,57.46,30,87.46
B09NS5TKPN,"LG 1.5 Ton 5 Star AI DUAL Inverter Split AC (Copper, Super Convertible 6-in-1 Cooling, HD Filter with Anti-Virus Protection, 2022 Model, PS-Q19YNZE, White)",LG 6.5 kg Inverter Fully Automatic Front Load with In-built Heater White,LG,washing_machine,57.43,30,87.43
B08WRKSF9D,"V-Guard Divino 5 Star Rated 15 Litre Storage Water Heater (Geyser) with Advanced Safety Features, White",Whirlpool 7.5 kg 5 StarWith Hard water wash Fully Automatic Top Load with In-built Heater Grey,Whirlpool,washing_machine,57.29,30,87.29
B08WRKSF9D,"V-Guard Divino 5 Star Rated 15 Litre Storage Water Heater (Geyser) with Advanced Safety Features, White",Whirlpool 9.5 kg 5 StarWith Hard water wash Fully Automatic Top Load with In-built Heater Grey,Whirlpool,washing_machine,57.29,30,87.29
B07JW9H4J1,"Wayona Nylon Braided USB to Lightning Fast Charging and Data Sync Cable Compatible for iPhone 13, 12,11, X, 8, 7, 6, 5, iPad Air, Pro, Mini (3 FT Pack of 1, Grey)",APPLE iPhone 12 Mini 5G (Blue 256 GB),APPLE,mobiles,57.14,30,87.14
B07JW9H4J1,"Wayona Nylon Braided USB to Lightning Fast Charging and Data Sync Cable Compatible for iPhone 13, 12,11, X, 8, 7, 6, 5, iPad Air, Pro, Mini (3 FT Pack of 1, Grey)",APPLE iPhone 12 Mini 5G (White 64 GB),APPLE,mobiles,57.14,30,87.14
B07JW9H4J1,"Wayona Nylon Braided USB to Lightning Fast Charging and Data Sync Cable Compatible for iPhone 13, 12,11, X, 8, 7, 6, 5, iPad Air, Pro, Mini (3 FT Pack of 1, Grey)",APPLE iPhone 12 Mini 5G (Blue 256 GB),APPLE,mobiles,57.14,30,87.14
B07JW9H4J1,"Wayona Nylon Braided USB to Lightning Fast Charging and Data Sync Cable Compatible for iPhone 13, 12,11, X, 8, 7, 6, 5, iPad Air, Pro, Mini (3 FT Pack of 1, Grey)",APPLE iPhone 12 Mini 5G (White 64 GB),APPLE,mobiles,57.14,30,87.14
B0B54Y2SNX,"iPhone Original 20W C Type Fast PD Charger Compatible with I-Phone13/13 mini/13pro/13 pro Max I-Phone 12/12 Pro/12mini/12 Pro Max, I-Phone11/11 Pro/11 Pro Max 2020 (Only Adapter)",APPLE iPhone 12 Mini 5G (White 64 GB),APPLE,mobiles,57.14,30,87.14
B078G6ZF5Z,"Oraimo 18W USB & Type-C Dual Output Super Fast Charger Wall Adapter PE2.0&Quick Charge 3.0 & Power Delivery 3.0 Compatible for iPhone 13/13 Mini/13 Pro Max/12/12 Pro Max, iPad Mini/Pro, Pixel, Galaxy, Airpods Pro",APPLE iPhone 12 Mini 5G (White 64 GB),APPLE,mobiles,57.14,30,87.14
B096MSW6CT,"Sounce Fast Phone Charging Cable & Data Sync USB Cable Compatible for iPhone 13, 12,11, X, 8, 7, 6, 5, iPad Air, Pro, Mini & iOS Devices",APPLE iPhone 12 Mini 5G (White 64 GB),APPLE,mobiles,57.14,30,87.14
B096MSW6CT,"Sounce Fast Phone Charging Cable & Data Sync USB Cable Compatible for iPhone 13, 12,11, X, 8, 7, 6, 5, iPad Air, Pro, Mini & iOS Devices",APPLE iPhone 12 Mini 5G (Blue 256 GB),APPLE,mobiles,57.14,30,87.14
B078G6ZF5Z,"Oraimo 18W USB & Type-C Dual Output Super Fast Charger Wall Adapter PE2.0&Quick Charge 3.0 & Power Delivery 3.0 Compatible for iPhone 13/13 Mini/13 Pro Max/12/12 Pro Max, iPad Mini/Pro, Pixel, Galaxy, Airpods Pro",APPLE iPhone 12 Mini 5G (Blue 256 GB),APPLE,mobiles,57.14,30,87.14
B0BBN3WF7V,"Redmi A1 (Light Green, 2GB RAM 32GB ROM) | Segment Best AI Dual Cam | 5000mAh Battery | Leather Texture Design | Android 12",REDMI A1+ (Black 32 GB),REDMI,mobiles,57.14,30,87.14
B08CHKQ8D4,"Wayona Type C to Lightning MFI Certified 20W Fast charging Nylon Braided USB C Cable for iPhone 14, 14 Pro, 14 Pro Max, 14 Plus, 13, 13 Pro, 13 Pro Max, 13 Mini, 12, 12 Pro, 11, 11 Pro Max iPhone 12 Mini, X, 8 (2M, Grey)",APPLE iPhone 12 Mini 5G (White 64 GB),APPLE,mobiles,57.14,30,87.14
B0B54Y2SNX,"iPhone Original 20W C Type Fast PD Charger Compatible with I-Phone13/13 mini/13pro/13 pro Max I-Phone 12/12 Pro/12mini/12 Pro Max, I-Phone11/11 Pro/11 Pro Max 2020 (Only Adapter)",APPLE iPhone 12 Mini 5G (Blue 256 GB),APPLE,mobiles,57.14,30,87.14
B094DQWV9B,"Kanget [2 Pack] Type C Female to USB A Male Charger | Charging Cable Adapter Converter compatible for iPhone 14, 13, 12,11 Pro Max/Mini/XR/XS/X/SE, Samsung S20 ultra/S21/S10/S8/S9/MacBook Pro iPad (Grey)",APPLE iPhone 12 Mini 5G (White 64 GB),APPLE,mobiles,57.14,30,87.14
B0BCKWZ884,Caldipree Silicone Case Cover Compatible for 2022 Samsung Smart TV Remote QLED TV BN68-13897A TM2280E (2022-BLACK),SAMSUNG Crystal 4K Neo Series 138 cm (55 inch) Ultra HD (4K) LED Smart Tizen TV with (Black) (2022 Mod...,SAMSUNG,tv,57.14,30,87.14
B0BBFJ9M3X,"Redmi 11 Prime 5G (Meadow Green, 4GB RAM 64GB ROM) | Prime Design | MTK Dimensity 700 | 50 MP Dual Cam | 5000mAh | 7 Band 5G",REDMI Note 10T 5G (Mint Green 128 GB),REDMI,mobiles,57.14,30,87.14
B08CHKQ8D4,"Wayona Type C to Lightning MFI Certified 20W Fast charging Nylon Braided USB C Cable for iPhone 14, 14 Pro, 14 Pro Max, 14 Plus, 13, 13 Pro, 13 Pro Max, 13 Mini, 12, 12 Pro, 11, 11 Pro Max iPhone 12 Mini, X, 8 (2M, Grey)",APPLE iPhone 12 Mini 5G (Blue 256 GB),APPLE,mobiles,57.14,30,87.14
B078G6ZF5Z,"Oraimo 18W USB & Type-C Dual Output Super Fast Charger Wall Adapter PE2.0&Quick Charge 3.0 & Power Delivery 3.0 Compatible for iPhone 13/13 Mini/13 Pro Max/12/12 Pro Max, iPad Mini/Pro, Pixel, Galaxy, Airpods Pro",APPLE iPhone 12 Mini 5G (White 64 GB),APPLE,mobiles,57.14,30,87.14
B078G6ZF5Z,"Oraimo 18W USB & Type-C Dual Output Super Fast Charger Wall Adapter PE2.0&Quick Charge 3.0 & Power Delivery 3.0 Compatible for iPhone 13/13 Mini/13 Pro Max/12/12 Pro Max, iPad Mini/Pro, Pixel, Galaxy, Airpods Pro",APPLE iPhone 12 Mini 5G (Blue 256 GB),APPLE,mobiles,57.14,30,87.14
B096MSW6CT,"Sounce Fast Phone Charging Cable & Data Sync USB Cable Compatible for iPhone 13, 12,11, X, 8, 7, 6, 5, iPad Air, Pro, Mini & iOS Devices",APPLE iPhone 12 Mini 5G (White 64 GB),APPLE,mobiles,57.14,30,87.14
B096MSW6CT,"Sounce Fast Phone Charging Cable & Data Sync USB Cable Compatible for iPhone 13, 12,11, X, 8, 7, 6, 5, iPad Air, Pro, Mini & iOS Devices",APPLE iPhone 12 Mini 5G (White 64 GB),APPLE,mobiles,57.14,30,87.14
B096MSW6CT,"Sounce Fast Phone Charging Cable & Data Sync USB Cable Compatible for iPhone 13, 12,11, X, 8, 7, 6, 5, iPad Air, Pro, Mini & iOS Devices",APPLE iPhone 12 Mini 5G (Blue 256 GB),APPLE,mobiles,57.14,30,87.14
B07JW9H4J1,"Wayona Nylon Braided USB to Lightning Fast Charging and Data Sync Cable Compatible for iPhone 13, 12,11, X, 8, 7, 6, 5, iPad Air, Pro, Mini (3 FT Pack of 1, Grey)",APPLE iPhone 12 Mini 5G (White 64 GB),APPLE,mobiles,57.14,30,87.14
B07JW9H4J1,"Wayona Nylon Braided USB to Lightning Fast Charging and Data Sync Cable Compatible for iPhone 13, 12,11, X, 8, 7, 6, 5, iPad Air, Pro, Mini (3 FT Pack of 1, Grey)",APPLE iPhone 12 Mini 5G (Blue 256 GB),APPLE,mobiles,57.14,30,87.14
B0BBN4DZBD,"Redmi A1 (Light Blue, 2GB RAM, 32GB Storage) | Segment Best AI Dual Cam | 5000mAh Battery | Leather Texture Design | Android 12",REDMI A1+ (Black 32 GB),REDMI,mobiles,57.14,30,87.14
B096MSW6CT,"Sounce Fast Phone Charging Cable & Data Sync USB Cable Compatible for iPhone 13, 12,11, X, 8, 7, 6, 5, iPad Air, Pro, Mini & iOS Devices",APPLE iPhone 12 Mini 5G (Blue 256 GB),APPLE,mobiles,57.14,30,87.14
B08KHM9VBJ,"Airtel AMF-311WW Data Card (Black), 4g Hotspot Support with 2300 Mah Battery",Lastpoint 4G Camera and Sim Card Support watch Smartwatch,Lastpoint,smart_watch,56.92,30,86.92
B08KHM9VBJ,"Airtel AMF-311WW Data Card (Black), 4g Hotspot Support with 2300 Mah Battery",Lastpoint 4G Camera and Sim Card Support watch Smartwatch,Lastpoint,smart_watch,56.92,30,86.92
B07W4HTS8Q,ACTIVA Instant 3 LTR 3 KVA SPECIAL Anti Rust Coated Tank Geyser with Full ABS Body with 5 Year Warranty Premium (White),BOSCH 7 kg 5 Star Withï¿½ Vario Drum & Anti Tangle Program Fully Automatic Top Load White,BOSCH,washing_machine,56.7,30,86.7
B099Z83VRC,"Wipro Vesta Electric Egg Boiler, 360 Watts, 3 Boiling Modes, Stainless Steel Body and Heating Plate, Boils up to 7 Eggs at a time, Automatic Shut Down, White, Standard (VB021070)",BOSCH 7 kg Fully Automatic Front Load White,BOSCH,washing_machine,56.67,30,86.67
B099Z83VRC,"Wipro Vesta Electric Egg Boiler, 360 Watts, 3 Boiling Modes, Stainless Steel Body and Heating Plate, Boils up to 7 Eggs at a time, Automatic Shut Down, White, Standard (VB021070)",RGL 7 kg Semi Automatic Top Load White Gold,RGL,washing_machine,56.67,30,86.67
B07WJWRNVK,"iQOO vivo Z6 5G (Dynamo Black, 6GB RAM, 128GB Storage) | Snapdragon 695-6nm Processor | 120Hz FHD+ Display | 5000mAh Battery",vivo T1 5G (Starlight Black 128 GB),vivo,mobiles,56.52,30,86.52
B07WJWRNVK,"iQOO vivo Z6 5G (Dynamo Black, 6GB RAM, 128GB Storage) | Snapdragon 695-6nm Processor | 120Hz FHD+ Display | 5000mAh Battery",vivo T1 5G (Starlight Black 128 GB),vivo,mobiles,56.52,30,86.52
B07WJWRNVK,"iQOO vivo Z6 5G (Dynamo Black, 6GB RAM, 128GB Storage) | Snapdragon 695-6nm Processor | 120Hz FHD+ Display | 5000mAh Battery",vivo T1 Pro 5G (Turbo Black 128 GB),vivo,mobiles,56.52,30,86.52
B08VB2CMR3,"OPPO A74 5G (Fluid Black, 6GB RAM, 128GB Storage) with No Cost EMI/Additional Exchange Offers",OPPO K10 5G (Midnight Black 128 GB),OPPO,mobiles,56.52,30,86.52
B08JMC1988,"boAt Stone 180 5W Bluetooth Speaker with Upto 10 Hours Playback, 1.75"" Driver, IPX7 & TWS Feature(Black)",Bashaam A534_A1 PRO HEART RATE BLUETOOTH SMART WATCH BLACK(PACK OF 1) Smartwatch,Bashaam,smart_watch,56.5,30,86.5
B08GSQXLJ2,Crompton Arno Neo 15-L 5 Star Rated Storage Water Heater (Geyser) with Advanced 3 Level Safety (Grey),LG 7 kg 5 star rating and Wind jet dry Semi Automatic Top Load Grey White,LG,washing_machine,56.47,30,86.47
B07W4HTS8Q,ACTIVA Instant 3 LTR 3 KVA SPECIAL Anti Rust Coated Tank Geyser with Full ABS Body with 5 Year Warranty Premium (White),IFB 7 kg 5 Star 2X Power SteamHard Water Wash Fully Automatic Front Load with In-built Heater White,IFB,washing_machine,56.46,30,86.46
B07W4HTS8Q,ACTIVA Instant 3 LTR 3 KVA SPECIAL Anti Rust Coated Tank Geyser with Full ABS Body with 5 Year Warranty Premium (White),IFB 7 kg 5 Star 2X Power SteamHard Water Wash Fully Automatic Front Load with In-built Heater White,IFB,washing_machine,56.46,30,86.46
B09DG9VNWB,"Samsung Galaxy Watch4 Bluetooth(4.4 cm, Black, Compatible with Android only)",SAMSUNG Watch 4 44mmSuper AMOLED bluetooth calling function & body composition tracking,SAMSUNG,smart_watch,56.41,30,86.41
B08KHM9VBJ,"Airtel AMF-311WW Data Card (Black), 4g Hotspot Support with 2300 Mah Battery",MindsArt Android 4G Camera Watch With Sim Card Supports Smartwatch,MindsArt,smart_watch,56.12,30,86.12
B0BCKWZ884,Caldipree Silicone Case Cover Compatible for 2022 Samsung Smart TV Remote QLED TV BN68-13897A TM2280E (2022-BLACK),SAMSUNG Crystal 4K Neo Series 108 cm (43 inch) Ultra HD (4K) LED Smart Tizen TV with (Black) (2022 Mod...,SAMSUNG,tv,56.12,30,86.12
B09BF8JBWX,"Lava A1 Josh 21(Blue Silver) -Dual Sim,Call Blink Notification,Military Grade Certified with 4 Day Battery Backup, Keypad Mobile",LAVA A1 Super 2021,LAVA,mobiles,56.0,30,86.0
B014HDJ7ZE,"Bajaj Majesty Duetto Gas 6 Ltr Vertical Water Heater ( LPG), White",LG 6 kg With Steam Fully Automatic Front Load with In-built Heater White,LG,washing_machine,55.81,30,85.81
B08GSQXLJ2,Crompton Arno Neo 15-L 5 Star Rated Storage Water Heater (Geyser) with Advanced 3 Level Safety (Grey),IFB 7 kg 5 Star Aqua Conserve Hard Water Wash Smart Sense Fully Automatic Top Load Grey White,IFB,washing_machine,55.79,30,85.79
B08J4PL1Z3,"RPM Euro Games Laptop/PC Controller Wired for Windows - 7, 8, 8.1, 10 and XP, Ps3(Upgraded with XYAB Buttons)",HP Ryzen 3 Quad Core 5300U - (8 GB/512 GB SSD/Windows 11 Home) 15s-eq2143au Thin and Light Laptop,HP,laptops,55.79,30,85.79
B09YHLPQYT,Shopoflux Silicone Remote Cover for Mi Smart TV and Mi TV Stick/MI Box S / 3S / MI 4X / 4A Smart LED TV (Black),Mi 4A Horizon Edition 80 cm (32 inch) HD Ready LED Smart Android TV,Mi,tv,55.78,30,85.78
B09YHLPQYT,Shopoflux Silicone Remote Cover for Mi Smart TV and Mi TV Stick/MI Box S / 3S / MI 4X / 4A Smart LED TV (Black),Mi 4A Horizon Edition 108 cm (43 inch) Full HD LED Smart Android TV,Mi,tv,55.78,30,85.78
B09WRMNJ9G,"OnePlus 10R 5G (Forest Green, 8GB RAM, 128GB Storage, 80W SuperVOOC)",SAMSUNG Galaxy F23 5G (Forest Green 128 GB),SAMSUNG,mobiles,55.77,30,85.77
B099Z83VRC,"Wipro Vesta Electric Egg Boiler, 360 Watts, 3 Boiling Modes, Stainless Steel Body and Heating Plate, Boils up to 7 Eggs at a time, Automatic Shut Down, White, Standard (VB021070)",LG 7.5 kg Semi Automatic Top Load White Grey,LG,washing_machine,55.74,30,85.74
B08QHLXWV3,Kenstar 2400 Watts 9 Fins Oil Filled Radiator with PTC Fan Heater (BLACK GOLD),IFB 9 kg 5 Star 2X Power SteamHard Water Wash Fully Automatic Front Load with In-built Heater Silver,IFB,washing_machine,55.68,30,85.68
B0949SBKMP,"boAt Flash Edition Smart Watch with Activity Tracker, Multiple Sports Modes, 1.3"" Screen, 170+ Watch Faces, Sleep Monitor, Gesture, Camera & Music Control, IP68 & 7 Days Battery Life(Lightning Black)",DIZO Watch S 1.57 Bright touch screen with rectangular display and 110+ sports modes,DIZO,smart_watch,55.65,30,85.65
B0949SBKMP,"boAt Flash Edition Smart Watch with Activity Tracker, Multiple Sports Modes, 1.3"" Screen, 170+ Watch Faces, Sleep Monitor, Gesture, Camera & Music Control, IP68 & 7 Days Battery Life(Lightning Black)",DIZO Watch S 1.57 Bright touch screen with rectangular display and 110+ sports modes,DIZO,smart_watch,55.65,30,85.65
B0B3D39RKV,"OnePlus Nord 2T 5G (Jade Fog, 12GB RAM, 256GB Storage)",APPLE iPhone 14 Plus 5G (Starlight 256 GB),APPLE,mobiles,55.56,30,85.56
B08WRKSF9D,"V-Guard Divino 5 Star Rated 15 Litre Storage Water Heater (Geyser) with Advanced Safety Features, White",IFB 7 kg 5 Star Aqua EnergieHard Water Wash Fully Automatic Front Load with In-built Heater Silver,IFB,washing_machine,55.56,30,85.56
B014SZPBM4,"Duracell Ultra Alkaline D Battery, 2 Pcs",realme Watch 2 with 320 x 320p Ultra Sharp 600 nits Display & up to 12-day Battery Smartwatch,realme,smart_watch,55.56,30,85.56
B0974H97TJ,"boAt A 350 Type C Cable for Smartphone, Charging Adapter (1.5m, Carbon Black)",boAt Storm Pro Call with Bluetooth Calling 1.78'' AMOLED Display and ASAP Charge Smartwatch,boAt,smart_watch,55.56,30,85.56
B09NS5TKPN,"LG 1.5 Ton 5 Star AI DUAL Inverter Split AC (Copper, Super Convertible 6-in-1 Cooling, HD Filter with Anti-Virus Protection, 2022 Model, PS-Q19YNZE, White)",IFB 6.5 kg 5 Star Wi-fi & Voice Enabled Dual-tone with IMD panel Anti- Allergen In-built heater Ful...,IFB,washing_machine,55.46,30,85.46
B09NS5TKPN,"LG 1.5 Ton 5 Star AI DUAL Inverter Split AC (Copper, Super Convertible 6-in-1 Cooling, HD Filter with Anti-Virus Protection, 2022 Model, PS-Q19YNZE, White)",LG 260 L Frost Free Double Door 1 Star Refrigerator  with Smart Inverter With Multi Air Flow Cooling ...,LG,refrigerator,55.46,30,85.46
B08GSQXLJ2,Crompton Arno Neo 15-L 5 Star Rated Storage Water Heater (Geyser) with Advanced 3 Level Safety (Grey),IFB 6.5 kg 5 Star Aqua Conserve Hard Water Wash Smart Sense Fully Automatic Top Load Grey,IFB,washing_machine,55.43,30,85.43
B0B3CPQ5PF,"OnePlus Nord 2T 5G (Jade Fog, 8GB RAM, 128GB Storage)",OnePlus 10R 5G (Sierra Black 128 GB),OnePlus,mobiles,55.42,30,85.42
B08VB2CMR3,"OPPO A74 5G (Fluid Black, 6GB RAM, 128GB Storage) with No Cost EMI/Additional Exchange Offers",OPPO Reno8 5G (Shimmer Black 128 GB),OPPO,mobiles,55.32,30,85.32
B084PJSSQ1,"SanDisk Ultra Dual Drive Luxe USB Type C Flash Drive (Silver, 128 GB, 5Y - SDDDC4-128G-I35)",Infinix Hot 11S (Silver Wave 128 GB),Infinix,mobiles,55.32,30,85.32
B09LJ116B5,"Redmi Note 11T 5G (Aquamarine Blue, 6GB RAM, 128GB ROM)| Dimensity 810 5G | 33W Pro Fast Charging | Charger Included | Additional Exchange Offers| Get 2 Months of YouTube Premium Free!",REDMI Note 10T 5G (Mint Green 64 GB),REDMI,mobiles,55.32,30,85.32
B09LHZSMRR,"Redmi Note 11T 5G (Stardust White, 6GB RAM, 128GB ROM)| Dimensity 810 5G | 33W Pro Fast Charging | Charger Included | Additional Exchange Offers|Get 2 Months of YouTube Premium Free!",REDMI Note 10T 5G (Mint Green 64 GB),REDMI,mobiles,55.32,30,85.32
B08TTRVWKY,"MILTON Smart Egg Boiler 360-Watts (Transparent and Silver Grey), Boil Up to 7 Eggs",LG 7 kg with Smart Diagnosis and Smart Inverter Fully Automatic Top Load Silver,LG,washing_machine,55.26,30,85.26
B0B3CPQ5PF,"OnePlus Nord 2T 5G (Jade Fog, 8GB RAM, 128GB Storage)",MOTOROLA g82 5G (Meterorite Grey 128 GB),MOTOROLA,mobiles,55.17,30,85.17
B00NW4UWN6,Prestige PKGSS 1.7L 1500W Electric Kettle (Stainless Steel),LG 190 L Direct Cool Single Door 1 Star Refrigerator,LG,refrigerator,55.05,30,85.05
B08QHLXWV3,Kenstar 2400 Watts 9 Fins Oil Filled Radiator with PTC Fan Heater (BLACK GOLD),Whirlpool 9.5 kg Fully Automatic Top Load with In-built Heater Black Grey,Whirlpool,washing_machine,55.03,30,85.03
B08J4PL1Z3,"RPM Euro Games Laptop/PC Controller Wired for Windows - 7, 8, 8.1, 10 and XP, Ps3(Upgraded with XYAB Buttons)",HP Athlon Dual Core 3050U - (8 GB/256 GB SSD/Windows 11 Home) 14s-fq0568AU Thin and Light Laptop,HP,laptops,55.03,30,85.03
B08G28Z33M,realme Buds Classic Wired in Ear Earphones with Mic (Black),Realme Classic Watch,Realme,smart_watch,82.35,0,82.35
B08FN6WGDQ,"Samsung Galaxy Buds Live Bluetooth Truly Wireless in Ear Earbuds with Mic, Upto 21 Hours Playtime, Mystic Black",SAMSUNG Galaxy M32 (Black 64 GB),SAMSUNG,mobiles,80.0,0,80.0
B07F1P8KNV,"Wayona Nylon Braided Usb Type C 3Ft 1M 3A Fast Charger Cable For Samsung Galaxy S9 S8 (Wc3Cb1, Black)",SAMSUNG Galaxy M32 (Black 64 GB),SAMSUNG,mobiles,80.0,0,80.0
B09C6HXFC1,"Duracell USB Lightning Apple Certified (Mfi) Braided Sync & Charge Cable For Iphone, Ipad And Ipod. Fast Charging Lightning Cable, 3.9 Feet (1.2M) - Black",APPLE iPhone 11 (Black 64 GB),APPLE,mobiles,80.0,0,80.0
B084N1BM9L,"Belkin Apple Certified Lightning to USB Charge and Sync Tough Braided Cable for iPhone, iPad, Air Pods, 3.3 feet (1 meters) – Black",APPLE iPhone 11 (Black 64 GB),APPLE,mobiles,80.0,0,80.0
B09C6HXFC1,"Duracell USB Lightning Apple Certified (Mfi) Braided Sync & Charge Cable For Iphone, Ipad And Ipod. Fast Charging Lightning Cable, 3.9 Feet (1.2M) - Black",APPLE iPhone 11 (Black 64 GB),APPLE,mobiles,80.0,0,80.0
B084MZXJNK,"Belkin Apple Certified Lightning To Type C Cable, Tough Unbreakable Braided Fast Charging For Iphone, Ipad, Air Pods, 3.3 Feet (1 Meters)    White",APPLE iPhone 11 (White 64 GB),APPLE,mobiles,80.0,0,80.0
B09W5XR9RT,"Duracell USB C To Lightning Apple Certified (Mfi) Braided Sync & Charge Cable For Iphone, Ipad And Ipod. Fast Charging Lightning Cable, 3.9 Feet (1.2M) - Black",APPLE iPhone 11 (Black 64 GB),APPLE,mobiles,80.0,0,80.0
B084MZXJN6,"Belkin Apple Certified Lightning to USB Charge and Sync Cable for iPhone, iPad, Air Pods, 39.6 inch (100cm) – Black",APPLE iPhone 11 (Black 64 GB),APPLE,mobiles,80.0,0,80.0
B09W5XR9RT,"Duracell USB C To Lightning Apple Certified (Mfi) Braided Sync & Charge Cable For Iphone, Ipad And Ipod. Fast Charging Lightning Cable, 3.9 Feet (1.2M) - Black",APPLE iPhone 11 (Black 64 GB),APPLE,mobiles,80.0,0,80.0
B0B5F3YZY4,"Wayona 3in1 Nylon Braided 66W USB Fast Charging Cable with Type C, Lightening and Micro USB Port, Compatible with iPhone, iPad, Samsung Galaxy, OnePlus, Mi, Oppo, Vivo, iQOO, Xiaomi (1M, Black)",SAMSUNG Galaxy M32 (Black 64 GB),SAMSUNG,mobiles,80.0,0,80.0
B08P9RYPLR,"FLiX (Beetel) USB to iPhone Lightning Textured Pattern Data Sync & 2A Fast Charging Cable, Made in India, 480Mbps Data Sync, Tough Cable, 1 Meter Long USB Cable for Apple Devices (Black)(XCD-L102)",APPLE iPhone 11 (Black 64 GB),APPLE,mobiles,80.0,0,80.0
B081FG1QYX,"Wayona Type C Cable Nylon Braided USB C QC 3.0 Fast Charging Short Power Bank Cable for Samsung Galaxy S10e/S10+/S10/S9/S9+/Note 9/S8/Note 8, LG G7 G5 G6, Moto G6 G7 (0.25M, Black)",SAMSUNG Galaxy M32 (Black 64 GB),SAMSUNG,mobiles,80.0,0,80.0
B09C6HXFC1,"Duracell USB Lightning Apple Certified (Mfi) Braided Sync & Charge Cable For Iphone, Ipad And Ipod. Fast Charging Lightning Cable, 3.9 Feet (1.2M) - Black",APPLE iPhone 11 (Black 64 GB),APPLE,mobiles,80.0,0,80.0
B082T6GVG9,"AmazonBasics New Release ABS USB-A to Lightning Cable Cord, Fast Charging MFi Certified Charger for Apple iPhone, iPad Tablet (3-Ft, White)",APPLE iPhone 11 (White 64 GB),APPLE,mobiles,80.0,0,80.0
B084N133Y7,"Belkin Apple Certified Lightning To Type C Cable, Fast Charging For Iphone, Ipad, Air Pods, 3.3 Feet (1 Meters)    White",APPLE iPhone 11 (White 64 GB),APPLE,mobiles,80.0,0,80.0
B09W5XR9RT,"Duracell USB C To Lightning Apple Certified (Mfi) Braided Sync & Charge Cable For Iphone, Ipad And Ipod. Fast Charging Lightning Cable, 3.9 Feet (1.2M) - Black",APPLE iPhone 11 (Black 64 GB),APPLE,mobiles,80.0,0,80.0
B0BD3T6Z1D,"Samsung Galaxy M32 Prime Edition (Light Blue, 4GB RAM, 64GB)",SAMSUNG Galaxy M12 (Blue 64 GB),SAMSUNG,mobiles,79.17,0,79.17
B0BMGG6NKT,"Samsung Galaxy M04 Dark Blue, 4GB RAM, 128GB Storage | Upto 8GB RAM with RAM Plus | MediaTek Helio P35 | 5000 mAh Battery",SAMSUNG Galaxy M12 (Blue 64 GB),SAMSUNG,mobiles,79.17,0,79.17
B0BMGB3CH9,"Samsung Galaxy M04 Dark Blue, 4GB RAM, 64GB Storage | Upto 8GB RAM with RAM Plus | MediaTek Helio P35 | 5000 mAh Battery",SAMSUNG Galaxy M12 (Blue 64 GB),SAMSUNG,mobiles,79.17,0,79.17
B0B5F3YZY4,"Wayona 3in1 Nylon Braided 66W USB Fast Charging Cable with Type C, Lightening and Micro USB Port, Compatible with iPhone, iPad, Samsung Galaxy, OnePlus, Mi, Oppo, Vivo, iQOO, Xiaomi (1M, Black)",SAMSUNG Galaxy A13 (Black 128 GB),SAMSUNG,mobiles,78.43,0,78.43
B0B5F3YZY4,"Wayona 3in1 Nylon Braided 66W USB Fast Charging Cable with Type C, Lightening and Micro USB Port, Compatible with iPhone, iPad, Samsung Galaxy, OnePlus, Mi, Oppo, Vivo, iQOO, Xiaomi (1M, Black)",SAMSUNG Galaxy A23 (Black 128 GB),SAMSUNG,mobiles,78.43,0,78.43
B08FN6WGDQ,"Samsung Galaxy Buds Live Bluetooth Truly Wireless in Ear Earbuds with Mic, Upto 21 Hours Playtime, Mystic Black",SAMSUNG Galaxy A23 (Black 128 GB),SAMSUNG,mobiles,78.43,0,78.43
B08FN6WGDQ,"Samsung Galaxy Buds Live Bluetooth Truly Wireless in Ear Earbuds with Mic, Upto 21 Hours Playtime, Mystic Black",SAMSUNG Galaxy A13 (Black 128 GB),SAMSUNG,mobiles,78.43,0,78.43
B07F1P8KNV,"Wayona Nylon Braided Usb Type C 3Ft 1M 3A Fast Charger Cable For Samsung Galaxy S9 S8 (Wc3Cb1, Black)",SAMSUNG Galaxy A13 (Black 128 GB),SAMSUNG,mobiles,78.43,0,78.43
B07F1P8KNV,"Wayona Nylon Braided Usb Type C 3Ft 1M 3A Fast Charger Cable For Samsung Galaxy S9 S8 (Wc3Cb1, Black)",SAMSUNG Galaxy A23 (Black 128 GB),SAMSUNG,mobiles,78.43,0,78.43
B08P9RYPLR,"FLiX (Beetel) USB to iPhone Lightning Textured Pattern Data Sync & 2A Fast Charging Cable, Made in India, 480Mbps Data Sync, Tough Cable, 1 Meter Long USB Cable for Apple Devices (Black)(XCD-L102)",APPLE iPhone 11 (Black 128 GB),APPLE,mobiles,78.26,0,78.26
B084MZXJN6,"Belkin Apple Certified Lightning to USB Charge and Sync Cable for iPhone, iPad, Air Pods, 39.6 inch (100cm) – Black",APPLE iPhone 11 (Black 128 GB),APPLE,mobiles,78.26,0,78.26
B09C6HXFC1,"Duracell USB Lightning Apple Certified (Mfi) Braided Sync & Charge Cable For Iphone, Ipad And Ipod. Fast Charging Lightning Cable, 3.9 Feet (1.2M) - Black",APPLE iPhone 11 (Black 128 GB),APPLE,mobiles,78.26,0,78.26
B09C6HXFC1,"Duracell USB Lightning Apple Certified (Mfi) Braided Sync & Charge Cable For Iphone, Ipad And Ipod. Fast Charging Lightning Cable, 3.9 Feet (1.2M) - Black",APPLE iPhone 11 (Black 128 GB),APPLE,mobiles,78.26,0,78.26
B09W5XR9RT,"Duracell USB C To Lightning Apple Certified (Mfi) Braided Sync & Charge Cable For Iphone, Ipad And Ipod. Fast Charging Lightning Cable, 3.9 Feet (1.2M) - Black",APPLE iPhone 11 (Black 128 GB),APPLE,mobiles,78.26,0,78.26
B084N1BM9L,"Belkin Apple Certified Lightning to USB Charge and Sync Tough Braided Cable for iPhone, iPad, Air Pods, 3.3 feet (1 meters) – Black",APPLE iPhone 11 (Black 128 GB),APPLE,mobiles,78.26,0,78.26
B09C6HXFC1,"Duracell USB Lightning Apple Certified (Mfi) Braided Sync & Charge Cable For Iphone, Ipad And Ipod. Fast Charging Lightning Cable, 3.9 Feet (1.2M) - Black",APPLE iPhone 11 (Black 128 GB),APPLE,mobiles,78.26,0,78.26
B09W5XR9RT,"Duracell USB C To Lightning Apple Certified (Mfi) Braided Sync & Charge Cable For Iphone, Ipad And Ipod. Fast Charging Lightning Cable, 3.9 Feet (1.2M) - Black",APPLE iPhone 11 (Black 128 GB),APPLE,mobiles,78.26,0,78.26
B084N133Y7,"Belkin Apple Certified Lightning To Type C Cable, Fast Charging For Iphone, Ipad, Air Pods, 3.3 Feet (1 Meters)    White",APPLE iPhone 11 (White 128 GB),APPLE,mobiles,78.26,0,78.26
B082T6GVG9,"AmazonBasics New Release ABS USB-A to Lightning Cable Cord, Fast Charging MFi Certified Charger for Apple iPhone, iPad Tablet (3-Ft, White)",APPLE iPhone 11 (White 128 GB),APPLE,mobiles,78.26,0,78.26
B09W5XR9RT,"Duracell USB C To Lightning Apple Certified (Mfi) Braided Sync & Charge Cable For Iphone, Ipad And Ipod. Fast Charging Lightning Cable, 3.9 Feet (1.2M) - Black",APPLE iPhone 11 (Black 128 GB),APPLE,mobiles,78.26,0,78.26
B084MZXJNK,"Belkin Apple Certified Lightning To Type C Cable, Tough Unbreakable Braided Fast Charging For Iphone, Ipad, Air Pods, 3.3 Feet (1 Meters)    White",APPLE iPhone 11 (White 128 GB),APPLE,mobiles,78.26,0,78.26
B0BMGB2TPR,"Samsung Galaxy M04 Light Green, 4GB RAM, 64GB Storage | Upto 8GB RAM with RAM Plus | MediaTek Helio P35 | 5000 mAh Battery",SAMSUNG Galaxy S22 Plus 5G (Green 128 GB),SAMSUNG,mobiles,78.12,0,78.12
B0BMGG6NKT,"Samsung Galaxy M04 Dark Blue, 4GB RAM, 128GB Storage | Upto 8GB RAM with RAM Plus | MediaTek Helio P35 | 5000 mAh Battery",SAMSUNG Galaxy A13 (Blue 128 GB),SAMSUNG,mobiles,77.55,0,77.55
B0BD3T6Z1D,"Samsung Galaxy M32 Prime Edition (Light Blue, 4GB RAM, 64GB)",SAMSUNG Galaxy A13 (Blue 128 GB),SAMSUNG,mobiles,77.55,0,77.55
B0BMGB3CH9,"Samsung Galaxy M04 Dark Blue, 4GB RAM, 64GB Storage | Upto 8GB RAM with RAM Plus | MediaTek Helio P35 | 5000 mAh Battery",SAMSUNG Galaxy A13 (Blue 128 GB),SAMSUNG,mobiles,77.55,0,77.55
B08P9RYPLR,"FLiX (Beetel) USB to iPhone Lightning Textured Pattern Data Sync & 2A Fast Charging Cable, Made in India, 480Mbps Data Sync, Tough Cable, 1 Meter Long USB Cable for Apple Devices (Black)(XCD-L102)",APPLE iPhone 12 5G (Black 64 GB),APPLE,mobiles,75.0,0,75.0
B084MZXJN6,"Belkin Apple Certified Lightning to USB Charge and Sync Cable for iPhone, iPad, Air Pods, 39.6 inch (100cm) – Black",APPLE iPhone 12 5G (Black 64 GB),APPLE,mobiles,75.0,0,75.0
B00YQLG7GK,"PHILIPS HL1655/00 Hand Blender, White Jar 250W",PHILIPS E125,PHILIPS,mobiles,73.68,0,73.68
B008LN8KDM,Philips GC1920/28 1440-Watt Non-Stick Soleplate Steam Iron,PHILIPS E125,PHILIPS,mobiles,73.68,0,73.68
B01KCSGBU2,"Philips Air Purifier Ac2887/20,Vitashield Intelligent Purification,Long Hepa Filter Life Upto 17000 Hours,Removes 99.9% Airborne Viruses & Bacteria,99.97% Airborne Pollutants,Ideal For Master Bedroom",PHILIPS E125,PHILIPS,mobiles,73.68,0,73.68
B08H6B3G96,"Philips EasySpeed Plus Steam Iron GC2147/30-2400W, Quick Heat up with up to 30 g/min steam, 150g steam Boost, Scratch Resistant Ceramic Soleplate, Vertical steam, Drip-Stop",PHILIPS E125,PHILIPS,mobiles,73.68,0,73.68
B08TM71L54,"PHILIPS Handheld Garment Steamer STH3000/20 - Compact & Foldable, Convenient Vertical Steaming, 1000 Watt Quick Heat Up, up to 20g/min, Kills 99.9%* Bacteria (Reno Blue), Small",PHILIPS E125,PHILIPS,mobiles,73.68,0,73.68
B07P1BR7L8,"Philips HD6975/00 25 Litre Digital Oven Toaster Grill, Grey, 25 liter",PHILIPS E125,PHILIPS,mobiles,73.68,0,73.68
B008QTK47Q,Philips GC1905 1440-Watt Steam Iron with Spray (Blue),PHILIPS E125,PHILIPS,mobiles,73.68,0,73.68
B072J83V9W,Philips PowerPro FC9352/01 Compact Bagless Vacuum Cleaner (Blue),PHILIPS E125,PHILIPS,mobiles,73.68,0,73.68
B07DXRGWDJ,"Philips Handheld Garment Steamer GC360/30 - Vertical & Horizontal Steaming, 1200 Watt, up to 22g/min",PHILIPS E125,PHILIPS,mobiles,73.68,0,73.68
B00EDJJ7FS,Philips Viva Collection HD4928/01 2100-Watt Induction Cooktop with Feather Touch Sensor and Crystal Glass Plate (Black),PHILIPS E125,PHILIPS,mobiles,73.68,0,73.68
B00TDD0YM4,"Philips GC026/30 Fabric Shaver, Lint Remover for Woolen Sweaters, Blankets, Jackets/Burr Remover Pill Remover from Carpets, Curtains (White)",PHILIPS E125,PHILIPS,mobiles,73.68,0,73.68
B00KRCBA6E,Maharaja Whiteline Lava Neo 1200-Watts Halogen Heater (White and Red),LAVA A5,LAVA,mobiles,72.73,0,72.73
B0941392C8,"Lava Charging Adapter Elements D3 2A Fast Charging Speed Usb Type C Data Cable, White",LAVA A3,LAVA,mobiles,72.73,0,72.73
B0941392C8,"Lava Charging Adapter Elements D3 2A Fast Charging Speed Usb Type C Data Cable, White",LAVA A5,LAVA,mobiles,72.73,0,72.73
B00KRCBA6E,Maharaja Whiteline Lava Neo 1200-Watts Halogen Heater (White and Red),LAVA A3,LAVA,mobiles,72.73,0,72.73
B08H21B6V7,Nokia 150 (2020) (Cyan),Nokia C21 Plus (Cyan 64 GB),Nokia,mobiles,68.97,0,68.97
B07GXHC691,"STRIFF PS2_01 Multi Angle Mobile/Tablet Tabletop Stand. Phone Holder for iPhone, Android, Samsung, OnePlus, Xiaomi. Portable, Foldable Cell Phone Stand. Perfect for Bed, Office, Home & Desktop (Black)",Gazzet 4G A1 Black for android mobile Smartwatch,Gazzet,smart_watch,66.67,0,66.67
B00KRCBA6E,Maharaja Whiteline Lava Neo 1200-Watts Halogen Heater (White and Red),LAVA Gem,LAVA,mobiles,66.67,0,66.67
B09VZBGL1N,"STRIFF Multi Angle Tablet/Mobile Stand. Holder for iPhone, Android, Samsung, OnePlus, Xiaomi. Portable,Foldable Stand.Perfect for Bed,Office, Home,Gift and Desktop (Black)",Gazzet 4G A1 Black for android mobile Smartwatch,Gazzet,smart_watch,66.67,0,66.67
B09TP5KBN7,"pTron Volta Dual Port 12W Smart USB Charger Adapter, Multi-Layer Protection, Made in India, BIS Certified, Fast Charging Power Adaptor Without Cable for All iOS & Android Devices (Black)",Itel Ace Young Without Charger,Itel,mobiles,66.67,0,66.67
B0941392C8,"Lava Charging Adapter Elements D3 2A Fast Charging Speed Usb Type C Data Cable, White",LAVA Gem,LAVA,mobiles,66.67,0,66.67
B081NHWT6Z,LOHAYA Television Remote Compatible with Samsung Smart LED/LCD/HD TV Remote Control [ Compatible for All Samsung Tv Remote Control ],SAMSUNG 80 cm (32 inch) HD Ready LED Smart Tizen TV,SAMSUNG,tv,63.89,0,63.89
B081NHWT6Z,LOHAYA Television Remote Compatible with Samsung Smart LED/LCD/HD TV Remote Control [ Compatible for All Samsung Tv Remote Control ],SAMSUNG 80 cm (32 inch) HD Ready LED Smart Tizen TV,SAMSUNG,tv,63.89,0,63.89
B081NHWT6Z,LOHAYA Television Remote Compatible with Samsung Smart LED/LCD/HD TV Remote Control [ Compatible for All Samsung Tv Remote Control ],SAMSUNG 108 cm (43 inch) Full HD LED Smart Tizen TV,SAMSUNG,tv,63.89,0,63.89
B09JS94MBV,"Motorola a10 Dual Sim keypad Mobile with 1750 mAh Battery, Expandable Storage Upto 32GB, Wireless FM with Recording - Dark Blue",MOTOROLA g31 (Baby Blue 64 GB),MOTOROLA,mobiles,63.41,0,63.41
B08HD7JQHX,"HUMBLE Dynamic Lapel Collar Mic Voice Recording Filter Microphone for Singing Youtube SmartPhones, Black",OPPO A15s (Dynamic Black 64 GB),OPPO,mobiles,61.9,0,61.9
B09NR6G588,"Boult Audio ZCharge Bluetooth Wireless in Ear Earphones with Mic, 40H Playtime and Super Fast Charging, Environmental Noise Cancellation for Pro+ Calling and IPX5 Water Resistant (Black)",AeoFit Polaris Pro Bluetooth Calling Smartwatch,AeoFit,smart_watch,61.76,0,61.76
B08G28Z33M,realme Buds Classic Wired in Ear Earphones with Mic (Black),realme 8 (Cyber Black 128 GB),realme,mobiles,61.54,0,61.54
B08444S68L,"OPPO A31 (Mystery Black, 6GB RAM, 128GB Storage) with No Cost EMI/Additional Exchange Offers",OPPO A15 (Mystery Blue 32 GB),OPPO,mobiles,61.54,0,61.54
B09VZBGL1N,"STRIFF Multi Angle Tablet/Mobile Stand. Holder for iPhone, Android, Samsung, OnePlus, Xiaomi. Portable,Foldable Stand.Perfect for Bed,Office, Home,Gift and Desktop (Black)",APPLE iPhone 11 (Black 64 GB),APPLE,mobiles,61.54,0,61.54
B09Y14JLP3,"STRIFF UPH2W Multi Angle Tablet/Mobile Stand. Holder for iPhone, Android, Samsung, OnePlus, Xiaomi. Portable,Foldable Stand.Perfect for Bed,Office, Home,Gift and Desktop (White)",APPLE iPhone 11 (White 64 GB),APPLE,mobiles,61.54,0,61.54
B09PNR6F8Q,"realme 10W Fast Charging Micro-USB Cable (Braided, Black)",realme 8 (Cyber Black 128 GB),realme,mobiles,61.54,0,61.54
B08K4RDQ71,"Tukzer Capacitive Stylus Pen for Touch Screens Devices, Fine Point, Lightweight Metal Body with Magnetism Cover Cap for Smartphones/Tablets/iPad/iPad Pro/iPhone (White)",APPLE iPhone 11 (White 64 GB),APPLE,mobiles,61.54,0,61.54
B07LGT55SJ,"Wayona Usb Nylon Braided Data Sync And Charging Cable For Iphone, Ipad Tablet (Red, Black)",APPLE iPhone 11 (Black 64 GB),APPLE,mobiles,61.54,0,61.54
B09TP5KBN7,"pTron Volta Dual Port 12W Smart USB Charger Adapter, Multi-Layer Protection, Made in India, BIS Certified, Fast Charging Power Adaptor Without Cable for All iOS & Android Devices (Black)",POCO M5 (Power Black 64 GB),POCO,mobiles,61.11,0,61.11
B07DJ5KYDZ,Lenovo GX20L29764 65W Laptop Adapter/Charger with Power Cord for Select Models of Lenovo (Round pin) (Black),POCO M5 (Power Black 64 GB),POCO,mobiles,61.11,0,61.11
B09NR6G588,"Boult Audio ZCharge Bluetooth Wireless in Ear Earphones with Mic, 40H Playtime and Super Fast Charging, Environmental Noise Cancellation for Pro+ Calling and IPX5 Water Resistant (Black)",Fire-Boltt Talk Pro Bluetooth Calling Smartwatch,Fire-Boltt,smart_watch,60.87,0,60.87
B09NR6G588,"Boult Audio ZCharge Bluetooth Wireless in Ear Earphones with Mic, 40H Playtime and Super Fast Charging, Environmental Noise Cancellation for Pro+ Calling and IPX5 Water Resistant (Black)",Fire-Boltt Talk Pro Bluetooth Calling Smartwatch Smartwatch,Fire-Boltt,smart_watch,60.87,0,60.87
B01F262EUU,"Samsung Original EHS64 Wired in Ear Earphones with Mic, Black",SAMSUNG Galaxy M32 (Black 64 GB),SAMSUNG,mobiles,60.47,0,60.47
B08VF8V79P,"Samsung Original 25W USB Travel Lightning Adapter for Cellular Phones, Black",SAMSUNG Galaxy M32 (Black 64 GB),SAMSUNG,mobiles,60.47,0,60.47
B09JS94MBV,"Motorola a10 Dual Sim keypad Mobile with 1750 mAh Battery, Expandable Storage Upto 32GB, Wireless FM with Recording - Dark Blue",MOTOROLA g72 (Polar Blue 128 GB),MOTOROLA,mobiles,60.47,0,60.47
B09JS94MBV,"Motorola a10 Dual Sim keypad Mobile with 1750 mAh Battery, Expandable Storage Upto 32GB, Wireless FM with Recording - Dark Blue",MOTOROLA e32 (Arctic Blue 64 GB),MOTOROLA,mobiles,60.47,0,60.47
B09VZBGL1N,"STRIFF Multi Angle Tablet/Mobile Stand. Holder for iPhone, Android, Samsung, OnePlus, Xiaomi. Portable,Foldable Stand.Perfect for Bed,Office, Home,Gift and Desktop (Black)",SAMSUNG Galaxy M32 (Black 64 GB),SAMSUNG,mobiles,60.47,0,60.47
B09PNR6F8Q,"realme 10W Fast Charging Micro-USB Cable (Braided, Black)",realme C30 (Denim Black 32 GB),realme,mobiles,60.0,0,60.0
B09PNR6F8Q,"realme 10W Fast Charging Micro-USB Cable (Braided, Black)",realme C30 (Denim Black 32 GB),realme,mobiles,60.0,0,60.0
B0974G5Q2Y,"boAt Laptop, Smartphone Type-c A400 Male Data Cable (Carbon Black)",OPPO K10 (Black Carbon 128 GB),OPPO,mobiles,60.0,0,60.0
B08G28Z33M,realme Buds Classic Wired in Ear Earphones with Mic (Black),realme C30 (Denim Black 32 GB),realme,mobiles,60.0,0,60.0
B09Y14JLP3,"STRIFF UPH2W Multi Angle Tablet/Mobile Stand. Holder for iPhone, Android, Samsung, OnePlus, Xiaomi. Portable,Foldable Stand.Perfect for Bed,Office, Home,Gift and Desktop (White)",APPLE iPhone 11 (White 128 GB),APPLE,mobiles,60.0,0,60.0
B08K4RDQ71,"Tukzer Capacitive Stylus Pen for Touch Screens Devices, Fine Point, Lightweight Metal Body with Magnetism Cover Cap for Smartphones/Tablets/iPad/iPad Pro/iPhone (White)",APPLE iPhone 11 (White 128 GB),APPLE,mobiles,60.0,0,60.0
B07LGT55SJ,"Wayona Usb Nylon Braided Data Sync And Charging Cable For Iphone, Ipad Tablet (Red, Black)",APPLE iPhone 11 (Black 128 GB),APPLE,mobiles,60.0,0,60.0
B09MM6P76N,7SEVEN® Compatible Lg Smart Tv Remote Suitable for Any LG LED OLED LCD UHD Plasma Android Television and AKB75095303 replacement of Original Lg Tv Remote Control,BPL 80 cm (32 inch) HD Ready LED Smart Android TV,BPL,tv,59.7,0,59.7
B07DJ5KYDZ,Lenovo GX20L29764 65W Laptop Adapter/Charger with Power Cord for Select Models of Lenovo (Round pin) (Black),POCO M5 (Power Black 128 GB),POCO,mobiles,59.46,0,59.46
B09TP5KBN7,"pTron Volta Dual Port 12W Smart USB Charger Adapter, Multi-Layer Protection, Made in India, BIS Certified, Fast Charging Power Adaptor Without Cable for All iOS & Android Devices (Black)",POCO M5 (Power Black 128 GB),POCO,mobiles,59.46,0,59.46
B08VF8V79P,"Samsung Original 25W USB Travel Lightning Adapter for Cellular Phones, Black",SAMSUNG Galaxy A23 (Black 128 GB),SAMSUNG,mobiles,59.09,0,59.09
B08VF8V79P,"Samsung Original 25W USB Travel Lightning Adapter for Cellular Phones, Black",SAMSUNG Galaxy A13 (Black 128 GB),SAMSUNG,mobiles,59.09,0,59.09
B01F262EUU,"Samsung Original EHS64 Wired in Ear Earphones with Mic, Black",SAMSUNG Galaxy A23 (Black 128 GB),SAMSUNG,mobiles,59.09,0,59.09
B01F262EUU,"Samsung Original EHS64 Wired in Ear Earphones with Mic, Black",SAMSUNG Galaxy A13 (Black 128 GB),SAMSUNG,mobiles,59.09,0,59.09
B09SDDQQKP,"INALSA Vaccum Cleaner Handheld 800W High Powerful Motor- Dura Clean with HEPA Filtration & Strong Powerful 16KPA Suction| Lightweight, Compact & Durable Body|Includes Multiple Accessories,(Grey/Black)",Micromax X708 Black grey,Micromax,mobiles,58.82,0,58.82
B07J9KXQCC,"Libra Room Heater for Home, Room Heaters Home for Winter, Electric Heater with 2000 Watts Power as per IS Specification for Small to Medium Rooms - FH12 (Grey)",REDMI 9 Power (Electric Green 64 GB),REDMI,mobiles,58.33,0,58.33
B083T5G5PM,Sennheiser CX 80S in-Ear Wired Headphones with in-line One-Button Smart Remote with Microphone Black,Sansui 109 cm (43 inch) Full HD LED Smart Android TV with Voice Search Smart Remote (Midnight Black) (...,Sansui,tv,58.24,0,58.24
B07GWTWFS2,"KENT 16025 Sandwich Grill 700W | Non-Toxic Ceramic Coating | Automatic Temperature Cut-off with LED Indicator | Adjustable Height Control, Metallic Silver, Standard",LG 7 kg Fully Automatic Top Load Silver,LG,washing_machine,58.18,0,58.18
B07YTNKVJQ,MI Xiaomi USB Type C HYperCharge Cable 6A 100cm Sturdy and Durable Black Supports 120W HyperCharging,Xiaomi 11i Hypercharge 5G (Purple Mist 128 GB),Xiaomi,mobiles,58.06,0,58.06
B09MM6P76N,7SEVEN® Compatible Lg Smart Tv Remote Suitable for Any LG LED OLED LCD UHD Plasma Android Television and AKB75095303 replacement of Original Lg Tv Remote Control,realme 80 cm (32 inch) Full HD LED Smart Android TV,realme,tv,57.97,0,57.97
B09MM6P76N,7SEVEN® Compatible Lg Smart Tv Remote Suitable for Any LG LED OLED LCD UHD Plasma Android Television and AKB75095303 replacement of Original Lg Tv Remote Control,Nokia 80 cm (32 inch) HD Ready LED Smart Android TV,Nokia,tv,57.97,0,57.97
B098TV3L96,Electvision Remote Control for led Smart tv Compatible with VU Smart Led (Without Voice),Hisense A6H 139 cm (55 inch) Ultra HD (4K) LED Smart Google TV with Hands Free Voice Control Dolby Vi...,Hisense,tv,57.94,0,57.94
B098TV3L96,Electvision Remote Control for led Smart tv Compatible with VU Smart Led (Without Voice),Hisense A6H 189 cm (75 inch) Ultra HD (4K) LED Smart Google TV with Hands Free Voice Control Dolby Vi...,Hisense,tv,57.94,0,57.94
B098TV3L96,Electvision Remote Control for led Smart tv Compatible with VU Smart Led (Without Voice),iFFALCON by TCL K72 139 cm (55 inch) Ultra HD (4K) LED Smart Android TV with Hands Free Voice Control ...,iFFALCON,tv,57.94,0,57.94
B08T8KWNQ9,TE™ Instant Electric Heating Hot and Cold Water Geyser Tap Water with Digital Display (White),markif DIGITAL SMART WATCH WITH SIM CARD SLOT (GOLD) Smartwatch,markif,smart_watch,57.93,0,57.93
B0BDG6QDYD,Activa Heat-Max 2000 Watts Room Heater (White color ) with ABS body,Thomson 10.5/8 kg Washer with Dryer with In-built Heater White,Thomson,washing_machine,57.85,0,57.85
B07ZR4S1G4,Universal Remote Control for All Sony TV for All LCD LED and Bravia TVs Remote,SONY Bravia 108 cm (43 inch) Ultra HD (4K) LED Smart Google TV,SONY,tv,57.85,0,57.85
B07ZR4S1G4,Universal Remote Control for All Sony TV for All LCD LED and Bravia TVs Remote,SONY Bravia 126 cm (50 inch) Ultra HD (4K) LED Smart Google TV,SONY,tv,57.85,0,57.85
B09JS562TP,"Motorola a10 Dual Sim keypad Mobile with 1750 mAh Battery, Expandable Storage Upto 32GB, Wireless FM with Recording - Rose Gold",MOTOROLA g42 (Metallic Rose 64 GB),MOTOROLA,mobiles,57.78,0,57.78
B071VMP1Z4,LRIPL Compatible Sony Bravia LCD/led Remote Works with Almost All Sony led/LCD tv's,SONY Bravia 163.9 cm (65 inch) Ultra HD (4K) LED Smart Google TV with Google TV,SONY,tv,57.78,0,57.78
B071VMP1Z4,LRIPL Compatible Sony Bravia LCD/led Remote Works with Almost All Sony led/LCD tv's,SONY Bravia 138.8 cm (55 inch) Ultra HD (4K) LED Smart Google TV with Google TV,SONY,tv,57.78,0,57.78
B09H39KTTB,Remote Compatible for Samsung LED/LCD Remote Control Works with Samsung LED/LCD TV by Trend Trail,SAMSUNG 7 kg AI Control Wifi Enabled 5 Star Rating Fully Automatic Front Load Grey,SAMSUNG,washing_machine,57.69,0,57.69
B09H39KTTB,Remote Compatible for Samsung LED/LCD Remote Control Works with Samsung LED/LCD TV by Trend Trail,SAMSUNG 386 L Frost Free Double Door 3 Star Convertible Refrigerator  with Curd Maestro,SAMSUNG,refrigerator,57.5,0,57.5
B09H39KTTB,Remote Compatible for Samsung LED/LCD Remote Control Works with Samsung LED/LCD TV by Trend Trail,SAMSUNG 314 l Frost Free Double Door 2 Star Convertible Refrigerator  with with Curd Maestro,SAMSUNG,refrigerator,57.5,0,57.5
B07ZR4S1G4,Universal Remote Control for All Sony TV for All LCD LED and Bravia TVs Remote,SONY Bravia 123 cm (49 inch) Ultra HD (4K) LED Smart Android TV,SONY,tv,57.38,0,57.38
B00HZIOGXW,Crompton IHL 152 1500-Watt Immersion Water Heater with Copper Heating Element (Black),Thomson 10.5/8 kg Washer with Dryer with In-built Heater White,Thomson,washing_machine,57.14,0,57.14
B09MKP344P,"Tecno Spark 8T (Turquoise Cyan, 4GB RAM,64GB Storage) | 50MP AI Camera | 7GB Expandable RAM",Infinix Hot 12 (Turquoise Cyan 64 GB),Infinix,mobiles,57.14,0,57.14
B00GHL8VP2,"USHA 1212 PTC with Adjustable Thermostat Fan Heater (Black/Brown, 1500-Watts).",SAMSUNG 7 kg Fully Automatic Front Load with In-built Heater Black,SAMSUNG,washing_machine,57.14,0,57.14
B00GHL8VP2,"USHA 1212 PTC with Adjustable Thermostat Fan Heater (Black/Brown, 1500-Watts).",SAMSUNG 8 kg Fully Automatic Front Load with In-built Heater Black,SAMSUNG,washing_machine,57.14,0,57.14
B09JS562TP,"Motorola a10 Dual Sim keypad Mobile with 1750 mAh Battery, Expandable Storage Upto 32GB, Wireless FM with Recording - Rose Gold",MOTOROLA ZX Pro 127 cm (50 inch) Ultra HD (4K) LED Smart Android TV with Wireless Gamepad,MOTOROLA,tv,57.14,0,57.14
B07LGT55SJ,"Wayona Usb Nylon Braided Data Sync And Charging Cable For Iphone, Ipad Tablet (Red, Black)",APPLE iPhone 12 5G (Black 64 GB),APPLE,mobiles,57.14,0,57.14
B0BMZ6SY89,!!HANEUL!!1000 Watt/2000-Watt Room Heater!! Fan Heater!!Pure White!!HN-2500!!Made in India!!Thermoset!!,Thomson 10.5/8 kg Washer with Dryer with In-built Heater White,Thomson,washing_machine,56.93,0,56.93
B088ZFJY82,"Elv Aluminium Adjustable Mobile Phone Foldable Holder Tabletop Stand Dock Mount for All Smartphones, Tabs, Kindle, iPad (Moonlight Silver)",SCHN T500 Fitness Smartwatch For all Smartphones Smartwatch,SCHN,smart_watch,56.72,0,56.72
B07Q4QV1DL,"ELV Aluminum Adjustable Mobile Phone Foldable Tabletop Stand Dock Mount for All Smartphones, Tabs, Kindle, iPad (Black)",SCHN T500 Fitness Smartwatch For all Smartphones Smartwatch,SCHN,smart_watch,56.72,0,56.72
B0BMTZ4T1D,!!1000 Watt/2000-Watt Room Heater!! Fan Heater!!Pure White!!HN-2500!!Made in India!!,Thomson 10.5/8 kg Washer with Dryer with In-built Heater White,Thomson,washing_machine,56.67,0,56.67
B09JS562TP,"Motorola a10 Dual Sim keypad Mobile with 1750 mAh Battery, Expandable Storage Upto 32GB, Wireless FM with Recording - Rose Gold",MOTOROLA Revou-Q 127 cm (50 inch) QLED Ultra HD (4K) Smart Android TV with Wireless Gamepad,MOTOROLA,tv,56.59,0,56.59
B08T8KWNQ9,TE™ Instant Electric Heating Hot and Cold Water Geyser Tap Water with Digital Display (White),FitPro SMART T55 CALLING WATCH WITH 44MM BRIGHT DISPLAY AND 2 TYPE OF STRAP Smartwatch,FitPro,smart_watch,56.47,0,56.47
B07XCM6T4N,STRIFF Adjustable Laptop Tabletop Stand Patented Riser Ventilated Portable Foldable Compatible with MacBook Notebook Tablet Tray Desk Table Book with Free Phone Stand (Black),Nothing Phone (1) (Black 256 GB),Nothing,mobiles,56.41,0,56.41
B07XCM6T4N,STRIFF Adjustable Laptop Tabletop Stand Patented Riser Ventilated Portable Foldable Compatible with MacBook Notebook Tablet Tray Desk Table Book with Free Phone Stand (Black),Nothing Phone (1) (Black 128 GB),Nothing,mobiles,56.41,0,56.41
B07XCM6T4N,STRIFF Adjustable Laptop Tabletop Stand Patented Riser Ventilated Portable Foldable Compatible with MacBook Notebook Tablet Tray Desk Table Book with Free Phone Stand (Black),Nothing Phone (1) (Black 256 GB),Nothing,mobiles,56.41,0,56.41
B0746JGVDS,"ELV Car Mount Adjustable Car Phone Holder Universal Long Arm, Windshield for Smartphones - Black",Nothing Phone (1) (Black 256 GB),Nothing,mobiles,56.41,0,56.41
B0B3DV7S9B,"EN LIGNE Adjustable Cell Phone Stand, Foldable Portable Phone Stand Phone Holder for Desk, Desktop Tablet Stand Compatible with Mobile Phone/iPad/Tablet (Black)",Nothing Phone (1) (Black 256 GB),Nothing,mobiles,56.41,0,56.41
B07Q4QV1DL,"ELV Aluminum Adjustable Mobile Phone Foldable Tabletop Stand Dock Mount for All Smartphones, Tabs, Kindle, iPad (Black)",Nothing Phone (1) (Black 256 GB),Nothing,mobiles,56.41,0,56.41
B0926V9CTV,Elv Mobile Phone Mount Tabletop Holder for Phones and Tablets - Black,Nothing Phone (1) (Black 256 GB),Nothing,mobiles,56.41,0,56.41
B0B3DV7S9B,"EN LIGNE Adjustable Cell Phone Stand, Foldable Portable Phone Stand Phone Holder for Desk, Desktop Tablet Stand Compatible with Mobile Phone/iPad/Tablet (Black)",Nothing Phone (1) (Black 128 GB),Nothing,mobiles,56.41,0,56.41
B09YLFHFDW,"Sony WI-C100 Wireless Headphones with Customizable Equalizer for Deep Bass & 25 Hrs Battery, DSEE-Upscale, Splash Proof, 360RA, Fast Pair, in-Ear Bluetooth Headset with mic for Phone Calls (Black)",Nothing Phone (1) (Black 256 GB),Nothing,mobiles,56.41,0,56.41
B0746JGVDS,"ELV Car Mount Adjustable Car Phone Holder Universal Long Arm, Windshield for Smartphones - Black",Nothing Phone (1) (Black 256 GB),Nothing,mobiles,56.41,0,56.41
B0746JGVDS,"ELV Car Mount Adjustable Car Phone Holder Universal Long Arm, Windshield for Smartphones - Black",Nothing Phone (1) (Black 128 GB),Nothing,mobiles,56.41,0,56.41
B0B3DV7S9B,"EN LIGNE Adjustable Cell Phone Stand, Foldable Portable Phone Stand Phone Holder for Desk, Desktop Tablet Stand Compatible with Mobile Phone/iPad/Tablet (Black)",Nothing Phone (1) (Black 256 GB),Nothing,mobiles,56.41,0,56.41
B0926V9CTV,Elv Mobile Phone Mount Tabletop Holder for Phones and Tablets - Black,Nothing Phone (1) (Black 256 GB),Nothing,mobiles,56.41,0,56.41
B09YLFHFDW,"Sony WI-C100 Wireless Headphones with Customizable Equalizer for Deep Bass & 25 Hrs Battery, DSEE-Upscale, Splash Proof, 360RA, Fast Pair, in-Ear Bluetooth Headset with mic for Phone Calls (Black)",Nothing Phone (1) (Black 256 GB),Nothing,mobiles,56.41,0,56.41
B0926V9CTV,Elv Mobile Phone Mount Tabletop Holder for Phones and Tablets - Black,Nothing Phone (1) (Black 128 GB),Nothing,mobiles,56.41,0,56.41
B07Q4QV1DL,"ELV Aluminum Adjustable Mobile Phone Foldable Tabletop Stand Dock Mount for All Smartphones, Tabs, Kindle, iPad (Black)",Nothing Phone (1) (Black 256 GB),Nothing,mobiles,56.41,0,56.41
B0BDG6QDYD,Activa Heat-Max 2000 Watts Room Heater (White color ) with ABS body,MOTOROLA 8 kg Dryer with In-built Heater White,MOTOROLA,washing_machine,56.36,0,56.36
B08VFF6JQ8,Samsung 25W USB Travel Adapter for Cellular Phones - White,SAMSUNG Galaxy S22 Plus 5G (Phantom White 128 GB),SAMSUNG,mobiles,56.31,0,56.31
B09ND94ZRG,"Boult Audio Airbass Propods X TWS Bluetooth Truly Wireless in Ear Earbuds with Mic, 32H Playtime, Fast Charging Type-C, Ipx5 Water Resistant, Touch Controls and Voice Assistant (Red)","boAt Wave Connect with Bluetooth Calling Voice Assistant and 1.69"" HD Display Smartwatch",boAt,smart_watch,56.2,0,56.2
B07GWTWFS2,"KENT 16025 Sandwich Grill 700W | Non-Toxic Ceramic Coating | Automatic Temperature Cut-off with LED Indicator | Adjustable Height Control, Metallic Silver, Standard",LG 9 kg Fully Automatic Front Load Silver,LG,washing_machine,56.14,0,56.14
B07GWTWFS2,"KENT 16025 Sandwich Grill 700W | Non-Toxic Ceramic Coating | Automatic Temperature Cut-off with LED Indicator | Adjustable Height Control, Metallic Silver, Standard",LG 8 kg Fully Automatic Front Load Silver,LG,washing_machine,56.14,0,56.14
B078W65FJ7,boAt BassHeads 900 On-Ear Wired Headphones with Mic (White),Thomson 10.5/8 kg Washer with Dryer with In-built Heater White,Thomson,washing_machine,56.14,0,56.14
B081RLM75M,LACOPINE Mini Pocket Size Lint Roller (White),REDMI NOTE 10 LITE (Glacier White 128 GB),REDMI,mobiles,56.1,0,56.1
B071VMP1Z4,LRIPL Compatible Sony Bravia LCD/led Remote Works with Almost All Sony led/LCD tv's,SONY Bravia 80 cm (32 inch) HD Ready LED Smart Linux based TV,SONY,tv,55.81,0,55.81
B07DL1KC3H,Isoelite Remote Compatible for Samsung LED/LCD Remote Control Works with All Samsung LED/LCD TV Model No :- BN59-607A (Please Match The Image with Your Old Remote),SAMSUNG 80 cm (32 Inch) HD Ready LED Smart Tizen TV with 2022 Model,SAMSUNG,tv,55.56,0,55.56
B0832W3B7Q,Pigeon By Stovekraft ABS Plastic Acer Plus Induction Cooktop 1800 Watts With Feather Touch Control - Black,BOSCH 8 kg INVERTER TOUCH CONTROL Fully Automatic Front Load with In-built Heater White,BOSCH,washing_machine,55.5,0,55.5
B018SJJ0GE,Libra Roti Maker Electric Automatic | chapati Maker Electric Automatic | roti Maker Machine with 900 Watts for Making Roti/Chapati/Parathas - Stainless Steel,White Westinghouse (Trademark by Electrolux) 10.5 kg Fully Automatic Front Load with In-built Heater W...,White,washing_machine,55.45,0,55.45
B085CZ3SR1,Mi 10W Wall Charger for Mobile Phones with Micro USB Cable (Black),Gazzet 4G A1 Black for android mobile Smartwatch,Gazzet,smart_watch,55.36,0,55.36
B08T8KWNQ9,TE™ Instant Electric Heating Hot and Cold Water Geyser Tap Water with Digital Display (White),Thomson 10.5/8 kg Washer with Dryer with In-built Heater White,Thomson,washing_machine,55.32,0,55.32
B018SJJ0GE,Libra Roti Maker Electric Automatic | chapati Maker Electric Automatic | roti Maker Machine with 900 Watts for Making Roti/Chapati/Parathas - Stainless Steel,LG 7 kg Steam Fully Automatic Front Load with In-built Heater Silver,LG,washing_machine,55.29,0,55.29
B018SJJ0GE,Libra Roti Maker Electric Automatic | chapati Maker Electric Automatic | roti Maker Machine with 900 Watts for Making Roti/Chapati/Parathas - Stainless Steel,LG 8 kg With Steam Fully Automatic Front Load with In-built Heater Silver,LG,washing_machine,55.29,0,55.29
B08XMSKKMM,7SEVEN® Bluetooth Voice Command Remote for Xiaomi Redmi Mi Smart TV with Netflix & Prime Video Hot Keys XMRM-00A,Sansui 109 cm (43 inch) Full HD LED Smart Android TV with Voice Search Smart Remote (Midnight Black) (...,Sansui,tv,55.28,0,55.28
B00HZIOGXW,Crompton IHL 152 1500-Watt Immersion Water Heater with Copper Heating Element (Black),LG 10.5/7 kg Inverter Wi-Fi with with Allergy care Washer with Dryer with In-built Heater Black,LG,washing_machine,55.21,0,55.21
B00ABMASXG,"Bajaj Immersion Rod Water Heater 1500 Watts, Silver",IFB 7 kg 5 Star Aqua EnergieHard Water Wash Fully Automatic Front Load with In-built Heater Silver,IFB,washing_machine,55.07,0,55.07
B00ABMASXG,"Bajaj Immersion Rod Water Heater 1500 Watts, Silver",IFB 9 kg 5 Star 2X Power SteamHard Water Wash Fully Automatic Front Load with In-built Heater Silver,IFB,washing_machine,55.07,0,55.07
B07DJ5KYDZ,Lenovo GX20L29764 65W Laptop Adapter/Charger with Power Cord for Select Models of Lenovo (Round pin) (Black),POCO M4 Pro (Power Black 64 GB),POCO,mobiles,55.0,0,55.0
